,position (um),Lar intensity,Abi intensity
0,0.0,80.0149,16.6954
1,0.0689,82.1059,14.4496
2,0.1378,67.8764,13.6347
3,0.2067,59.7865,13.0565
4,0.2756,47.3007,11.1271
5,0.3445,41.5465,10.3586
6,0.4134,37.0489,8.9868
7,0.4823,30.9608,7.443
8,0.5512,27.985,7.6316
9,0.6201,29.432,8.7256
10,0.6889,30.8127,8.2293
11,0.7578,34.3289,10.3959
12,0.8267,39.8212,9.8697
13,0.8956,38.6488,9.2477
14,0.9645,35.3839,7.1571
15,1.0334,29.0774,5.8121
16,1.1023,26.6878,5.4175
17,1.1712,27.1624,5.2999
18,1.2401,24.2608,5.4061
19,1.309,21.7905,5.6779
20,1.3779,16.284,4.382
21,1.4468,15.692,3.0886
22,1.5157,13.3056,3.3973
23,1.5846,11.2371,3.0556
24,1.6535,9.8201,3.2501
25,1.7224,10.017,4.03
26,1.7913,12.4002,3.0354
27,1.8602,9.7427,4.2536
28,1.929,6.9853,3.7997
29,1.9979,6.2778,2.4997
30,2.0668,5.415,2.6849
31,2.1357,7.0928,3.062
32,2.2046,11.1451,3.569
33,2.2735,11.2571,3.5168
34,2.3424,9.4663,3.6784
35,2.4113,9.6572,2.8226
36,2.4802,9.0858,2.6585
37,2.5491,10.3097,3.6041
38,2.618,7.9802,3.3105
39,2.6869,8.5896,3.1907
40,2.7558,9.1611,3.714
41,2.8247,11.7261,5.2068
42,2.8936,18.928,5.4529
43,2.9625,26.4799,4.8078
44,3.0314,37.0438,6.7717
45,3.1003,55.4031,8.3551
46,3.1691,60.3898,8.4741
47,3.238,56.4372,6.543
48,3.3069,43.3026,6.218
49,3.3758,27.826,5.6172
50,3.4447,21.6221,5.9335
51,3.5136,15.7555,5.2344
52,3.5825,12.0018,4.1876
53,3.6514,27.2817,3.7532
54,3.7203,30.0746,4.0631
55,3.7892,29.8485,4.8696
56,3.8581,29.819,4.5456
57,3.927,30.0435,4.4924
58,3.9959,30.5466,5.7715
59,4.0648,26.4465,5.9654
60,4.1337,24.8821,5.917
61,4.2026,25.3598,6.4621
62,4.2715,29.4583,6.2933
63,4.3404,36.713,7.0833
64,4.4092,42.6238,7.3705
65,4.4781,42.9668,7.399
66,4.547,40.1798,6.2769
67,4.6159,35.3411,4.4456
68,4.6848,30.5378,5.2726
69,4.7537,23.6935,4.9339
70,4.8226,21.391,4.7144
71,4.8915,17.3994,4.6115
72,4.9604,12.4462,4.5968
73,5.0293,11.011,5.2548
74,5.0982,10.6039,4.8431
75,5.1671,11.8508,5.6705
76,5.236,12.8688,4.3775
77,5.3049,13.362,4.4151
78,5.3738,18.1048,5.8364
79,5.4427,20.383,6.8771
80,5.5116,20.7985,7.4972
81,5.5805,20.868,5.6738
82,5.6493,17.9706,5.8631
83,5.7182,11.1524,4.9346
84,5.7871,8.3181,4.9826
85,5.856,7.9773,4.3673
86,5.9249,10.4548,3.2385
87,5.9938,11.1606,3.3938
88,6.0627,9.7034,3.0532
89,6.1316,9.3395,2.6289
90,6.2005,8.5177,3.0803
91,6.2694,8.5817,3.6636
92,6.3383,11.6242,4.1819
93,6.4072,17.6085,4.5483
94,6.4761,23.0016,6.0291
95,6.545,27.4463,7.7049
96,6.6139,32.4214,8.844
97,6.6828,35.9552,10.481
98,6.7517,43.3015,11.2081
99,6.8206,57.084,11.4179
100,6.8894,73.6118,12.7237
101,6.9583,79.0192,12.4073
102,7.0272,60.565,10.2293
103,7.0961,33.7358,8.0766
104,7.165,19.3622,5.8394
105,7.2339,16.4634,3.9384
106,7.3028,14.4048,3.3187
107,7.3717,12.4794,2.8862
108,7.4406,11.0545,2.6036
109,7.5095,10.1605,2.5165
110,7.5784,8.8595,3.6578
111,7.6473,7.269,3.5547
112,7.7162,7.9634,2.9877
113,7.7851,9.4318,4.5303
114,7.854,8.0896,4.8104
115,7.9229,9.5367,5.0296
116,7.9918,13.3531,4.4434
117,8.0607,16.8591,4.068
118,8.1296,19.2561,3.6535
119,8.1984,23.5385,4.4261
120,8.2673,23.7203,4.4429
121,8.3362,31.1742,3.4733
122,8.4051,37.9907,4.4576
123,8.474,35.7839,4.6071
124,8.5429,24.2075,3.1687
125,8.6118,14.8155,3.5245
126,8.6807,11.3663,2.9892
127,8.7496,7.6787,4.2278
128,8.8185,5.5064,5.1859
129,8.8874,6.3172,4.0405
130,8.9563,10.0102,3.8282
131,9.0252,11.1308,3.9276
132,9.0941,20.3484,3.8973
133,9.163,33.8619,5.0997
134,9.2319,46.2738,5.2428
135,9.3008,45.2532,5.165
136,9.3697,45.1465,6.5803
137,9.4385,55.5748,7.5949
138,9.5074,72.8397,10.4995
139,9.5763,74.0191,10.9333
140,9.6452,58.4967,10.5078
141,9.7141,41.4764,9.4668
142,9.783,21.8984,7.4939
143,9.8519,16.8745,6.3715
144,9.9208,13.8114,5.8088
145,9.9897,10.8399,5.2608
146,10.0586,9.8152,4.4935
147,10.1275,9.5837,4.1906
148,10.1964,10.6021,3.3052
149,10.2653,14.1692,3.8093
150,10.3342,17.8208,4.587
151,10.4031,20.266,4.1798
152,10.472,19.7523,4.0868
153,10.5409,22.1116,5.5894
154,10.6098,30.4503,6.3142
155,10.6786,38.5644,8.9314
156,10.7475,49.4427,8.8452
157,10.8164,52.3496,10.9807
158,10.8853,43.5429,11.0875
159,10.9542,34.6872,9.0765
160,11.0231,25.2516,8.446
161,11.092,18.6734,8.279
162,11.1609,14.5112,5.8218
163,11.2298,14.4883,5.1253
164,11.2987,12.2195,4.5124
165,11.3676,12.7532,5.5839
166,11.4365,12.3788,6.253
167,11.5054,10.8595,8.1147
168,11.5743,10.9809,7.3707
169,11.6432,11.985,6.516
170,11.7121,12.9858,5.2698
171,11.781,16.1456,5.9803
172,11.8499,20.9483,7.9099
173,11.9187,22.5061,7.9166
174,11.9876,22.0308,7.9288
175,12.0565,27.6144,7.0633
176,12.1254,30.7392,7.1959
177,12.1943,27.6985,6.6012
178,12.2632,24.4924,6.7114
179,12.3321,21.5111,5.7937
180,12.401,26.5136,5.925
181,12.4699,36.67,6.6947
182,12.5388,46.5084,7.7253
183,12.6077,39.8263,7.8435
184,12.6766,24.8902,5.9672
185,12.7455,13.5707,4.8452
186,12.8144,9.0878,5.3011
187,12.8833,6.8031,4.0543
188,12.9522,7.4271,4.3908
189,13.0211,3.935,3.1927
190,13.09,5.5505,2.5879
191,13.1588,7.3946,2.4954
192,13.2277,7.9657,3.4535
193,13.2966,7.4982,3.1765
194,13.3655,8.1013,3.6002
195,13.4344,8.1955,3.3848
196,13.5033,6.6899,2.1137
197,13.5722,7.0222,2.8502
198,13.6411,7.581,2.88
199,13.71,5.2554,3.3735
200,13.7789,4.1055,3.7608
201,13.8478,4.9121,3.6892
202,13.9167,5.1876,3.3759
203,13.9856,6.4565,2.6306
204,14.0545,7.1906,2.8304
205,14.1234,7.1198,3.535
206,14.1923,9.9849,4.1401
207,14.2612,11.1045,4.8282
208,14.3301,13.1446,4.8747
209,14.3989,15.6461,5.4497
210,14.4678,18.6122,5.8492
211,14.5367,19.5235,5.6089
212,14.6056,20.041,6.0767
213,14.6745,18.4562,7.1018
214,14.7434,21.5924,8.2668
215,14.8123,25.6856,7.9149
216,14.8812,31.9814,8.7965
217,14.9501,41.3861,10.8864
218,15.019,56.2417,11.2294
219,15.0879,66.0033,11.3606
220,15.1568,68.5032,11.7569
221,15.2257,63.5559,9.2811
222,15.2946,49.724,9.1741
223,15.3635,36.4776,8.1281
224,15.4324,32.0598,5.9723
225,15.5013,29.6186,5.9338
226,15.5702,24.6177,6.7322
227,15.6391,23.3753,5.8964
228,15.7079,21.518,5.2746
229,15.7768,18.8272,6.6258
230,15.8457,17.3627,5.4422
231,15.9146,16.6161,4.7656
232,15.9835,16.4535,5.1248
233,16.0524,18.2922,5.1065
234,16.1213,17.1101,4.3194
235,16.1902,14.8516,5.7891
236,16.2591,12.6008,4.2861
237,16.328,13.3908,5.19
238,16.3969,16.1817,6.6592
239,16.4658,17.1045,6.3833
240,16.5347,21.5177,7.2872
241,16.6036,24.6622,7.8789
242,16.6725,22.3476,9.4681
243,16.7414,24.5401,9.6556
244,16.8103,27.5654,7.2293
245,16.8792,23.0326,7.2928
246,16.948,17.9766,6.5976
247,17.0169,15.0488,5.872
248,17.0858,10.6274,5.5446
249,17.1547,8.1425,5.2188
250,17.2236,7.3076,5.1862
251,17.2925,7.9877,6.8772
252,17.3614,8.066,6.0583
253,17.4303,7.3043,5.6233
254,17.4992,7.282,5.8467
255,17.5681,8.6916,4.9156
256,17.637,10.5309,4.9085
257,17.7059,11.7887,3.7109
258,17.7748,11.6348,3.4321
259,17.8437,9.4769,3.3899
260,17.9126,7.1292,3.8192
261,17.9815,7.7208,3.3993
262,18.0504,11.184,4.5755
263,18.1193,15.1817,5.442
264,18.1881,22.267,4.8773
265,18.257,31.2899,4.6356
266,18.3259,36.8776,6.0548
267,18.3948,40.2833,8.2627
268,18.4637,40.9132,8.5868
269,18.5326,32.5496,7.9889
270,18.6015,25.3506,6.7128
271,18.6704,17.9634,5.1101
272,18.7393,12.9321,4.8843
273,18.8082,9.8732,4.6657
274,18.8771,13.1888,5.0771
275,18.946,15.3629,5.8948
276,19.0149,17.4626,5.9099
277,19.0838,23.4314,5.624
278,19.1527,27.0819,5.8938
279,19.2216,29.5631,6.2984
280,19.2905,26.3207,6.0443
281,19.3594,25.6349,5.6179
282,19.4282,20.8088,6.9377
283,19.4971,22.5184,7.5874
284,19.566,26.1566,8.6396
285,19.6349,28.7753,8.372
286,19.7038,31.4014,8.5975
287,19.7727,33.1936,8.6638
288,19.8416,36.5133,9.6445
289,19.9105,29.984,8.5813
290,19.9794,27.8264,8.6843
291,20.0483,24.7364,7.8105
292,20.1172,22.3509,7.7244
293,20.1861,24.152,8.4569
294,20.255,27.7597,7.7796
295,20.3239,29.1158,6.2505
296,20.3928,25.1642,5.2569
297,20.4617,19.9062,5.7246
298,20.5306,22.101,6.2551
299,20.5995,31.9096,5.5152
300,20.6683,37.5362,7.68
301,20.7372,43.7313,8.6161
302,20.8061,48.2713,8.543
303,20.875,32.2501,9.107
304,20.9439,25.5013,6.9285
305,21.0128,14.7339,4.8411
306,21.0817,12.6874,3.8526
307,21.1506,8.5198,3.427
308,21.2195,6.6944,3.9627
309,21.2884,7.0063,4.2333
310,21.3573,5.6579,4.4541
311,21.4262,4.6821,3.8695
312,21.4951,6.9097,3.7162
313,21.564,11.2353,3.804
314,21.6329,16.2743,3.7361
315,21.7018,17.3266,3.8311
316,21.7707,17.8735,4.6699
317,21.8396,18.4309,5.2419
318,21.9084,16.8523,4.5149
319,21.9773,13.6737,4.725
320,22.0462,9.1238,5.053
321,22.1151,7.1,5.0294
322,22.184,4.5486,3.7592
323,22.2529,5.1186,3.9985
324,22.3218,6.3305,3.7776
325,22.3907,7.4595,3.566
326,22.4596,7.9935,3.4199
327,22.5285,7.8045,3.9306
328,22.5974,8.1795,4.255
329,22.6663,8.5705,3.7609
330,22.7352,10.8288,3.968
331,22.8041,18.003,4.1209
332,22.873,25.0559,5.6274
333,22.9419,30.2674,7.1128
334,23.0108,32.6395,8.5647
335,23.0797,25.9373,7.9899
336,23.1486,18.273,7.2164
337,23.2174,14.2132,6.0027
338,23.2863,14.2794,6.1009
339,23.3552,19.8582,5.1232
340,23.4241,25.8702,4.5969
341,23.493,28.3703,4.8973
342,23.5619,31.3885,3.7065
343,23.6308,29.4498,5.1428
344,23.6997,23.1551,4.7234
345,23.7686,17.0311,4.1126
346,23.8375,18.5172,4.483
347,23.9064,18.8671,5.1931
348,23.9753,21.7325,5.4064
349,24.0442,26.6954,6.2411
350,24.1131,33.1362,8.2109
351,24.182,46.0316,9.4831
352,24.2509,55.2651,11.4394
353,24.3198,59.0572,13.4624
354,24.3887,49.497,12.3722
355,24.4575,35.3125,10.2797
356,24.5264,24.3677,8.4288
357,24.5953,16.8401,7.3356
358,24.6642,18.2501,7.2962
359,24.7331,17.2703,5.8778
360,24.802,27.0556,7.2964
361,24.8709,39.3582,7.6577
362,24.9398,55.874,10.6235
363,25.0087,70.8583,14.0411
364,25.0776,81.7432,16.7834
365,25.1465,90.2773,18.6883
366,25.2154,89.3795,19.3587
367,25.2843,76.9659,15.7335
368,25.3532,57.9349,12.7305
369,25.4221,37.4726,9.5262
370,25.491,30.528,7.752
371,25.5599,36.8293,10.7481
372,25.6288,45.7287,13.5529
373,25.6976,57.6301,12.9599
374,25.7665,60.6036,12.3263
375,25.8354,57.5263,11.375
376,25.9043,44.8898,8.9891
377,25.9732,45.6833,7.5279
378,26.0421,47.0211,7.3226
379,26.111,47.1905,6.6912
380,26.1799,37.4038,6.5863
381,26.2488,27.9976,5.2574
382,26.3177,22.8489,5.0931
383,26.3866,17.9053,5.6299
384,26.4555,19.3368,5.0141
385,26.5244,24.4771,5.2406
386,26.5933,29.8819,4.8484
387,26.6622,30.3698,5.5807
388,26.7311,20.4851,5.4538
389,26.8,10.9968,4.203
390,26.8689,9.1206,4.4767
391,26.9377,10.2727,4.2302
392,27.0066,11.5357,3.889
393,27.0755,15.5168,4.2259
394,27.1444,18.9168,4.8706
395,27.2133,19.2316,4.8215
396,27.2822,20.1151,4.9026
397,27.3511,17.0442,6.2423
398,27.42,15.1852,5.6748
399,27.4889,11.8282,5.3308
400,27.5578,10.7326,5.8153
401,27.6267,11.0094,5.6694
402,27.6956,9.0626,5.4714
403,27.7645,8.3989,5.8733
404,27.8334,7.4164,5.9045
405,27.9023,7.0119,4.9446
406,27.9712,4.379,4.4756
407,28.0401,3.2574,3.9427
408,28.109,3.5264,4.7501
409,28.1778,5.577,4.8276
410,28.2467,5.8981,4.5331
411,28.3156,7.3213,5.737
412,28.3845,11.3079,5.4199
413,28.4534,12.8963,6.5196
414,28.5223,12.301,7.6416
415,28.5912,11.0289,7.3049
416,28.6601,9.6269,5.9506
417,28.729,9.7094,6.4016
418,28.7979,11.2156,7.0468
419,28.8668,10.3973,5.1612
420,28.9357,11.5705,5.6276
421,29.0046,13.2962,5.6075
422,29.0735,14.685,6.2898
423,29.1424,19.7867,7.7733
424,29.2113,24.3815,7.3795
425,29.2802,23.14,7.6762
426,29.3491,19.4404,5.891
427,29.4179,14.8029,4.8984
428,29.4868,10.366,4.4199
429,29.5557,11.5153,4.3755
430,29.6246,12.7322,4.092
431,29.6935,15.3483,4.4029
432,29.7624,17.1224,4.7489
433,29.8313,11.8984,4.7079
434,29.9002,7.3456,5.1635
435,29.9691,6.1601,4.5692
436,30.038,6.0782,4.8943
437,30.1069,10.6899,5.4648
438,30.1758,17.3469,4.0535
439,30.2447,16.017,4.669
440,30.3136,16.1696,5.0526
441,30.3825,14.1672,4.6982
442,30.4514,10.6212,5.3658
443,30.5203,9.6986,5.0846
444,30.5892,7.1214,4.3365
445,30.6581,4.5161,4.2249
446,30.7269,4.4427,4.9874
447,30.7958,4.2775,4.7014
448,30.8647,5.4124,3.9882
449,30.9336,8.1606,4.6326
450,31.0025,12.2758,4.8293
451,31.0714,14.7142,6.2218
452,31.1403,14.4434,5.4112
453,31.2092,16.6023,5.8587
454,31.2781,14.9472,7.5027
455,31.347,14.8095,6.2793
456,31.4159,15.4195,5.8677
457,31.4848,18.2532,6.2662
458,31.5537,21.6786,6.4595
459,31.6226,22.7606,7.0488
460,31.6915,22.8603,7.3779
461,31.7604,23.9016,7.1165
462,31.8293,20.6735,6.3778
463,31.8982,14.5142,3.5877
464,31.967,12.3564,3.6814
465,32.0359,16.4079,4.4174
466,32.1048,24.2819,4.7373
467,32.1737,30.7149,5.9301
468,32.2426,32.6397,7.2682
469,32.3115,30.7536,7.3339
470,32.3804,24.6851,7.9307
471,32.4493,23.4642,6.6015
472,32.5182,20.7402,6.1172
473,32.5871,22.4331,6.7436
474,32.656,31.1545,7.292
475,32.7249,41.8944,7.6842
476,32.7938,51.8863,8.6766
477,32.8627,61.3116,10.9252
478,32.9316,72.0309,12.8578
479,33.0005,74.2837,14.1971
480,33.0694,77.4075,16.0408
481,33.1383,68.244,16.8153
482,33.2071,50.2468,12.9442
483,33.276,27.7149,9.8677
484,33.3449,17.4135,7.0737
485,33.4138,11.4792,5.7
486,33.4827,9.6187,4.5146
487,33.5516,7.4561,5.2936
488,33.6205,9.5532,5.8439
489,33.6894,10.4811,4.535
490,33.7583,10.2478,4.3345
491,33.8272,11.4131,5.8385
492,33.8961,13.6558,5.9883
493,33.965,17.188,6.1532
494,34.0339,18.6392,5.9952
495,34.1028,20.6383,6.7917
496,34.1717,18.1993,6.2229
497,34.2406,17.3882,5.7725
498,34.3095,17.4504,5.9731
499,34.3784,25.6932,6.7808
500,34.4472,37.4091,7.9413
501,34.5161,44.0585,10.3228
502,34.585,43.8713,10.6915
503,34.6539,34.4658,9.8416
504,34.7228,19.5667,7.274
505,34.7917,13.7387,5.681
506,34.8606,10.3805,5.5602
507,34.9295,8.5753,4.7823
508,34.9984,7.0337,3.3801
509,35.0673,11.2603,3.3567
510,35.1362,10.0541,2.8653
511,35.2051,8.9723,3.6464
512,35.274,9.8341,3.0503
513,35.3429,9.955,3.4405
514,35.4118,7.8067,3.1193
515,35.4807,7.3553,2.8994
516,35.5496,4.057,3.4366
517,35.6185,3.0542,3.1366
518,35.6873,4.1582,3.6178
519,35.7562,5.7628,3.8829
520,35.8251,7.6895,4.5837
521,35.894,9.4683,3.8249
522,35.9629,10.2828,3.6928
523,36.0318,10.8532,4.0433
524,36.1007,9.6142,4.7538
525,36.1696,9.0189,4.456
526,36.2385,7.7903,5.1174
527,36.3074,7.7936,4.1573
528,36.3763,6.9746,4.7005
529,36.4452,6.509,3.877
530,36.5141,4.7326,3.2196
531,36.583,4.0654,3.2435
532,36.6519,6.0196,3.1896
533,36.7208,6.6003,3.8801
534,36.7897,6.1802,3.7072
535,36.8586,5.9767,3.2427
536,36.9274,9.1837,3.3144
537,36.9963,15.6896,4.1828
538,37.0652,25.5114,5.8205
539,37.1341,34.4463,6.7121
540,37.203,39.8391,7.7184
541,37.2719,38.6008,7.3053
542,37.3408,34.4921,8.3609
543,37.4097,35.2205,8.339
544,37.4786,40.715,9.5427
545,37.5475,38.5608,7.7635
546,37.6164,31.6655,6.593
547,37.6853,24.5002,6.1364
548,37.7542,20.783,4.9705
549,37.8231,19.5017,5.2149
550,37.892,19.2723,5.7615
551,37.9609,21.0053,5.979
552,38.0298,17.9707,7.5915
553,38.0987,22.2684,7.2413
554,38.1675,20.1861,8.0984
555,38.2364,19.3653,8.5142
556,38.3053,21.5267,8.3557
557,38.3742,29.4814,6.5827
558,38.4431,31.1378,4.7534
559,38.512,28.9001,4.6258
560,38.5809,27.9493,6.2455
561,38.6498,22.9433,6.6736
562,38.7187,20.1031,5.5695
563,38.7876,19.884,6.8528
564,38.8565,21.885,6.69
565,38.9254,19.5962,5.8789
566,38.9943,13.9932,5.9866
567,39.0632,10.1493,4.9588
568,39.1321,7.7533,3.962
569,39.201,5.3557,3.65
570,39.2699,4.2699,2.9344
571,39.3388,3.7064,3.6311
572,39.4076,5.4356,3.5474
573,39.4765,7.6662,3.6693
574,39.5454,13.3342,3.767
575,39.6143,16.48,4.6784
576,39.6832,19.4632,5.8501
577,39.7521,20.9029,6.6002
578,39.821,19.5882,6.9516
579,39.8899,18.2301,7.836
580,39.9588,16.934,6.9547
581,40.0277,18.8821,7.3295
582,40.0966,24.403,8.4242
583,40.1655,32.5815,10.7237
584,40.2344,37.5155,11.239
585,40.3033,26.4779,9.416
586,40.3722,23.316,7.4455
587,40.4411,20.1424,6.374
588,40.51,26.7158,6.9708
589,40.5789,32.1329,8.5717
590,40.6478,37.2819,9.5085
591,40.7166,37.3266,9.9967
592,40.7855,29.2292,8.1584
593,40.8544,19.3494,7.3973
594,40.9233,12.0301,6.5811
595,40.9922,8.4711,4.788
596,41.0611,8.3235,2.8879
597,41.13,9.2436,4.3086
598,41.1989,7.2459,4.5173
599,41.2678,6.5803,4.7368
600,41.3367,6.0121,3.9272
601,41.4056,6.8312,3.1529
602,41.4745,9.3803,2.525
603,41.5434,8.5035,3.3112
604,41.6123,11.8878,4.2771
605,41.6812,15.2176,5.2626
606,41.7501,15.8661,3.5678
607,41.819,15.923,3.7778
608,41.8879,17.0586,3.0513
609,41.9567,17.7899,5.0416
610,42.0256,26.217,6.2085
611,42.0945,35.6747,8.69
612,42.1634,46.0278,10.2504
613,42.2323,57.0683,13.6675
614,42.3012,66.0182,15.2816
615,42.3701,62.468,14.349
616,42.439,54.055,12.0914
617,42.5079,50.1184,12.4367
618,42.5768,60.9236,12.164
619,42.6457,69.6327,15.5191
620,42.7146,61.0724,14.705
621,42.7835,56.345,13.2282
622,42.8524,51.0354,11.7788
623,42.9213,47.1072,12.6577
624,42.9902,46.6921,10.9544
625,43.0591,40.4549,8.1959
626,43.128,30.1588,6.6561
627,43.1968,21.8989,6.7338
628,43.2657,16.5463,6.2683
629,43.3346,16.9104,6.5943
630,43.4035,15.9698,5.7185
631,43.4724,16.0085,6.217
632,43.5413,26.61,6.7221
633,43.6102,32.9992,6.2826
634,43.6791,41.4358,6.8966
635,43.748,41.4851,6.6557
636,43.8169,31.347,7.3263
637,43.8858,21.3553,6.7943
638,43.9547,20.4342,5.0202
639,44.0236,19.4795,6.4022
640,44.0925,19.7712,4.9429
641,44.1614,17.4168,5.3303
642,44.2303,18.4562,5.3276
643,44.2992,16.0096,5.0245
644,44.3681,15.0158,5.3217
645,44.437,12.4459,5.1283
646,44.5058,11.8891,5.3292
647,44.5747,12.5228,5.0632
648,44.6436,13.3008,5.2572
649,44.7125,14.6712,7.6655
650,44.7814,18.1371,6.977
651,44.8503,20.0003,7.4448
652,44.9192,19.4842,7.6914
653,44.9881,19.459,6.9037
654,45.057,13.7856,7.0781
655,45.1259,15.1791,7.4103
656,45.1948,13.7876,8.0229
657,45.2637,13.3092,6.9755
658,45.3326,10.4419,6.0066
659,45.4015,13.7922,6.1102
660,45.4704,14.9674,6.2363
661,45.5393,21.2734,6.1512
662,45.6082,27.6967,5.88
663,45.6771,27.5889,7.0564
664,45.7459,32.1226,6.2546
665,45.8148,37.1459,8.0164
666,45.8837,41.6245,10.1399
667,45.9526,51.8454,12.6774
668,46.0215,44.4396,13.8843
669,46.0904,36.1756,15.9104
670,46.1593,27.1519,12.4195
671,46.2282,17.7964,8.9248
672,46.2971,17.4269,6.3752
673,46.366,15.7671,4.3235
674,46.4349,14.9175,3.9823
675,46.5038,12.2738,2.8844
676,46.5727,12.0115,2.5869
677,46.6416,9.4703,2.5052
938,0.0,23.363,8.3862
939,0.0689,29.098,8.1173
940,0.1378,30.765,7.9081
941,0.2067,36.468,10.0896
942,0.2756,32.395,10.4542
943,0.3445,25.307,9.9488
944,0.4134,18.529,6.4186
945,0.4823,14.506,5.0004
946,0.5512,13.907,4.913
947,0.6201,9.303,4.3461
948,0.6889,6.136,5.1359
949,0.7578,5.083,4.9975
950,0.8267,6.972,4.6137
951,0.8956,6.862,4.9465
952,0.9645,8.37,3.9403
953,1.0334,10.461,3.9091
954,1.1023,12.635,4.6186
955,1.1712,13.12,4.7956
956,1.2401,13.689,5.6903
957,1.309,14.013,5.107
958,1.3779,14.21,5.1081
959,1.4468,15.623,5.8494
960,1.5157,12.25,5.2679
961,1.5846,10.783,3.9455
962,1.6535,8.124,2.9661
963,1.7224,9.118,3.4395
964,1.7913,8.28,3.1457
965,1.8602,8.841,4.0202
966,1.929,9.8,4.6558
967,1.9979,13.683,7.1086
968,2.0668,16.415,7.7809
969,2.1357,18.433,9.1484
970,2.2046,13.03,8.3632
971,2.2735,13.527,6.5815
972,2.3424,8.947,4.9612
973,2.4113,6.368,4.9418
974,2.4802,7.865,4.9441
975,2.5491,7.744,5.7229
976,2.618,9.24,5.3154
977,2.6869,15.044,7.3933
978,2.7558,19.526,6.5503
979,2.8247,15.505,5.1311
980,2.8936,10.081,4.7742
981,2.9625,6.132,3.2376
982,3.0314,5.608,4.5715
983,3.1003,10.353,4.9147
984,3.1691,10.983,5.8879
985,3.238,16.215,6.5052
986,3.3069,15.358,5.7014
987,3.3758,19.647,6.1062
988,3.4447,25.746,6.4452
989,3.5136,33.686,7.4569
990,3.5825,52.327,12.26
991,3.6514,70.648,14.6467
992,3.7203,82.128,18.1864
993,3.7892,91.348,20.7283
994,3.8581,86.366,19.7087
995,3.927,75.26,17.0615
996,3.9959,61.77,15.0696
997,4.0648,56.184,12.2088
998,4.1337,46.406,9.2814
999,4.2026,28.928,7.4613
1000,4.2715,18.635,7.3144
1001,4.3404,16.207,6.4616
1002,4.4092,17.068,7.0572
1003,4.4781,18.794,8.0147
1004,4.547,19.402,7.8825
1005,4.6159,19.735,7.1528
1006,4.6848,21.377,6.0755
1007,4.7537,20.953,6.1429
1008,4.8226,17.725,5.487
1009,4.8915,15.636,4.8658
1010,4.9604,13.102,4.4288
1011,5.0293,9.214,4.5784
1012,5.0982,5.574,3.9479
1013,5.1671,8.833,4.2564
1014,5.236,11.589,4.1997
1015,5.3049,16.801,4.3251
1016,5.3738,20.688,5.4414
1017,5.4427,20.698,5.4462
1018,5.5116,22.154,5.1038
1019,5.5805,21.662,5.1403
1020,5.6493,22.287,5.6717
1021,5.7182,22.128,5.5853
1022,5.7871,22.09,6.8525
1023,5.856,24.868,7.0828
1024,5.9249,24.856,10.6845
1025,5.9938,23.637,10.1339
1026,6.0627,24.557,9.6191
1027,6.1316,24.216,7.6131
1028,6.2005,22.495,7.1392
1029,6.2694,23.509,7.0613
1030,6.3383,20.504,6.4884
1031,6.4072,11.645,5.3005
1032,6.4761,9.383,3.9093
1033,6.545,12.09,3.6455
1034,6.6139,13.998,3.139
1035,6.6828,11.726,4.5264
1036,6.7517,10.521,4.3822
1037,6.8206,9.061,4.4908
1038,6.8894,8.189,5.025
1039,6.9583,10.549,5.9948
1040,7.0272,11.662,5.7198
1041,7.0961,12.902,5.5148
1042,7.165,13.07,5.9108
1043,7.2339,15.812,4.6873
1044,7.3028,16.682,5.2651
1045,7.3717,17.609,5.9204
1046,7.4406,20.283,5.6727
1047,7.5095,19.148,6.3019
1048,7.5784,24.664,6.0346
1049,7.6473,26.234,4.9843
1050,7.7162,25.9,4.9618
1051,7.7851,24.534,5.7586
1052,7.854,24.097,6.0598
1053,7.9229,26.9,7.1382
1054,7.9918,29.298,7.89
1055,8.0607,28.942,6.6892
1056,8.1296,26.237,5.9089
1057,8.1984,27.24,5.7053
1058,8.2673,29.884,6.944
1059,8.3362,39.981,7.4151
1060,8.4051,49.098,8.868
1061,8.474,57.191,8.7947
1062,8.5429,54.104,8.3167
1063,8.6118,52.118,9.2245
1064,8.6807,48.61,9.406
1065,8.7496,44.892,10.4576
1066,8.8185,38.204,9.4143
1067,8.8874,29.692,9.6661
1068,8.9563,23.188,9.6524
1069,9.0252,25.053,8.1265
1070,9.0941,25.978,7.9341
1071,9.163,26.342,7.8673
1072,9.2319,26.208,6.7742
1073,9.3008,28.226,6.1961
1074,9.3697,27.137,6.6272
1075,9.4385,24.212,6.0207
1076,9.5074,21.305,6.65
1077,9.5763,19.737,7.0382
1078,9.6452,16.767,6.3728
1079,9.7141,15.97,6.1334
1080,9.783,12.224,5.6939
1081,9.8519,10.962,5.2641
1082,9.9208,10.416,4.3511
1083,9.9897,13.452,4.0205
1084,10.0586,17.323,4.0865
1085,10.1275,22.803,4.9431
1086,10.1964,26.87,5.888
1087,10.2653,34.229,6.6671
1088,10.3342,43.375,7.9153
1089,10.4031,48.952,9.421
1090,10.472,46.684,9.0419
1091,10.5409,48.212,7.701
1092,10.6098,38.387,7.0282
1093,10.6786,36.822,7.3823
1094,10.7475,41.283,8.6866
1095,10.8164,48.328,9.0318
1096,10.8853,67.644,11.0178
1097,10.9542,88.842,13.758
1098,11.0231,83.063,17.0503
1099,11.092,79.438,14.4282
1100,11.1609,60.784,14.0139
1101,11.2298,43.588,11.8726
1102,11.2987,32.543,9.9192
1103,11.3676,26.384,9.3402
1104,11.4365,27.697,7.278
1105,11.5054,26.191,8.1699
1106,11.5743,28.0,8.624
1107,11.6432,25.158,8.8438
1108,11.7121,27.43,7.7084
1109,11.781,25.416,6.2059
1110,11.8499,25.096,5.3698
1111,11.9187,24.174,6.0027
1112,11.9876,22.481,5.4441
1113,12.0565,30.055,7.3535
1114,12.1254,37.831,9.2051
1115,12.1943,33.119,7.7686
1116,12.2632,24.861,7.7235
1117,12.3321,21.677,6.4488
1118,12.401,15.498,4.3215
1119,12.4699,12.258,5.8478
1120,12.5388,10.292,5.6051
1121,12.6077,7.307,5.1922
1122,12.6766,9.868,4.9191
1123,12.7455,10.756,4.5764
1124,12.8144,13.289,4.3891
1125,12.8833,20.369,4.4285
1126,12.9522,29.213,5.3673
1127,13.0211,33.22,6.0841
1128,13.09,34.751,6.8784
1129,13.1588,32.79,6.2684
1130,13.2277,28.256,5.9692
1131,13.2966,24.415,5.5466
1132,13.3655,17.496,6.9174
1133,13.4344,16.027,5.8051
1134,13.5033,18.242,4.8435
1135,13.5722,22.038,4.7134
1136,13.6411,25.206,5.5387
1137,13.71,32.627,7.358
1138,13.7789,43.02,8.2872
1139,13.8478,57.703,10.9447
1140,13.9167,70.841,11.4939
1141,13.9856,78.578,13.0255
1142,14.0545,76.355,14.0432
1143,14.1234,64.514,12.202
1144,14.1923,50.796,9.4974
1145,14.2612,35.385,7.0749
1146,14.3301,25.958,7.2107
1147,14.3989,21.397,7.3488
1148,14.4678,18.966,6.2561
1149,14.5367,17.39,7.0745
1150,14.6056,14.522,6.6567
1151,14.6745,13.642,6.4757
1152,14.7434,13.456,6.2613
1153,14.8123,13.24,5.3278
1154,14.8812,15.832,4.8297
1155,14.9501,19.523,4.9096
1156,15.019,24.032,5.033
1157,15.0879,21.326,5.4824
1158,15.1568,16.953,5.0047
1159,15.2257,16.851,5.3335
1160,15.2946,18.35,5.4131
1161,15.3635,23.062,6.2125
1162,15.4324,20.581,5.676
1163,15.5013,16.909,5.3711
1164,15.5702,15.995,5.7114
1165,15.6391,14.763,6.3842
1166,15.7079,13.079,5.8184
1167,15.7768,11.868,6.2576
1168,15.8457,11.816,5.8801
1169,15.9146,8.2,6.0065
1170,15.9835,6.284,5.1229
1171,16.0524,5.188,4.7676
1172,16.1213,4.542,5.6399
1173,16.1902,3.943,4.9581
1174,16.2591,4.172,4.1275
1175,16.328,4.913,4.094
1176,16.3969,5.971,4.1321
1177,16.4658,4.274,4.1842
1178,16.5347,6.14,4.3511
1179,16.6036,5.218,3.1608
1180,16.6725,7.834,3.5394
1181,16.7414,12.47,3.9862
1182,16.8103,12.585,3.655
1183,16.8792,10.178,4.2894
1184,16.948,9.184,5.4481
1185,17.0169,11.571,5.1093
1186,17.0858,13.176,6.8148
1187,17.1547,14.31,7.8073
1188,17.2236,13.843,8.1454
1189,17.2925,14.197,6.814
1190,17.3614,11.51,4.4639
1191,17.4303,8.314,4.6324
1192,17.4992,9.268,4.4227
1193,17.5681,10.976,3.9608
1194,17.637,10.443,3.8561
1195,17.7059,12.346,5.1161
1196,17.7748,12.772,5.2683
1197,17.8437,14.983,4.2612
1198,17.9126,15.109,3.2942
1199,17.9815,17.594,3.8833
1200,18.0504,20.019,3.3509
1201,18.1193,18.876,3.6275
1202,18.1881,23.209,4.9203
1203,18.257,26.069,5.5517
1204,18.3259,26.573,6.528
1205,18.3948,23.958,6.5079
1206,18.4637,25.829,4.9755
1207,18.5326,28.701,3.8541
1208,18.6015,28.319,3.6813
1209,18.6704,21.991,3.8792
1210,18.7393,19.622,4.6047
1211,18.8082,17.893,4.3589
1212,18.8771,18.616,4.5323
1213,18.946,17.848,4.0181
1214,19.0149,20.985,5.114
1215,19.0838,27.09,4.1312
1216,19.1527,29.359,4.3272
1217,19.2216,27.862,5.943
1218,19.2905,26.94,5.7167
1219,19.3594,26.604,7.7849
1220,19.4282,33.202,7.2177
1221,19.4971,30.963,6.0321
1222,19.566,25.675,5.9922
1223,19.6349,29.925,5.7772
1224,19.7038,29.722,5.1435
1225,19.7727,29.723,6.0137
1226,19.8416,34.909,7.1507
1227,19.9105,29.816,7.2127
1228,19.9794,28.159,8.5034
1229,20.0483,20.561,8.0588
1230,20.1172,13.419,6.183
1231,20.1861,11.633,5.3449
1232,20.255,9.768,5.0722
1233,20.3239,6.817,3.5645
1234,20.3928,6.408,3.3668
1235,20.4617,8.256,2.9457
1236,20.5306,7.961,3.415
1237,20.5995,12.376,4.0553
1238,20.6683,12.786,4.1633
1239,20.7372,15.35,3.9913
1240,20.8061,11.116,3.5791
1241,20.875,6.609,3.9712
1242,20.9439,6.801,4.1303
1243,21.0128,7.463,4.582
1244,21.0817,12.353,4.6684
1245,21.1506,21.26,5.6651
1246,21.2195,32.495,7.1392
1247,21.2884,39.685,8.1685
1248,21.3573,48.805,8.7475
1249,21.4262,48.148,10.6158
1250,21.4951,32.651,9.6855
1251,21.564,25.841,7.4906
1252,21.6329,21.143,6.5168
1253,21.7018,13.887,5.171
1254,21.7707,9.982,4.3649
1255,21.8396,7.72,4.2452
1256,21.9084,5.6,4.1597
1257,21.9773,4.219,4.3368
1258,22.0462,4.735,2.8735
1259,22.1151,4.776,3.3518
1260,22.184,7.986,3.7089
1261,22.2529,9.223,4.2169
1262,22.3218,10.032,4.2832
1263,22.3907,11.807,4.3346
1264,22.4596,14.006,3.9084
1265,22.5285,15.282,3.9602
1266,22.5974,13.493,3.9301
1267,22.6663,15.501,3.9017
1268,22.7352,18.116,3.943
1269,22.8041,23.858,4.8331
1270,22.873,32.104,6.2567
1271,22.9419,32.433,6.8091
1272,23.0108,35.086,7.441
1273,23.0797,31.727,6.6082
1274,23.1486,21.324,6.7529
1275,23.2174,19.371,5.6539
1276,23.2863,17.514,5.2376
1277,23.3552,19.724,5.5361
1278,23.4241,23.953,5.1829
1279,23.493,25.126,5.3028
1280,23.5619,25.288,6.8425
1281,23.6308,21.614,7.1702
1282,23.6997,20.825,7.7592
1283,23.7686,21.512,6.1425
1284,23.8375,20.233,5.1158
1285,23.9064,19.74,5.1105
1286,23.9753,20.239,4.7444
1287,24.0442,27.153,5.4367
1288,24.1131,37.299,6.4666
1289,24.182,41.646,7.3404
1290,24.2509,35.545,7.043
1291,24.3198,29.895,6.8974
1292,24.3887,20.804,6.0812
1293,24.4575,17.762,4.9881
1294,24.5264,20.269,5.4854
1295,24.5953,31.305,5.5918
1296,24.6642,46.281,7.3644
1297,24.7331,61.681,9.4998
1298,24.802,73.794,10.294
1299,24.8709,82.221,12.965
1300,24.9398,86.234,12.7159
1301,25.0087,82.392,13.9474
1302,25.0776,65.557,13.873
1303,25.1465,50.801,11.4822
1304,25.2154,47.341,11.7547
1305,25.2843,43.267,9.9421
1306,25.3532,41.014,10.3488
1307,25.4221,41.458,10.5249
1308,25.491,38.485,9.8727
1309,25.5599,33.767,10.3869
1310,25.6288,38.912,11.194
1311,25.6976,38.302,10.5903
1312,25.7665,40.952,10.065
1313,25.8354,38.054,9.2767
1314,25.9043,29.746,8.2996
1315,25.9732,23.234,6.7793
1316,26.0421,18.755,5.8593
1317,26.111,15.899,4.9769
1318,26.1799,10.675,4.5693
1319,26.2488,10.714,5.6519
1320,26.3177,12.77,5.7663
1321,26.3866,13.862,6.2916
1322,26.4555,16.565,5.6327
1323,26.5244,12.628,4.7425
1324,26.5933,8.545,4.2685
1325,26.6622,5.87,2.7445
1326,26.7311,4.371,3.0929
1327,26.8,5.444,3.4782
1328,26.8689,7.097,3.3304
1329,26.9377,6.549,4.7059
1330,27.0066,7.325,3.8235
1331,27.0755,7.934,4.0895
1332,27.1444,8.224,4.1605
1333,27.2133,8.734,4.4332
1334,27.2822,9.887,3.7943
1335,27.3511,11.812,3.2374
1336,27.42,10.754,4.4801
1337,27.4889,9.693,3.1772
1338,27.5578,6.702,3.0974
1339,27.6267,5.453,2.7492
1340,27.6956,4.797,3.1068
1341,27.7645,4.502,2.3745
1342,27.8334,5.021,2.5321
1343,27.9023,4.603,3.0128
1344,27.9712,5.827,2.2594
1345,28.0401,4.789,2.0732
1346,28.109,3.734,2.9748
1347,28.1778,3.496,3.3427
1348,28.2467,2.115,3.3844
1349,28.3156,2.43,4.5632
1350,28.3845,3.897,3.3185
1351,28.4534,4.379,3.3815
1352,28.5223,3.42,3.3965
1353,28.5912,2.433,3.6148
1354,28.6601,3.307,2.9328
1355,28.729,3.928,2.7419
1356,28.7979,5.252,3.2517
1357,28.8668,5.679,3.0623
1358,28.9357,7.683,3.1836
1359,29.0046,7.303,3.0578
1360,29.0735,8.712,3.424
1361,29.1424,9.038,4.3528
1362,29.2113,8.701,5.2119
1363,29.2802,11.614,5.4259
1364,29.3491,12.102,5.8337
1365,29.4179,14.188,6.6793
1366,29.4868,16.618,7.278
1367,29.5557,17.372,7.7918
1368,29.6246,21.42,9.8129
1369,29.6935,21.039,10.4375
1370,29.7624,20.639,8.5377
1371,29.8313,18.267,8.6668
1372,29.9002,18.656,6.9889
1373,29.9691,19.082,6.6339
1374,30.038,27.218,7.6322
1375,30.1069,33.665,9.3337
1376,30.1758,45.538,11.1702
1377,30.2447,54.958,12.4446
1378,30.3136,67.629,13.778
1379,30.3825,68.524,13.8053
1380,30.4514,54.326,12.491
1381,30.5203,41.934,9.7954
1382,30.5892,33.133,7.4305
1383,30.6581,28.238,7.2881
1384,30.7269,29.305,6.645
1385,30.7958,32.389,7.1954
1386,30.8647,33.47,6.2582
1387,30.9336,30.583,6.0137
1388,31.0025,34.052,7.5733
1389,31.0714,32.696,5.7744
1390,31.1403,32.926,5.7425
1391,31.2092,33.764,6.059
1392,31.2781,35.602,6.4494
1393,31.347,28.881,6.2515
1394,31.4159,22.406,5.512
1395,31.4848,22.203,6.465
1396,31.5537,29.746,7.3914
1397,31.6226,29.5,6.2756
1398,31.6915,23.889,5.9169
1399,31.7604,15.299,4.7401
1400,31.8293,9.738,3.8487
1401,31.8982,11.816,4.1886
1402,31.967,21.55,4.8573
1403,32.0359,34.339,7.0004
1404,32.1048,48.868,7.7959
1405,32.1737,59.601,9.6013
1406,32.2426,57.384,11.0133
1407,32.3115,67.079,12.667
1408,32.3804,91.376,15.7744
1409,32.4493,107.644,18.8324
1410,32.5182,103.171,17.3504
1411,32.5871,75.904,14.8938
1412,32.656,48.042,12.2355
1413,32.7249,30.681,7.9398
1414,32.7938,24.539,6.2248
1415,32.8627,16.27,5.9211
1416,32.9316,18.224,5.4307
1417,33.0005,15.403,5.2758
1418,33.0694,14.181,4.4738
1419,33.1383,14.289,4.615
1420,33.2071,10.214,3.7657
1421,33.276,6.979,4.1043
1422,33.3449,5.399,2.9957
1423,33.4138,3.564,3.8289
1424,33.4827,3.695,3.1472
1425,33.5516,4.508,3.0006
1426,33.6205,3.643,3.0719
1427,33.6894,2.491,2.6942
1428,33.7583,3.503,2.497
1429,33.8272,3.824,3.0115
1430,33.8961,5.189,3.4668
1431,33.965,6.064,3.5217
1432,34.0339,7.631,4.2511
1433,34.1028,7.613,4.0737
1434,34.1717,6.291,3.2221
1435,34.2406,5.712,3.7992
1436,34.3095,5.067,3.1648
1437,34.3784,5.293,3.4399
1438,34.4472,5.187,3.0399
1439,34.5161,7.705,3.8654
1440,34.585,10.87,3.9462
1441,34.6539,10.972,3.6476
1442,34.7228,9.18,3.9769
1443,34.7917,6.795,3.378
1444,34.8606,3.549,3.3502
1445,34.9295,3.27,4.4556
1446,34.9984,5.504,4.3234
1447,35.0673,7.05,4.6639
1448,35.1362,8.129,4.2902
1449,35.2051,7.729,3.9436
1450,35.274,5.605,3.9927
1451,35.3429,5.027,3.5855
1452,35.4118,6.056,3.3228
1453,35.4807,7.492,3.5776
1454,35.5496,8.546,4.1752
1455,35.6185,7.392,3.9099
1456,35.6873,9.318,3.7433
1457,35.7562,10.618,4.0984
1458,35.8251,13.018,4.497
1459,35.894,17.576,4.8186
1460,35.9629,26.007,5.9078
1461,36.0318,29.139,6.8334
1462,36.1007,30.941,6.025
1463,36.1696,29.806,6.0585
1464,36.2385,21.076,6.4516
1465,36.3074,15.96,6.8757
1466,36.3763,15.891,7.2066
1467,36.4452,21.772,6.5602
1468,36.5141,24.884,6.0623
1469,36.583,22.245,6.0439
1470,36.6519,18.86,6.5498
1471,36.7208,17.04,5.6616
1472,36.7897,19.113,5.9987
1473,36.8586,25.266,7.375
1474,36.9274,31.73,10.2616
1475,36.9963,39.492,11.4009
1476,37.0652,36.985,13.8982
1477,37.1341,32.833,13.921
1478,37.203,42.73,13.2535
1479,37.2719,38.386,14.5935
1480,37.3408,36.847,13.0448
1481,37.4097,33.307,10.2569
1482,37.4786,27.365,7.5255
1483,37.5475,18.917,6.2268
1484,37.6164,17.138,6.1828
1485,37.6853,19.705,6.7303
1486,37.7542,23.307,6.0355
1487,37.8231,22.79,5.7512
1488,37.892,15.524,5.4745
1489,37.9609,11.394,5.2552
1490,38.0298,10.943,6.2801
1491,38.0987,16.913,5.4165
1492,38.1675,28.554,6.9728
1493,38.2364,42.596,8.2532
1494,38.3053,54.171,9.4275
1495,38.3742,56.648,10.4373
1496,38.4431,38.583,8.8747
1497,38.512,29.17,8.5967
1498,38.5809,21.421,7.2039
1499,38.6498,17.156,6.1162
1500,38.7187,15.937,6.6869
1501,38.7876,25.822,7.634
1502,38.8565,30.271,7.1851
1503,38.9254,29.28,6.1751
1504,38.9943,21.154,6.1114
1505,39.0632,15.892,5.4732
1506,39.1321,14.85,5.4942
1507,39.201,12.988,4.4732
1508,39.2699,9.547,4.4051
1509,39.3388,7.949,3.9773
1510,39.4076,8.984,4.0554
1511,39.4765,12.255,6.1978
1512,39.5454,19.397,6.5371
1513,39.6143,24.513,6.8167
1514,39.6832,28.363,7.3244
1515,39.7521,36.664,6.713
1516,39.821,50.888,8.3629
1517,39.8899,60.411,10.0795
1518,39.9588,62.51,11.7386
1519,40.0277,51.57,10.438
1520,40.0966,35.275,9.12
1521,40.1655,21.289,6.7019
1522,40.2344,14.568,4.6054
1523,40.3033,13.01,4.0895
1524,40.3722,13.679,4.8282
1525,40.4411,14.424,4.6492
1526,40.51,13.092,5.027
1527,40.5789,11.643,5.4746
1528,40.6478,12.629,5.5853
1529,40.7166,11.598,5.5909
1530,40.7855,11.934,5.6663
1531,40.8544,13.812,6.1326
1532,40.9233,14.704,7.1529
1533,40.9922,16.864,6.6195
1534,41.0611,20.162,8.7822
1535,41.13,35.363,8.7515
1536,41.1989,44.633,11.6029
1537,41.2678,63.717,13.0604
1538,41.3367,74.99,15.3683
1539,41.4056,78.035,15.2773
1540,41.4745,68.199,12.4919
1541,41.5434,52.785,11.0398
1542,41.6123,42.172,9.4028
1543,41.6812,40.529,9.31
1544,41.7501,36.22,10.6992
1545,41.819,38.145,9.3541
1546,41.8879,40.706,9.8555
1547,41.9567,36.12,10.738
1548,42.0256,28.616,9.4359
1549,42.0945,23.504,7.8162
1550,42.1634,16.679,5.3981
1551,42.2323,12.722,5.8591
1552,42.3012,10.699,5.5953
1553,42.3701,9.057,6.0986
1554,42.439,8.675,6.4977
1555,42.5079,7.822,5.9502
1556,42.5768,9.47,6.5208
1557,42.6457,11.743,5.4823
1558,42.7146,13.659,5.9787
1559,42.7835,19.224,5.6578
1560,42.8524,20.224,6.3842
1561,42.9213,18.185,7.3168
1562,42.9902,24.733,7.8129
1563,43.0591,26.645,9.3072
1564,43.128,32.83,9.3891
1565,43.1968,36.397,8.8114
1566,43.2657,38.451,8.1394
1567,43.3346,31.474,8.4052
1568,43.4035,24.285,7.0964
1569,43.4724,19.122,6.2413
1570,43.5413,12.794,6.0685
1571,43.6102,8.203,4.4332
1572,43.6791,5.603,3.4691
1573,43.748,4.571,4.067
1574,43.8169,3.605,3.3894
1575,43.8858,3.836,2.653
1576,43.9547,4.587,3.0888
1577,44.0236,6.782,2.9368
1578,44.0925,5.619,3.6609
1579,44.1614,4.468,3.8693
1580,44.2303,3.69,3.8851
1581,44.2992,3.168,3.0586
1582,44.3681,3.611,3.7491
1583,44.437,4.935,3.3716
1584,44.5058,6.034,2.252
1585,44.5747,8.999,3.6121
1586,44.6436,10.166,3.4578
1587,44.7125,7.192,3.1323
1588,44.7814,5.64,2.8581
1589,44.8503,6.281,2.9812
1590,44.9192,8.079,3.7902
1591,44.9881,8.153,4.1769
1592,45.057,9.101,4.0788
1593,45.1259,9.917,5.1321
1594,45.1948,11.571,5.6116
1595,45.2637,15.307,4.6595
1596,45.3326,15.641,5.8638
1597,45.4015,19.424,6.6066
1598,45.4704,26.425,7.595
1599,45.5393,32.0,9.2544
1600,45.6082,46.354,9.9835
1601,45.6771,67.071,11.4654
1602,45.7459,83.654,14.7364
1603,45.8148,99.002,17.5559
1604,45.8837,86.472,17.5094
1605,45.9526,79.419,14.1592
1606,46.0215,62.853,12.9885
1607,46.0904,49.892,11.7058
1608,46.1593,35.376,10.2289
1609,46.2282,28.26,9.0878
1610,46.2971,23.429,7.1375
1611,46.366,18.604,6.3782
1612,46.4349,15.624,7.1014
1613,46.5038,14.104,5.8299
1614,46.5727,14.689,5.7462
1615,46.6416,17.296,5.7344
1616,46.7105,21.017,6.8191
1617,46.7794,25.511,7.1664
1618,46.8483,29.258,7.7244
1619,46.9172,32.05,8.1168
1620,46.986,27.271,7.2999
1621,47.0549,22.911,6.7407
1622,47.1238,19.7,6.0975
1623,47.1927,19.081,6.3523
1624,47.2616,17.712,6.5601
1625,47.3305,14.907,6.6408
1626,47.3994,12.142,5.7803
1627,47.4683,8.898,3.8712
1628,47.5372,7.782,5.3671
1629,47.6061,6.853,5.016
1630,47.675,10.56,5.6932
1631,47.7439,13.847,6.6863
1632,47.8128,15.747,5.7424
1633,47.8817,20.51,5.2706
1634,47.9506,21.12,5.3361
1635,48.0195,21.674,6.4439
1636,48.0884,23.99,5.7511
1637,48.1573,19.689,5.3223
1638,48.2261,13.695,5.0529
1639,48.295,12.785,4.4253
1640,48.3639,11.229,3.3618
1641,48.4328,13.449,4.1452
1642,48.5017,13.629,3.9568
1643,48.5706,10.763,4.1131
1644,48.6395,9.844,3.6166
1645,48.7084,6.655,4.3278
1646,48.7773,5.06,3.4398
1647,48.8462,3.9,3.0537
1648,48.9151,4.502,3.1489
1649,48.984,3.744,3.3175
1650,49.0529,4.457,4.0561
1651,49.1218,4.057,4.1673
1652,49.1907,3.866,3.5066
1653,49.2596,5.943,4.4444
1654,49.3285,6.517,4.0603
1655,49.3974,6.708,3.8252
1656,49.4662,8.037,3.0403
1657,49.5351,10.299,3.5959
1658,49.604,14.29,4.6997
1659,49.6729,17.332,4.9161
1660,49.7418,16.143,4.3845
1661,49.8107,14.108,3.9597
1662,49.8796,12.898,4.4011
1663,49.9485,12.987,4.7306
1664,50.0174,14.098,4.2048
1665,50.0863,12.089,4.2738
1666,50.1552,6.198,4.2311
1667,50.2241,2.54,4.2839
1668,50.293,2.517,3.8616
1669,50.3619,5.511,3.7573
1670,50.4308,7.649,5.0748
1671,50.4997,9.11,4.0473
1672,50.5686,8.672,4.5044
1673,50.6375,8.778,5.3227
1674,50.7063,7.291,3.8691
1675,50.7752,6.221,3.1324
1676,50.8441,4.375,2.9271
1677,50.913,5.062,3.1684
1678,50.9819,5.997,3.3071
1679,51.0508,4.941,3.4167
1680,51.1197,6.07,3.6116
1681,51.1886,10.437,4.0765
1682,51.2575,15.155,4.6295
1683,51.3264,17.21,4.7132
1684,51.3953,19.477,5.6069
1685,51.4642,17.668,5.2156
1686,51.5331,17.155,5.1111
1687,51.602,23.859,4.5368
1688,51.6709,30.451,5.1185
1689,51.7398,45.38,7.6421
1690,51.8087,60.139,10.4756
1691,51.8776,73.298,11.4469
1692,51.9464,84.483,14.8391
1693,52.0153,81.74,16.4253
1694,52.0842,88.502,15.4964
1695,52.1531,89.124,14.779
1696,52.222,71.193,11.8421
1697,52.2909,51.421,10.5842
1698,52.3598,40.092,9.2567
1699,52.4287,34.478,8.8481
1700,52.4976,35.319,10.2429
1701,52.5665,33.91,11.2247
1702,52.6354,31.287,9.721
1703,52.7043,30.13,7.9831
1704,52.7732,30.107,7.9083
1705,52.8421,25.417,6.7802
1706,52.911,20.109,5.6441
1707,52.9799,15.679,5.6525
1708,53.0488,17.985,4.2823
1709,53.1177,23.701,4.8812
1710,53.1866,27.043,4.9433
1711,53.2554,22.958,4.9293
1712,53.3243,20.553,4.4492
1713,53.3932,23.286,3.5976
1714,53.4621,22.674,3.5192
1715,53.531,22.067,4.1444
1716,53.5999,21.613,4.5631
1717,53.6688,20.514,5.5006
1718,53.7377,20.653,6.6261
1719,53.8066,19.38,7.2034
1720,53.8755,20.029,7.2568
1721,53.9444,18.62,6.2592
1722,54.0133,16.423,6.5014
1723,54.0822,15.284,6.7699
1724,54.1511,18.62,6.2333
1725,54.22,19.282,7.0834
1726,54.2889,19.901,7.8732
1727,54.3578,19.985,6.9195
1728,54.4267,19.341,7.0748
1729,54.4955,19.699,6.8009
1730,54.5644,19.009,6.4022
1731,54.6333,16.48,5.6718
1732,54.7022,16.26,5.1711
1733,54.7711,13.236,4.2818
1734,54.84,12.712,4.3181
1735,54.9089,16.09,4.2113
1736,54.9778,18.927,4.7815
1737,55.0467,20.708,4.8092
1738,55.1156,24.868,5.2659
1739,55.1845,34.31,6.7821
1740,55.2534,33.557,6.6542
1741,55.3223,34.17,7.1589
1742,55.3912,28.791,6.6527
1743,55.4601,20.399,6.537
1744,55.529,15.512,5.5903
1745,55.5979,10.402,5.1152
1746,55.6668,7.497,4.888
1747,55.7356,6.79,4.3671
1748,55.8045,5.943,3.6138
1749,55.8734,5.628,3.6019
1750,55.9423,5.099,3.6477
1751,56.0112,5.951,4.4116
1752,56.0801,5.874,4.0429
1753,56.149,3.874,3.8794
1754,56.2179,3.111,3.0905
1755,56.2868,5.546,3.5843
1756,56.3557,7.077,4.4385
1757,56.4246,11.971,4.1127
1758,56.4935,14.035,4.2497
1759,56.5624,11.612,3.7611
1760,56.6313,9.047,4.5008
1761,56.7002,12.983,5.0863
1762,56.7691,15.122,6.0012
1763,56.838,17.218,5.2334
1764,56.9069,18.79,5.7057
1765,56.9757,19.199,6.5603
1766,57.0446,24.056,6.624
1767,57.1135,32.396,7.4781
1768,57.1824,49.986,10.8412
1769,57.2513,71.485,13.6342
1770,57.3202,89.144,15.2465
1771,57.3891,88.349,16.7863
1772,57.458,73.553,15.2237
1773,57.5269,71.823,14.0652
1774,57.5958,76.426,16.5746
1775,57.6647,75.394,17.5395
1776,57.7336,70.818,15.9046
1777,57.8025,60.534,12.5533
1778,57.8714,51.029,11.9194
1779,57.9403,48.459,11.3649
1780,58.0092,48.594,11.1255
1781,58.0781,51.25,11.6274
1782,58.147,41.343,11.6864
1783,58.2159,38.562,9.4882
1784,58.2847,31.392,9.2853
1785,58.3536,34.504,8.8498
1786,58.4225,34.047,7.8485
1787,58.4914,26.256,8.877
1788,58.5603,17.775,6.5227
1789,58.6292,12.725,5.3933
1790,58.6981,10.049,5.9596
1791,58.767,10.728,5.4088
1792,58.8359,11.535,6.2719
1793,58.9048,13.745,6.9086
1794,58.9737,11.403,6.7796
1795,59.0426,12.8,6.6599
1796,59.1115,13.855,6.3317
1797,59.1804,15.408,6.4417
1798,59.2493,16.815,6.5554
1799,59.3182,20.048,6.0172
1800,59.3871,19.215,6.0279
1801,59.456,17.123,5.7041
1802,59.5248,16.527,5.03
1803,59.5937,20.779,4.774
1804,59.6626,20.9,5.1279
1805,59.7315,16.92,7.5971
1806,59.8004,13.906,6.0424
1807,59.8693,12.709,6.8639
1808,59.9382,11.42,6.6593
1809,60.0071,11.613,6.3227
1810,60.076,15.245,6.1478
1811,60.1449,22.283,6.2856
1812,60.2138,33.781,8.078
1813,60.2827,34.733,7.9736
1814,60.3516,32.428,8.9083
1815,60.4205,28.841,8.1834
1816,60.4894,26.876,7.6244
1817,60.5583,26.323,7.0543
1818,60.6272,30.627,7.0349
1819,60.6961,37.407,8.4908
1820,60.7649,42.126,9.1589
1821,60.8338,33.98,10.1365
1822,60.9027,24.104,8.6232
1823,60.9716,19.779,7.7865
1824,61.0405,11.093,6.2168
1825,61.1094,11.382,5.9835
1826,61.1783,10.217,6.1786
1827,61.2472,7.799,5.4609
1828,61.3161,6.133,5.5582
1829,61.385,6.695,6.3816
1830,61.4539,6.866,5.4639
1831,61.5228,5.267,5.5291
1832,61.5917,4.753,5.919
1833,61.6606,4.848,5.6886
1834,61.7295,4.314,4.4656
1835,61.7984,4.752,4.2861
1836,61.8673,6.147,3.426
1837,61.9362,7.742,2.8039
1838,62.005,8.654,3.1745
1839,62.0739,5.901,3.866
1840,62.1428,3.942,4.4207
1841,62.2117,5.731,3.5397
1842,62.2806,9.725,3.3843
1843,62.3495,10.544,3.4131
1844,62.4184,9.556,3.2529
1845,62.4873,7.338,3.7137
1846,62.5562,7.915,4.1706
1847,62.6251,8.856,4.1671
1848,62.694,8.871,4.4365
1849,62.7629,9.934,4.7965
1850,62.8318,9.406,5.0705
1851,62.9007,14.116,4.6977
1852,62.9696,19.338,5.192
1853,63.0385,25.21,5.8806
1854,63.1074,32.596,6.679
1855,63.1763,36.741,8.6986
1856,63.2451,43.181,10.3767
1857,63.314,48.744,11.0175
1858,63.3829,48.785,11.03
1859,63.4518,45.347,11.1088
1860,63.5207,39.675,12.3272
1861,63.5896,38.265,10.1277
1862,63.6585,34.653,8.6549
1863,63.7274,24.914,7.6547
1864,63.7963,20.591,6.1946
1865,63.8652,19.108,5.955
1866,63.9341,20.316,5.8369
1867,64.003,20.557,5.6703
1868,64.0719,21.863,5.9065
1869,64.1408,18.662,5.8904
1870,64.2097,16.206,5.3118
1871,64.2786,17.951,4.8543
1872,64.3475,21.954,5.2499
1873,64.4164,29.576,7.13
1874,64.4852,39.129,9.4987
1875,64.5541,48.79,12.4535
1876,0.0,49.17,9.6738
1877,0.0689,61.411,12.7363
1878,0.1378,78.811,16.0142
1879,0.2067,73.065,15.9585
1880,0.2756,64.422,15.0496
1881,0.3445,56.159,11.545
1882,0.4134,42.873,9.2297
1883,0.4823,30.268,7.4885
1884,0.5512,22.509,6.2598
1885,0.6201,18.485,4.9432
1886,0.6889,17.975,5.786
1887,0.7578,15.75,6.0709
1888,0.8267,16.787,6.7775
1889,0.8956,20.281,5.8859
1890,0.9645,21.765,7.0034
1891,1.0334,21.483,6.7413
1892,1.1023,22.12,7.3442
1893,1.1712,18.798,6.7122
1894,1.2401,17.692,5.5779
1895,1.309,18.962,7.3924
1896,1.3779,19.781,7.2526
1897,1.4468,17.247,6.9587
1898,1.5157,14.684,6.6373
1899,1.5846,11.655,5.5782
1900,1.6535,12.346,5.1102
1901,1.7224,11.714,5.069
1902,1.7913,10.564,3.4227
1903,1.8602,8.939,3.9472
1904,1.929,10.238,3.904
1905,1.9979,10.907,4.0759
1906,2.0668,15.036,4.6461
1907,2.1357,22.62,5.1449
1908,2.2046,30.921,5.752
1909,2.2735,44.341,7.282
1910,2.3424,65.988,9.7637
1911,2.4113,87.143,12.3621
1912,2.4802,93.567,15.4415
1913,2.5491,84.277,14.6142
1914,2.618,61.739,11.5611
1915,2.6869,43.254,8.7522
1916,2.7558,33.4,7.8654
1917,2.8247,24.341,6.8403
1918,2.8936,20.998,5.8599
1919,2.9625,19.149,4.9286
1920,3.0314,22.934,4.7947
1921,3.1003,25.156,4.6961
1922,3.1691,26.233,4.3782
1923,3.238,25.057,4.9955
1924,3.3069,24.184,4.5059
1925,3.3758,24.656,5.0578
1926,3.4447,21.078,6.2643
1927,3.5136,17.683,6.8348
1928,3.5825,16.693,7.2698
1929,3.6514,17.0,7.4267
1930,3.7203,21.915,7.5208
1931,3.7892,22.672,7.791
1932,3.8581,24.615,7.4036
1933,3.927,19.948,7.8693
1934,3.9959,18.314,7.1702
1935,4.0648,14.578,5.9728
1936,4.1337,17.487,6.2574
1937,4.2026,22.499,7.2531
1938,4.2715,27.31,7.1221
1939,4.3404,29.95,5.6848
1940,4.4092,24.783,5.7958
1941,4.4781,18.131,4.8788
1942,4.547,16.026,4.6374
1943,4.6159,18.319,3.5037
1944,4.6848,22.23,4.4172
1945,4.7537,27.123,6.375
1946,4.8226,25.729,5.6711
1947,4.8915,22.276,5.7385
1948,4.9604,16.54,5.6727
1949,5.0293,12.239,4.8625
1950,5.0982,11.736,4.6424
1951,5.1671,12.598,5.5289
1952,5.236,11.595,5.1023
1953,5.3049,12.724,4.872
1954,5.3738,13.723,5.3974
1955,5.4427,13.638,6.2628
1956,5.5116,13.634,7.4606
1957,5.5805,15.849,5.653
1958,5.6493,13.122,4.3539
1959,5.7182,12.834,4.5479
1960,5.7871,9.401,4.294
1961,5.856,6.891,3.4776
1962,5.9249,5.832,4.6313
1963,5.9938,6.459,6.5034
1964,6.0627,9.784,6.9093
1965,6.1316,8.22,5.3345
1966,6.2005,10.166,5.05
1967,6.2694,12.341,5.203
1968,6.3383,12.327,5.0647
1969,6.4072,16.848,5.4602
1970,6.4761,20.904,5.9137
1971,6.545,26.891,7.6076
1972,6.6139,27.917,7.593
1973,6.6828,27.063,6.0737
1974,6.7517,19.896,5.2262
1975,6.8206,15.401,5.5212
1976,6.8894,11.055,4.5344
1977,6.9583,10.057,4.7238
1978,7.0272,8.884,4.4335
1979,7.0961,11.184,3.816
1980,7.165,11.247,3.8372
1981,7.2339,13.235,3.1853
1982,7.3028,13.717,3.3496
1983,7.3717,17.099,4.0364
1984,7.4406,18.322,5.2715
1985,7.5095,15.777,4.9764
1986,7.5784,14.777,4.3043
1987,7.6473,15.496,5.0245
1988,7.7162,17.833,4.9742
1989,7.7851,23.608,4.7788
1990,7.854,29.879,6.3981
1991,7.9229,43.829,9.174
1992,7.9918,58.766,9.2088
1993,8.0607,71.532,11.3191
1994,8.1296,80.273,13.6509
1995,8.1984,103.544,17.0
1996,8.2673,114.706,20.4483
1997,8.3362,114.964,22.6961
1998,8.4051,108.032,23.1291
1999,8.474,101.532,21.1563
2000,8.5429,93.39,18.7148
2001,8.6118,78.524,15.9475
2002,8.6807,58.072,13.0358
2003,8.7496,45.786,12.269
2004,8.8185,38.094,9.6032
2005,8.8874,31.967,8.0457
2006,8.9563,23.594,7.8099
2007,9.0252,21.538,6.6704
2008,9.0941,20.834,6.3958
2009,9.163,19.762,6.6125
2010,9.2319,16.525,7.9337
2011,9.3008,14.817,8.2177
2012,9.3697,12.36,6.3666
2013,9.4385,12.602,5.6933
2014,9.5074,14.426,5.5683
2015,9.5763,13.992,5.4056
2016,9.6452,11.695,4.6859
2017,9.7141,10.179,5.1217
2018,9.783,7.478,4.295
2019,9.8519,9.826,5.5138
2020,9.9208,9.839,4.226
2021,9.9897,9.611,4.2101
2022,10.0586,12.109,4.5595
2023,10.1275,15.747,3.7964
2024,10.1964,18.186,4.6908
2025,10.2653,24.262,5.6007
2026,10.3342,28.751,8.052
2027,10.4031,29.536,8.8689
2028,10.472,40.507,9.6916
2029,10.5409,46.621,10.5337
2030,10.6098,43.241,10.4805
2031,10.6786,37.188,8.7826
2032,10.7475,27.708,7.5824
2033,10.8164,20.415,5.3603
2034,10.8853,18.455,5.1711
2035,10.9542,17.005,6.0098
2036,11.0231,13.501,4.6134
2037,11.092,9.293,3.8076
2038,11.1609,7.655,5.1524
2039,11.2298,7.974,5.092
2040,11.2987,8.012,4.2474
2041,11.3676,7.717,4.1614
2042,11.4365,8.31,4.8736
2043,11.5054,7.597,4.9506
2044,11.5743,8.857,4.5347
2045,11.6432,11.161,3.9971
2046,11.7121,9.052,3.5629
2047,11.781,7.541,3.3971
2048,11.8499,9.232,4.3706
2049,11.9187,17.143,4.1403
2050,11.9876,25.429,4.7375
2051,12.0565,27.909,6.1598
2052,12.1254,25.871,6.9324
2053,12.1943,27.727,7.1606
2054,12.2632,25.435,5.7201
2055,12.3321,23.96,6.6113
2056,12.401,26.411,6.8312
2057,12.4699,19.719,6.2084
2058,12.5388,18.052,4.8945
2059,12.6077,20.836,5.1751
2060,12.6766,29.368,6.2298
2061,12.7455,41.517,5.5376
2062,12.8144,48.375,6.6925
2063,12.8833,53.018,8.0422
2064,12.9522,47.829,8.7202
2065,13.0211,44.268,8.0685
2066,13.09,34.411,6.8617
2067,13.1588,25.151,6.1796
2068,13.2277,14.255,5.1798
2069,13.2966,7.12,4.5995
2070,13.3655,6.6,4.5551
2071,13.4344,7.48,4.7418
2072,13.5033,7.686,5.2367
2073,13.5722,9.125,4.0467
2074,13.6411,11.659,4.5674
2075,13.71,14.886,4.6548
2076,13.7789,17.845,4.8476
2077,13.8478,21.648,5.5188
2078,13.9167,27.858,4.8821
2079,13.9856,34.41,6.1804
2080,14.0545,33.767,7.1402
2081,14.1234,32.019,7.5145
2082,14.1923,34.719,8.1431
2083,14.2612,32.1,7.7126
2084,14.3301,36.936,8.8082
2085,14.3989,37.521,9.0859
2086,14.4678,38.069,9.0581
2087,14.5367,33.916,9.0977
2088,14.6056,34.061,9.738
2089,14.6745,33.892,9.4123
2090,14.7434,28.501,9.5924
2091,14.8123,27.319,9.3328
2092,14.8812,22.928,8.4021
2093,14.9501,23.29,8.9193
2094,15.019,20.666,9.9442
2095,15.0879,17.087,8.1261
2096,15.1568,16.346,8.3703
2097,15.2257,9.8,7.6689
2098,15.2946,9.278,6.6275
2099,15.3635,11.324,5.0548
2100,15.4324,12.309,4.839
2101,15.5013,10.072,4.9582
2102,15.5702,11.158,4.3718
2103,15.6391,9.505,6.7528
2104,15.7079,7.661,5.4199
2105,15.7768,7.664,5.5296
2106,15.8457,9.222,4.9712
2107,15.9146,8.283,4.9984
2108,15.9835,9.602,4.5251
2109,16.0524,11.709,4.268
2110,16.1213,13.871,5.1145
2111,16.1902,20.29,5.6358
2112,16.2591,26.653,7.4874
2113,16.328,29.626,6.8544
2114,16.3969,25.914,5.7006
2115,16.4658,20.461,6.2094
2116,16.5347,20.417,5.5636
2117,16.6036,20.971,6.0966
2118,16.6725,22.488,5.9997
2119,16.7414,22.509,6.3876
2120,16.8103,25.938,7.9039
2121,16.8792,33.472,9.0
2122,16.948,40.896,11.2896
2123,17.0169,44.237,11.9546
2124,17.0858,44.673,11.988
2125,17.1547,43.406,11.2794
2126,17.2236,44.569,12.1344
2127,17.2925,44.429,10.7719
2128,17.3614,36.058,8.5525
2129,17.4303,21.371,6.4833
2130,17.4992,13.2,5.6082
2131,17.5681,11.36,4.4958
2132,17.637,9.403,4.1534
2133,17.7059,9.583,5.2071
2134,17.7748,8.914,3.9356
2135,17.8437,7.971,3.3022
2136,17.9126,7.948,2.513
2137,17.9815,5.93,3.3156
2138,18.0504,5.572,2.9199
2139,18.1193,6.139,3.0788
2140,18.1881,8.048,3.003
2141,18.257,8.638,3.2606
2142,18.3259,8.623,3.7513
2143,18.3948,11.888,3.7763
2144,18.4637,8.63,3.7802
2145,18.5326,10.325,4.1402
2146,18.6015,8.362,4.5531
2147,18.6704,9.474,4.2391
2148,18.7393,10.104,4.3279
2149,18.8082,10.549,4.9598
2150,18.8771,10.13,4.6977
2151,18.946,13.829,5.1149
2152,19.0149,14.84,5.8935
2153,19.0838,18.923,6.9462
2154,19.1527,21.774,5.6979
2155,19.2216,17.966,6.1253
2156,19.2905,16.126,6.123
2157,19.3594,13.232,5.0927
2158,19.4282,11.59,3.411
2159,19.4971,10.378,3.9448
2160,19.566,11.204,4.454
2161,19.6349,13.823,5.4162
2162,19.7038,17.241,5.3099
2163,19.7727,18.893,5.7715
2164,19.8416,25.235,5.9717
2165,19.9105,30.702,6.8584
2166,19.9794,32.497,8.1598
2167,20.0483,31.584,8.7511
2168,20.1172,26.846,8.6201
2169,20.1861,22.209,7.7974
2170,20.255,21.891,7.6907
2171,20.3239,21.276,6.9058
2172,20.3928,20.943,6.3473
2173,20.4617,20.098,6.7642
2174,20.5306,20.171,7.1826
2175,20.5995,17.161,6.8065
2176,20.6683,16.132,5.9078
2177,20.7372,18.311,4.6151
2178,20.8061,16.668,4.4457
2179,20.875,21.632,5.215
2180,20.9439,21.686,4.1674
2181,21.0128,17.624,5.153
2182,21.0817,11.789,4.4018
2183,21.1506,6.195,4.7082
2184,21.2195,7.921,4.0923
2185,21.2884,8.205,3.8587
2186,21.3573,8.802,4.6861
2187,21.4262,14.879,5.1054
2188,21.4951,17.142,6.682
2189,21.564,12.743,6.7934
2190,21.6329,9.522,6.3589
2191,21.7018,7.246,5.6234
2192,21.7707,4.719,5.0511
2193,21.8396,4.919,5.3983
2194,21.9084,6.006,5.4886
2195,21.9773,4.389,5.9158
2196,22.0462,8.676,5.6616
2197,22.1151,10.129,5.1823
2198,22.184,11.626,5.1142
2199,22.2529,15.367,5.291
2200,22.3218,23.152,6.6204
2201,22.3907,35.47,7.8928
2202,22.4596,44.33,9.4952
2203,22.5285,47.602,10.786
2204,22.5974,42.156,10.6468
2205,22.6663,36.629,10.8506
2206,22.7352,33.49,9.8311
2207,22.8041,29.331,9.0152
2208,22.873,26.692,7.2988
2209,22.9419,20.699,6.6107
2210,23.0108,17.659,6.4834
2211,23.0797,17.798,5.782
2212,23.1486,18.606,4.1396
2213,23.2174,12.859,4.6419
2214,23.2863,10.719,4.6737
2215,23.3552,8.137,4.3809
2216,23.4241,7.51,4.5456
2217,23.493,8.057,5.0568
2218,23.5619,11.928,4.3673
2219,23.6308,13.91,4.24
2220,23.6997,15.146,4.5386
2221,23.7686,18.338,4.8618
2222,23.8375,18.305,4.4912
2223,23.9064,18.334,4.0957
2224,23.9753,22.632,5.3446
2225,24.0442,28.344,5.5371
2226,24.1131,30.831,5.8378
2227,24.182,31.531,7.5279
2228,24.2509,30.617,6.7105
2229,24.3198,26.308,6.2664
2230,24.3887,21.758,6.6018
2231,24.4575,20.497,6.3191
2232,24.5264,19.337,6.8047
2233,24.5953,17.775,6.0254
2234,24.6642,15.146,4.9255
2235,24.7331,14.883,5.8947
2236,24.802,17.492,6.0127
2237,24.8709,18.064,6.1497
2238,24.9398,25.247,6.3982
2239,25.0087,26.13,6.1411
2240,25.0776,20.245,6.6495
2241,25.1465,18.951,5.0426
2242,25.2154,12.181,3.9886
2243,25.2843,11.39,3.4691
2244,25.3532,9.66,3.3313
2245,25.4221,5.941,2.9523
2246,25.491,6.664,3.7617
2247,25.5599,5.794,4.1965
2248,25.6288,6.615,3.5368
2249,25.6976,6.622,4.8321
2250,25.7665,9.602,4.362
2251,25.8354,11.984,3.839
2252,25.9043,9.521,3.5191
2253,25.9732,5.919,3.3134
2254,26.0421,7.422,2.4729
2255,26.111,8.22,3.2683
2256,26.1799,4.684,3.8861
2257,26.2488,4.273,3.4786
2258,26.3177,5.015,2.9169
2259,26.3866,5.38,3.5537
2260,26.4555,7.064,3.7037
2261,26.5244,5.462,3.2999
2262,26.5933,5.97,3.9746
2263,26.6622,5.301,4.2803
2264,26.7311,6.2,3.466
2265,26.8,7.992,3.751
2266,26.8689,9.66,4.0202
2267,26.9377,11.269,5.1101
2268,27.0066,15.206,4.4967
2269,27.0755,13.581,3.7318
2270,27.1444,16.149,4.2734
2271,27.2133,25.09,5.2122
2272,27.2822,25.164,5.6999
2273,27.3511,28.815,6.1449
2274,27.42,23.82,5.1678
2275,27.4889,16.017,5.6022
2276,27.5578,14.438,6.0021
2277,27.6267,21.114,5.9867
2278,27.6956,23.565,5.7655
2279,27.7645,27.149,4.9168
2280,27.8334,30.068,5.8417
2281,27.9023,36.954,6.6186
2282,27.9712,48.953,8.715
2283,28.0401,61.226,9.969
2284,28.109,65.189,9.8118
2285,28.1778,64.294,11.729
2286,28.2467,51.542,11.025
2287,28.3156,39.529,9.7854
2288,28.3845,37.386,8.2677
2289,28.4534,33.627,6.9999
2290,28.5223,28.304,5.9096
2291,28.5912,25.84,6.2223
2292,28.6601,25.804,5.7382
2293,28.729,22.966,5.4084
2294,28.7979,17.922,5.2619
2295,28.8668,16.95,4.4169
2296,28.9357,14.997,5.4647
2297,29.0046,14.543,5.8413
2298,29.0735,15.471,5.9304
2299,29.1424,16.05,5.5785
2300,29.2113,14.36,5.0026
2301,29.2802,11.759,5.2683
2302,29.3491,10.151,5.0765
2303,29.4179,9.091,4.7506
2304,29.4868,8.759,4.2541
2305,29.5557,7.631,4.9689
2306,29.6246,6.904,4.4297
2307,29.6935,5.582,4.0913
2308,29.7624,4.41,5.1044
2309,29.8313,5.744,3.5972
2310,29.9002,9.183,3.6335
2311,29.9691,9.655,4.1464
2312,30.038,11.124,4.3057
2313,30.1069,11.955,4.5844
2314,30.1758,9.246,4.2211
2315,30.2447,9.632,4.1906
2316,30.3136,9.563,4.6513
2317,30.3825,12.909,4.2764
2318,30.4514,18.995,5.3798
2319,30.5203,25.083,5.4915
2320,30.5892,30.44,5.4473
2321,30.6581,47.015,7.1847
2322,30.7269,54.137,10.4245
2323,30.7958,69.373,12.1428
2324,30.8647,85.117,12.8939
2325,30.9336,98.416,15.3699
2326,31.0025,104.751,16.3769
2327,31.0714,88.387,15.1584
2328,31.1403,67.493,13.5806
2329,31.2092,47.14,13.2473
2330,31.2781,30.791,10.6584
2331,31.347,22.015,7.2974
2332,31.4159,14.297,6.6583
2333,31.4848,12.549,5.1756
2334,31.5537,10.314,3.8482
2335,31.6226,8.923,3.0654
2336,31.6915,7.483,3.7731
2337,31.7604,6.612,3.5798
2338,31.8293,5.521,2.2141
2339,31.8982,4.488,2.8413
2340,31.967,6.539,2.6342
2341,32.0359,7.378,3.7581
2342,32.1048,6.028,3.2944
2343,32.1737,5.45,2.71
2344,32.2426,4.735,3.515
2345,32.3115,4.105,2.5698
2346,32.3804,3.41,2.9971
2347,32.4493,3.29,3.7267
2348,32.5182,2.918,3.2284
2349,32.5871,4.987,3.0684
2350,32.656,4.287,2.932
2351,32.7249,4.208,2.9652
2352,32.7938,4.076,2.8799
2353,32.8627,6.655,3.5472
2354,32.9316,12.149,3.6334
2355,33.0005,22.045,5.6572
2356,33.0694,34.948,7.4764
2357,33.1383,48.891,10.6909
2358,33.2071,64.211,13.1246
2359,33.276,78.244,13.1192
2360,33.3449,87.82,15.5789
2361,33.4138,68.4,15.2116
2362,33.4827,49.178,12.0324
2363,33.5516,41.979,11.8847
2364,33.6205,34.45,10.4189
2365,33.6894,25.105,8.6293
2366,33.7583,18.25,6.9054
2367,33.8272,14.68,7.4102
2368,33.8961,10.808,6.4703
2369,33.965,11.006,5.9148
2370,34.0339,10.78,6.2544
2371,34.1028,13.799,6.3377
2372,34.1717,15.012,5.8155
2373,34.2406,17.083,6.8034
2374,34.3095,15.661,5.7842
2375,34.3784,14.991,4.9527
2376,34.4472,13.886,3.7475
2377,34.5161,14.224,4.13
2378,34.585,17.033,4.7924
2379,34.6539,20.024,4.1908
2380,34.7228,27.211,5.8372
2381,34.7917,32.032,6.8655
2382,34.8606,36.517,7.9783
2383,34.9295,42.253,9.464
2384,34.9984,44.015,10.2877
2385,35.0673,42.731,9.4037
2386,35.1362,35.797,7.9416
2387,35.2051,31.725,6.5663
2388,35.274,23.596,5.8579
2389,35.3429,21.088,6.6416
2390,35.4118,25.283,5.9801
2391,35.4807,30.485,5.8277
2392,35.5496,32.043,5.7161
2393,35.6185,36.911,7.1919
2394,35.6873,36.747,6.8594
2395,35.7562,35.142,6.6361
2396,35.8251,31.531,6.2228
2397,35.894,28.025,5.8682
2398,35.9629,26.35,5.3747
2399,36.0318,23.004,5.2325
2400,36.1007,18.897,5.7172
2401,36.1696,18.091,4.8433
2402,36.2385,15.38,5.0647
2403,36.3074,15.062,5.5181
2404,36.3763,13.672,5.0894
2405,36.4452,10.088,4.3725
2406,36.5141,6.128,4.4464
2407,36.583,4.752,4.563
2408,36.6519,4.043,2.9459
2409,36.7208,3.647,3.3788
2410,36.7897,3.027,3.4069
2411,36.8586,2.924,2.1504
2412,36.9274,5.984,2.1749
2413,36.9963,7.88,2.0259
2414,37.0652,7.317,3.3155
2415,37.1341,10.758,4.1345
2416,37.203,14.917,5.1428
2417,37.2719,21.008,6.2579
2418,37.3408,21.492,6.7329
2419,37.4097,21.549,7.8815
2420,37.4786,18.063,7.8779
2421,37.5475,14.535,7.3977
2422,37.6164,10.169,7.1147
2423,37.6853,10.042,5.2792
2424,37.7542,8.997,5.3703
2425,37.8231,8.333,5.2591
2426,37.892,7.235,5.1167
2427,37.9609,8.074,4.2174
2428,38.0298,7.756,4.1072
2429,38.0987,8.034,4.2195
2430,38.1675,9.593,3.6218
2431,38.2364,10.964,3.3866
2432,38.3053,14.002,3.8469
2433,38.3742,20.186,4.7509
2434,38.4431,25.467,6.5253
2435,38.512,33.472,8.5918
2436,38.5809,42.801,9.8145
2437,38.6498,49.189,11.486
2438,38.7187,46.368,9.7625
2439,38.7876,35.836,7.4769
2440,38.8565,30.71,6.2215
2441,38.9254,24.498,4.4707
2442,38.9943,18.314,4.1974
2443,39.0632,11.242,3.4295
2444,39.1321,8.785,4.1024
2445,39.201,4.74,3.4683
2446,39.2699,5.16,4.0216
2447,39.3388,9.072,3.4344
2448,39.4076,12.046,3.8809
2449,39.4765,16.084,4.1622
2450,39.5454,20.829,4.3811
2451,39.6143,18.382,4.3191
2452,39.6832,17.872,4.2727
2453,39.7521,18.991,4.2046
2454,39.821,27.557,6.2409
2455,39.8899,54.458,8.9109
2456,39.9588,85.502,14.1773
2457,40.0277,112.165,16.5501
2458,40.0966,106.462,17.5955
2459,40.1655,88.355,13.2266
2460,40.2344,67.699,11.5419
2461,40.3033,47.321,8.6788
2462,40.3722,31.171,7.5524
2463,40.4411,26.525,6.2175
2464,40.51,24.909,6.2039
2465,40.5789,25.551,6.1207
2466,40.6478,28.778,6.9335
2467,40.7166,28.362,6.5621
2468,40.7855,23.232,6.7109
2469,40.8544,20.745,6.8139
2470,40.9233,16.627,5.0034
2471,40.9922,12.159,4.8629
2472,41.0611,11.267,4.2219
2473,41.13,9.547,3.8605
2474,41.1989,9.164,3.4961
2475,41.2678,8.438,4.3849
2476,41.3367,9.666,3.981
2477,41.4056,8.96,3.3212
2478,41.4745,10.286,2.4922
2479,41.5434,11.434,3.4943
2480,41.6123,11.182,4.8959
2481,41.6812,9.676,4.1265
2482,41.7501,9.708,3.4006
2483,41.819,9.486,3.9174
2484,41.8879,12.238,3.859
2485,41.9567,11.102,3.449
2486,42.0256,10.658,3.4606
2487,42.0945,12.801,3.9024
2488,42.1634,16.13,4.7796
2489,42.2323,17.987,5.5416
2490,42.3012,17.92,5.8385
2491,42.3701,16.751,5.6539
2492,42.439,19.776,6.9659
2493,42.5079,22.838,6.8193
2494,42.5768,26.386,7.8894
2495,42.6457,25.502,7.757
2496,42.7146,23.169,7.9252
2497,42.7835,21.59,7.1895
2498,42.8524,20.66,7.8419
2499,42.9213,24.416,9.9348
2500,42.9902,29.928,10.6592
2501,43.0591,32.303,9.8483
2502,43.128,26.451,7.7246
2503,43.1968,22.297,6.6053
2504,43.2657,19.327,6.2398
2505,43.3346,13.741,5.6536
2506,43.4035,11.344,4.7886
2507,43.4724,8.211,3.7458
2508,43.5413,6.983,3.0017
2509,43.6102,9.697,3.6748
2510,43.6791,9.116,3.3437
2511,43.748,7.363,2.9225
2512,43.8169,5.642,2.8947
2513,43.8858,7.561,3.1169
2514,43.9547,7.74,3.4277
2515,44.0236,4.879,3.6258
2516,44.0925,3.951,3.6787
2517,44.1614,3.828,3.3274
2518,44.2303,3.727,3.1394
2519,44.2992,5.95,2.3572
2520,44.3681,4.385,2.4192
2521,44.437,3.902,2.8606
2522,44.5058,3.823,3.2686
2523,44.5747,4.464,3.4739
2524,44.6436,4.601,3.9757
2525,44.7125,5.725,3.0536
2526,44.7814,7.103,2.4503
2527,44.8503,7.267,3.4302
2528,44.9192,5.508,3.0234
2529,44.9881,5.257,3.217
2530,45.057,3.427,2.0293
2531,45.1259,3.572,1.9616
2532,45.1948,3.753,2.0864
2533,45.2637,5.178,2.9805
2534,45.3326,4.936,3.676
2535,45.4015,5.94,3.1916
2536,45.4704,7.209,3.4364
2537,45.5393,8.443,3.4174
2538,45.6082,10.477,3.5812
2539,45.6771,19.242,4.838
2540,45.7459,28.825,6.5366
2541,45.8148,47.073,10.2534
2542,45.8837,74.374,13.2825
2543,45.9526,81.213,15.8483
2544,46.0215,80.617,15.0936
2545,46.0904,61.5,12.5762
2546,46.1593,47.915,10.4817
2547,46.2282,50.025,9.6703
2548,46.2971,46.346,9.3141
2549,46.366,40.976,8.1108
2550,46.4349,34.603,7.9271
2551,46.5038,39.365,9.8262
2552,46.5727,43.237,10.9666
2553,46.6416,40.098,10.2699
2554,46.7105,41.534,9.7658
2555,46.7794,38.29,9.8885
2556,46.8483,34.961,9.1521
2557,46.9172,35.919,8.6632
2558,46.986,30.598,8.8324
2559,47.0549,25.737,7.1999
2560,47.1238,15.2,6.2835
2561,47.1927,13.0,4.7862
2562,47.2616,10.665,3.4213
2563,47.3305,11.825,4.2891
2564,47.3994,12.636,4.4932
2565,47.4683,15.704,3.8807
2566,47.5372,19.023,4.2638
2567,47.6061,22.454,5.6476
2568,47.675,22.117,5.3359
2569,47.7439,17.637,4.8013
2570,47.8128,14.524,4.2431
2571,47.8817,10.273,2.725
2572,47.9506,9.243,2.263
2573,48.0195,8.868,2.2297
2574,48.0884,10.076,2.4012
2575,48.1573,9.205,3.6973
2576,48.2261,9.96,3.2811
2577,48.295,7.051,2.5686
2578,48.3639,4.371,2.9842
2579,48.4328,4.335,2.835
2580,48.5017,6.964,2.7547
2581,48.5706,9.447,2.879
2582,48.6395,12.641,3.4455
2583,48.7084,9.993,3.0676
2584,48.7773,6.43,2.6893
2585,48.8462,4.351,2.3416
2586,48.9151,4.134,3.0201
2587,48.984,5.05,3.6894
2588,49.0529,5.648,2.6444
2589,49.1218,6.138,2.0806
2590,49.1907,6.918,2.8033
2591,49.2596,11.096,3.5006
2592,49.3285,13.41,3.2849
2593,49.3974,17.459,3.2225
2594,49.4662,16.019,3.1151
2595,49.5351,12.471,3.5423
2596,49.604,12.719,3.8473
2597,49.6729,15.564,3.8377
2598,49.7418,18.997,4.4787
2599,49.8107,24.837,6.6796
2600,49.8796,31.432,7.8856
2601,49.9485,34.608,7.9935
2602,50.0174,37.019,9.0427
2603,50.0863,35.261,10.005
2604,50.1552,28.99,10.1417
2605,50.2241,23.609,7.9111
2606,50.293,19.517,6.9704
2607,50.3619,17.954,6.6287
2608,50.4308,20.475,6.9653
2609,50.4997,21.282,6.2314
2610,50.5686,21.398,5.7756
2611,50.6375,22.65,4.9553
2612,50.7063,22.584,4.6065
2613,50.7752,23.902,4.6891
2614,50.8441,31.037,6.9727
2615,50.913,40.34,8.3405
2616,50.9819,53.046,9.5868
2617,51.0508,72.872,11.993
2618,51.1197,79.788,14.1847
2619,51.1886,79.816,13.1777
2620,51.2575,74.378,12.9002
2621,51.3264,68.774,13.047
2622,51.3953,58.356,11.2762
2623,51.4642,49.637,10.008
2624,51.5331,40.856,8.2807
2625,51.602,29.747,7.3116
2626,51.6709,20.052,6.3747
2627,51.7398,15.524,5.2236
2628,51.8087,16.966,4.7093
2629,51.8776,16.008,4.3259
2630,51.9464,18.002,4.1509
2631,52.0153,17.47,3.9118
2632,52.0842,19.703,4.0743
2633,52.1531,22.499,5.0454
2634,52.222,24.346,7.6266
2635,52.2909,22.599,7.1689
2636,52.3598,17.728,5.7752
2637,52.4287,13.255,5.681
2638,52.4976,12.503,5.2058
2639,52.5665,13.499,5.1462
2640,52.6354,14.545,5.6274
2641,52.7043,14.342,5.5283
2642,52.7732,9.77,5.7145
2643,52.8421,6.84,4.9055
2644,52.911,9.073,5.4189
2645,52.9799,10.132,5.104
2646,53.0488,10.182,3.8097
2647,53.1177,7.594,4.2062
2648,53.1866,6.9,4.3203
2649,53.2554,7.476,4.3409
2650,53.3243,8.883,4.4854
2651,53.3932,13.563,4.6868
2652,53.4621,14.743,4.7453
2653,53.531,13.869,4.0668
2654,53.5999,10.727,4.1955
2655,53.6688,10.185,4.8238
2656,53.7377,11.24,4.4903
2657,53.8066,14.306,5.8401
2658,53.8755,19.46,6.6941
2659,53.9444,28.075,7.3307
2660,54.0133,34.67,9.553
2661,54.0822,38.3,12.3058
2662,54.1511,36.076,11.3157
2663,54.22,29.418,9.2038
2664,54.2889,19.384,8.4677
2665,54.3578,16.502,6.2157
2666,54.4267,13.185,4.1437
2667,54.4955,10.879,4.3253
2668,54.5644,10.434,5.1353
2669,54.6333,9.128,4.5395
2670,54.7022,10.134,4.336
2671,54.7711,10.687,5.4475
2672,54.84,15.49,6.2523
2673,54.9089,16.969,6.3793
2674,54.9778,19.24,5.9464
2675,55.0467,22.386,6.7101
2676,55.1156,19.637,6.9788
2677,55.1845,16.241,7.0462
2678,55.2534,15.153,5.7242
2679,55.3223,14.328,5.7065
2680,55.3912,18.751,5.3734
2681,55.4601,22.752,6.8768
2682,55.529,21.948,6.3658
2683,55.5979,21.65,5.2081
2684,55.6668,28.872,5.5383
2685,55.7356,31.752,7.8929
2686,55.8045,30.609,7.4251
2687,55.8734,30.093,6.2702
2688,55.9423,28.438,7.1832
2689,56.0112,27.595,6.6129
2690,56.0801,30.604,7.1956
2691,56.149,37.327,7.2382
2692,56.2179,42.254,7.9979
2693,56.2868,45.408,8.537
2694,56.3557,47.73,10.268
2695,56.4246,46.224,11.0963
2696,56.4935,44.472,10.2926
2814,0.0,98.3731,16.9299
2815,0.0689,83.8864,16.9297
2816,0.1378,56.3731,13.19
2817,0.2067,38.0236,9.2036
2818,0.2756,27.6099,6.8985
2819,0.3445,18.0995,5.8625
2820,0.4134,13.0831,5.2737
2821,0.4823,10.0515,3.8867
2822,0.5512,7.9049,3.5887
2823,0.6201,11.9577,4.1746
2824,0.6889,12.823,4.1567
2825,0.7578,15.8753,3.8447
2826,0.8267,17.7732,4.332
2827,0.8956,19.3087,4.158
2828,0.9645,19.1183,4.1743
2829,1.0334,15.9371,4.5698
2830,1.1023,15.1433,4.5958
2831,1.1712,15.3149,5.252
2832,1.2401,16.7406,5.383
2833,1.309,18.5536,4.4355
2834,1.3779,17.5712,3.9183
2835,1.4468,17.1188,5.5181
2836,1.5157,17.2513,5.6565
2837,1.5846,19.1096,4.5222
2838,1.6535,16.8074,4.5722
2839,1.7224,10.8324,3.7422
2840,1.7913,8.0076,2.8821
2841,1.8602,7.8554,3.8242
2842,1.929,6.602,3.7535
2843,1.9979,9.841,4.3374
2844,2.0668,13.9513,3.7847
2845,2.1357,15.7349,5.5032
2846,2.2046,19.6028,6.282
2847,2.2735,20.4256,7.5999
2848,2.3424,24.4943,7.7714
2849,2.4113,24.5466,9.3668
2850,2.4802,27.4869,7.6794
2851,2.5491,24.7815,7.381
2852,2.618,17.3962,5.9691
2853,2.6869,13.7894,4.6296
2854,2.7558,8.8969,4.4362
2855,2.8247,7.9235,4.7839
2856,2.8936,7.6136,5.8003
2857,2.9625,6.2276,4.4466
2858,3.0314,8.7078,4.1354
2859,3.1003,8.6839,3.7725
2860,3.1691,9.8048,3.7878
2861,3.238,10.6916,4.5884
2862,3.3069,12.0843,4.7579
2863,3.3758,12.0153,4.9141
2864,3.4447,8.7863,3.6145
2865,3.5136,8.4483,3.9669
2866,3.5825,8.9194,4.693
2867,3.6514,10.0579,4.6262
2868,3.7203,9.4226,4.7903
2869,3.7892,7.6947,3.9049
2870,3.8581,6.4133,3.9436
2871,3.927,6.1576,3.9615
2872,3.9959,6.1389,5.0009
2873,4.0648,8.2697,5.3602
2874,4.1337,9.1233,5.0696
2875,4.2026,11.9581,4.1221
2876,4.2715,9.9826,4.7214
2877,4.3404,12.0691,5.0186
2878,4.4092,11.858,5.041
2879,4.4781,12.2934,4.6183
2880,4.547,15.7293,4.5981
2881,4.6159,19.4023,4.9303
2882,4.6848,24.9105,6.3279
2883,4.7537,33.4161,6.1454
2884,4.8226,36.3794,6.3102
2885,4.8915,31.6249,6.6739
2886,4.9604,27.0981,7.8079
2887,5.0293,20.9137,7.6741
2888,5.0982,17.9745,6.7977
2889,5.1671,15.5914,6.856
2890,5.236,15.0678,5.7996
2891,5.3049,14.9908,6.2094
2892,5.3738,18.9273,6.2158
2893,5.4427,30.2469,7.4151
2894,5.5116,33.2757,6.8136
2895,5.5805,29.7107,7.2279
2896,5.6493,21.8203,6.8485
2897,5.7182,11.6559,4.7969
2898,5.7871,9.1267,4.7588
2899,5.856,10.3415,4.6157
2900,5.9249,16.7667,4.6815
2901,5.9938,27.7758,6.0562
2902,6.0627,46.7859,7.0619
2903,6.1316,61.1481,7.83
2904,6.2005,62.1781,7.5836
2905,6.2694,49.5062,7.6083
2906,6.3383,37.0518,7.2694
2907,6.4072,33.4024,5.8727
2908,6.4761,23.9021,6.3062
2909,6.545,19.2062,7.8347
2910,6.6139,20.3897,6.8885
2911,6.6828,27.6454,7.6278
2912,6.7517,36.5805,8.5874
2913,6.8206,49.8193,11.6373
2914,6.8894,67.854,13.5218
2915,6.9583,80.4834,17.3687
2916,7.0272,72.0197,16.7366
2917,7.0961,44.55,16.0427
2918,7.165,26.5505,10.7679
2919,7.2339,17.8472,8.1702
2920,7.3028,13.9009,6.819
2921,7.3717,14.3242,5.2429
2922,7.4406,13.5201,4.2362
2923,7.5095,10.8929,5.1222
2924,7.5784,9.7062,4.0223
2925,7.6473,9.4156,3.9138
2926,7.7162,12.232,4.3527
2927,7.7851,11.994,3.8977
2928,7.854,13.2333,4.4628
2929,7.9229,13.238,5.5502
2930,7.9918,15.4413,4.3638
2931,8.0607,15.8582,4.1948
2932,8.1296,12.6097,3.9115
2933,8.1984,9.2991,4.4145
2934,8.2673,7.1939,3.984
2935,8.3362,5.5399,2.5819
2936,8.4051,7.9272,2.3595
2937,8.474,6.3681,2.8369
2938,8.5429,7.9608,4.0116
2939,8.6118,8.4155,4.4265
2940,8.6807,9.5802,5.5655
2941,8.7496,10.3887,5.1193
2942,8.8185,13.5735,4.6489
2943,8.8874,11.6025,4.5907
2944,8.9563,12.9665,4.0149
2945,9.0252,11.9801,4.3667
2946,9.0941,14.7587,3.9288
2947,9.163,19.8365,5.4004
2948,9.2319,20.3919,4.4235
2949,9.3008,21.241,5.0473
2950,9.3697,17.6882,5.7873
2951,9.4385,16.6739,4.8942
2952,9.5074,16.7103,5.6085
2953,9.5763,20.8087,5.9839
2954,9.6452,27.3175,8.0253
2955,9.7141,30.9477,8.6864
2956,9.783,36.9332,9.6829
2957,9.8519,35.2323,12.9764
2958,9.9208,30.1642,11.3328
2959,9.9897,28.326,9.0875
2960,10.0586,28.8064,8.5169
2961,10.1275,28.3789,10.2267
2962,10.1964,25.0992,8.8805
2963,10.2653,22.0268,8.6245
2964,10.3342,25.9389,6.466
2965,10.4031,25.431,6.1489
2966,10.472,24.2496,6.4422
2967,10.5409,21.4832,7.2952
2968,10.6098,19.7546,6.3645
2969,10.6786,17.8097,5.7985
2970,10.7475,18.9333,5.2457
2971,10.8164,18.0402,5.1438
2972,10.8853,14.8569,5.4105
2973,10.9542,16.722,5.6555
2974,11.0231,17.0131,4.4554
2975,11.092,15.5103,4.9754
2976,11.1609,15.223,5.082
2977,11.2298,17.4886,4.9003
2978,11.2987,18.0061,5.4071
2979,11.3676,20.1432,6.8603
2980,11.4365,22.9781,6.8473
2981,11.5054,24.3483,6.4873
2982,11.5743,21.3671,7.2329
2983,11.6432,16.5283,6.0371
2984,11.7121,11.0829,5.8212
2985,11.781,8.5311,5.1854
2986,11.8499,7.55,5.6701
2987,11.9187,8.4645,5.5388
2988,11.9876,10.8117,6.284
2989,12.0565,15.0779,5.1516
2990,12.1254,15.4576,5.8318
2991,12.1943,14.2929,5.1567
2992,12.2632,13.1568,3.439
2993,12.3321,10.7915,3.6326
2994,12.401,9.897,5.1405
2995,12.4699,12.8606,4.6243
2996,12.5388,15.3936,5.8749
2997,12.6077,24.478,7.0772
2998,12.6766,35.1289,9.2297
2999,12.7455,41.7129,10.5915
3000,12.8144,48.5976,9.2407
3001,12.8833,54.7251,8.7497
3002,12.9522,60.4225,9.3201
3003,13.0211,69.5868,9.9887
3004,13.09,77.0298,11.7145
3005,13.1588,85.0023,12.8196
3006,13.2277,85.1572,12.0064
3007,13.2966,77.3685,11.9063
3008,13.3655,63.6042,10.5817
3009,13.4344,49.0199,9.3812
3010,13.5033,40.5335,9.1092
3011,13.5722,30.2871,8.2367
3012,13.6411,26.3775,6.5404
3013,13.71,17.7778,5.6872
3014,13.7789,14.8443,5.3772
3015,13.8478,11.387,5.0168
3016,13.9167,9.8938,4.5733
3017,13.9856,11.8598,4.7154
3018,14.0545,13.6621,5.5796
3019,14.1234,17.9111,5.1535
3020,14.1923,20.0926,5.0523
3021,14.2612,20.2256,5.2832
3022,14.3301,17.6639,5.4159
3023,14.3989,15.7156,4.2336
3024,14.4678,13.2758,4.0151
3025,14.5367,10.9443,3.847
3026,14.6056,8.6339,3.4484
3027,14.6745,10.2376,2.3251
3028,14.7434,12.6845,2.384
3029,14.8123,19.8009,2.4755
3030,14.8812,23.7592,3.1336
3031,14.9501,24.0268,4.4002
3032,15.019,24.8404,5.0251
3033,15.0879,24.0558,4.9737
3034,15.1568,21.2136,5.1106
3035,15.2257,22.3492,4.0634
3036,15.2946,23.9726,4.5556
3037,15.3635,26.9979,5.4645
3038,15.4324,24.9936,7.0697
3039,15.5013,22.8716,6.1757
3040,15.5702,23.6893,6.2633
3041,15.6391,25.548,6.2785
3042,15.7079,30.7401,7.3167
3043,15.7768,45.3217,7.4108
3044,15.8457,54.0211,8.5837
3045,15.9146,68.0344,10.933
3046,15.9835,73.7852,11.0107
3047,16.0524,71.3546,13.0107
3048,16.1213,63.229,12.407
3049,16.1902,52.2508,13.073
3050,16.2591,44.5484,13.6219
3051,16.328,39.0384,12.7833
3052,16.3969,34.7507,13.1559
3053,16.4658,30.4226,10.9508
3054,16.5347,24.214,9.945
3055,16.6036,18.2529,8.1145
3056,16.6725,17.606,6.7066
3057,16.7414,14.2231,6.5409
3058,16.8103,12.2175,5.4631
3059,16.8792,10.8471,4.7445
3060,16.948,11.1112,4.8825
3061,17.0169,8.505,5.3459
3062,17.0858,8.8796,5.2173
3063,17.1547,8.3297,5.5423
3064,17.2236,9.8983,3.0535
3065,17.2925,10.5973,3.3251
3066,17.3614,8.7292,3.4808
3067,17.4303,8.0877,3.9435
3068,17.4992,6.4943,4.8452
3069,17.5681,6.3371,4.6982
3070,17.637,6.2314,3.992
3071,17.7059,7.6006,4.825
3072,17.7748,10.9066,4.9811
3073,17.8437,9.4826,4.159
3074,17.9126,9.8543,4.3419
3075,17.9815,9.3923,4.7298
3076,18.0504,12.9266,6.0542
3077,18.1193,14.1785,5.7591
3078,18.1881,16.4637,5.6476
3079,18.257,19.0579,6.1033
3080,18.3259,21.99,5.6159
3081,18.3948,21.5323,5.2337
3082,18.4637,18.1955,5.4723
3083,18.5326,17.6563,6.4047
3084,18.6015,15.7059,5.8315
3085,18.6704,20.6951,6.0962
3086,18.7393,18.2573,6.8787
3087,18.8082,16.4115,6.7929
3088,18.8771,9.8157,5.7459
3089,18.946,9.9618,4.3669
3090,19.0149,10.5789,4.0185
3091,19.0838,8.488,3.9726
3092,19.1527,9.5344,4.715
3093,19.2216,10.5581,3.9015
3094,19.2905,12.2549,4.0112
3095,19.3594,15.1179,5.4522
3096,19.4282,18.8973,5.7349
3097,19.4971,24.6458,6.2885
3098,19.566,23.0877,7.9107
3099,19.6349,20.7442,6.7798
3100,19.7038,19.0161,5.691
3101,19.7727,17.0779,5.2437
3102,19.8416,15.6512,4.8537
3103,19.9105,18.5113,5.7318
3104,19.9794,18.874,7.4364
3105,20.0483,23.185,7.3408
3106,20.1172,28.7747,8.1954
3107,20.1861,31.7485,8.407
3108,20.255,31.8078,8.0024
3109,20.3239,29.5931,10.2414
3110,20.3928,29.4987,9.3382
3111,20.4617,23.3209,7.6726
3112,20.5306,17.5644,6.4495
3113,20.5995,11.3909,4.9351
3114,20.6683,7.259,5.0753
3115,20.7372,7.54,5.1119
3116,20.8061,6.8255,4.7934
3117,20.875,7.7168,3.9516
3118,20.9439,8.2781,4.2095
3119,21.0128,8.3592,4.3622
3120,21.0817,8.5522,3.9491
3121,21.1506,11.2425,4.5404
3122,21.2195,11.5424,4.8798
3123,21.2884,13.1834,3.8541
3124,21.3573,11.5268,3.5832
3125,21.4262,13.0985,4.5976
3126,21.4951,15.9257,5.5935
3127,21.564,19.4096,7.1758
3128,21.6329,23.6597,6.1903
3129,21.7018,21.5877,6.196
3130,21.7707,21.7649,6.6264
3131,21.8396,22.1818,6.6709
3132,21.9084,25.7416,7.7841
3133,21.9773,33.897,9.437
3134,22.0462,37.6484,11.0746
3135,22.1151,41.2343,11.462
3136,22.184,40.3825,12.6273
3137,22.2529,40.443,10.2313
3138,22.3218,40.352,10.109
3139,22.3907,41.5334,11.0726
3140,22.4596,44.1332,10.5815
3141,22.5285,48.2671,10.1815
3142,22.5974,52.4468,11.0795
3143,22.6663,46.2324,9.7404
3144,22.7352,37.9014,8.8536
3145,22.8041,41.0017,9.6205
3146,22.873,41.1473,9.4395
3147,22.9419,46.8496,10.2153
3148,23.0108,49.0631,10.942
3149,23.0797,56.4581,8.5425
3150,23.1486,49.8331,8.826
3151,23.2174,43.8677,7.9615
3152,23.2863,44.5683,7.5575
3153,23.3552,37.9085,6.9587
3154,23.4241,29.3761,6.7691
3155,23.493,24.1813,6.9149
3156,23.5619,23.0855,5.6418
3157,23.6308,24.0277,5.8193
3158,23.6997,26.2312,6.2443
3159,23.7686,19.625,7.1592
3160,23.8375,11.7963,6.439
3161,23.9064,10.7738,5.7975
3162,23.9753,19.2797,6.2433
3163,24.0442,25.3437,5.4556
3164,24.1131,25.125,5.6045
3165,24.182,17.7418,5.4729
3166,24.2509,8.1487,5.587
3167,24.3198,3.0664,4.6043
3168,24.3887,3.0384,3.6879
3169,24.4575,3.037,4.9343
3170,24.5264,4.3362,4.6078
3171,24.5953,1.6408,4.3297
3172,24.6642,2.4535,3.2831
3173,24.7331,3.1473,3.6601
3174,24.802,4.8114,4.6901
3175,24.8709,6.1094,3.8269
3176,24.9398,5.3246,3.953
3177,25.0087,5.0824,4.7792
3178,25.0776,4.4678,4.0495
3179,25.1465,3.1605,4.01
3180,25.2154,2.8374,4.5196
3181,25.2843,3.2161,4.4684
3182,25.3532,2.7552,5.5223
3183,25.4221,3.5767,5.168
3184,25.491,3.5771,5.8487
3185,25.5599,3.8052,5.439
3186,25.6288,5.9607,5.5014
3187,25.6976,7.2087,5.3
3188,25.7665,8.1529,4.1063
3189,25.8354,6.7163,4.6805
3190,25.9043,6.3227,4.2074
3191,25.9732,7.8105,3.7488
3192,26.0421,6.5008,4.5875
3193,26.111,5.5476,4.5582
3194,26.1799,5.9242,5.4041
3195,26.2488,6.0528,5.3778
3196,26.3177,4.7149,4.6352
3197,26.3866,6.7634,4.1375
3198,26.4555,9.0963,3.7714
3199,26.5244,9.3482,3.6039
3200,26.5933,9.6292,4.4862
3201,26.6622,13.7878,4.7503
3202,26.7311,19.6685,5.4951
3203,26.8,28.3375,6.0538
3204,26.8689,38.5454,7.0041
3205,26.9377,44.8159,8.5008
3206,27.0066,43.6741,9.8136
3207,27.0755,41.505,9.2102
3208,27.1444,34.3209,9.273
3209,27.2133,30.9684,7.409
3210,27.2822,30.5601,5.9041
3211,27.3511,24.865,4.9363
3212,27.42,22.8162,4.6926
3213,27.4889,18.9584,4.3614
3214,27.5578,18.8492,5.5083
3215,27.6267,17.3033,4.9806
3216,27.6956,18.8049,5.1964
3217,27.7645,19.8028,5.7084
3218,27.8334,24.0954,5.242
3219,27.9023,29.7876,5.9732
3220,27.9712,29.6919,7.7728
3221,28.0401,30.7846,7.7715
3222,28.109,30.4202,8.7421
3223,28.1778,27.684,7.249
3224,28.2467,25.2807,6.4115
3225,28.3156,25.4502,6.5185
3226,28.3845,20.6788,6.0403
3227,28.4534,19.0596,5.8303
3228,28.5223,23.5539,7.401
3229,28.5912,26.228,9.1924
3230,28.6601,19.7424,9.0682
3231,28.729,18.7973,8.1201
3232,28.7979,14.9329,6.9649
3233,28.8668,13.0205,5.6469
3234,28.9357,10.7801,5.2781
3235,29.0046,10.3625,3.5856
3236,29.0735,11.9129,3.9616
3237,29.1424,16.0438,3.4797
3238,29.2113,19.7492,3.9297
3239,29.2802,18.9493,4.8874
3240,29.3491,18.1522,4.442
3241,29.4179,16.4899,5.3473
3242,29.4868,13.1932,4.7361
3243,29.5557,15.427,4.9061
3244,29.6246,14.9568,4.9309
3245,29.6935,11.1678,4.9446
3246,29.7624,11.5661,5.62
3247,29.8313,10.9462,5.5403
3248,29.9002,11.5363,5.8591
3249,29.9691,11.4413,4.1878
3250,30.038,11.4047,5.3002
3251,30.1069,12.3245,6.1107
3252,30.1758,12.6407,6.5903
3253,30.2447,14.3283,7.0179
3254,30.3136,14.8642,7.0095
3255,30.3825,14.2426,6.6818
3256,30.4514,10.1466,6.7436
3257,30.5203,6.4108,5.7872
3258,30.5892,4.4901,4.1505
3259,30.6581,3.8911,3.5034
3260,30.7269,3.6838,3.4172
3261,30.7958,3.7018,3.7164
3262,30.8647,3.1195,4.7525
3263,30.9336,3.3184,3.6317
3264,31.0025,4.5014,3.9906
3265,31.0714,4.3065,2.749
3266,31.1403,4.5104,3.3814
3267,31.2092,4.6049,3.538
3268,31.2781,5.3397,3.4435
3269,31.347,6.0959,2.7641
3270,31.4159,8.5647,3.663
3271,31.4848,10.174,3.9024
3272,31.5537,13.6709,5.47
3273,31.6226,18.5668,5.4351
3274,31.6915,19.2514,5.3409
3275,31.7604,21.1281,5.7617
3276,31.8293,24.9383,6.0771
3277,31.8982,30.7185,8.1029
3278,31.967,35.7353,9.7714
3279,32.0359,30.2235,8.0747
3280,32.1048,27.9617,7.228
3281,32.1737,24.4154,6.6537
3282,32.2426,16.2445,5.4405
3283,32.3115,10.7014,6.1925
3284,32.3804,7.451,5.9417
3285,32.4493,8.1886,4.8106
3286,32.5182,6.8211,3.2644
3287,32.5871,8.0096,2.5084
3288,32.656,7.3357,3.4885
3289,32.7249,8.3028,3.3871
3290,32.7938,10.3454,4.1008
3291,32.8627,8.5886,4.9898
3292,32.9316,8.5662,5.0298
3293,33.0005,10.9862,4.8861
3294,33.0694,16.8186,6.102
3295,33.1383,22.089,5.899
3296,33.2071,18.8128,6.4822
3297,33.276,14.6586,5.9823
3298,33.3449,15.6954,6.9655
3299,33.4138,16.6776,6.5346
3300,33.4827,14.7504,5.4747
3301,33.5516,14.3162,6.7874
3302,33.6205,13.2354,7.6093
3303,33.6894,12.8647,6.1943
3304,33.7583,16.4934,6.8284
3305,33.8272,17.7121,6.7414
3306,33.8961,19.3977,7.5116
3307,33.965,26.9702,8.194
3308,34.0339,24.8544,7.8116
3309,34.1028,24.5747,6.6622
3310,34.1717,19.7021,6.455
3311,34.2406,15.6035,6.1224
3312,34.3095,7.6531,4.9598
3313,34.3784,6.3674,4.2177
3314,34.4472,5.9022,4.0244
3315,34.5161,8.7062,5.2474
3316,34.585,10.3033,5.8238
3317,34.6539,13.3906,6.286
3318,34.7228,17.0051,7.5051
3319,34.7917,20.5416,7.3183
3320,34.8606,23.904,7.3604
3321,34.9295,29.7042,6.7596
3322,34.9984,41.9853,10.402
3323,35.0673,64.9061,11.1722
3324,35.1362,84.7235,17.2032
3325,35.2051,94.1448,21.1743
3326,35.274,87.8223,19.1277
3327,35.3429,68.803,16.5591
3328,35.4118,54.0347,14.9712
3329,35.4807,40.7291,12.4408
3330,35.5496,33.8855,10.1209
3331,35.6185,30.1302,8.5018
3332,35.6873,28.8016,8.5474
3333,35.7562,27.1875,7.3033
3334,35.8251,22.0407,7.3754
3335,35.894,18.5194,7.1411
3336,35.9629,22.0016,7.6072
3337,36.0318,26.3746,7.2288
3338,36.1007,30.2495,7.963
3339,36.1696,35.0937,9.1334
3340,36.2385,34.1122,10.1357
3341,36.3074,32.2632,10.0007
3342,36.3763,31.7029,9.1475
3343,36.4452,40.1286,9.4671
3344,36.5141,55.8495,11.8624
3345,36.583,68.9271,13.4321
3346,36.6519,71.4727,14.1225
3347,36.7208,62.1298,14.7833
3348,36.7897,48.5932,14.4401
3349,36.8586,42.067,12.4079
3350,36.9274,39.0626,9.5951
3351,36.9963,33.1279,9.5113
3352,37.0652,24.7854,8.401
3353,37.1341,22.9442,7.6224
3354,37.203,18.9158,6.0875
3355,37.2719,13.0859,5.7569
3356,37.3408,10.5904,6.0338
3357,37.4097,11.6211,4.8604
3358,37.4786,15.5865,5.059
3359,37.5475,19.3363,5.0506
3360,37.6164,23.2884,4.6172
3361,37.6853,27.3455,4.4821
3362,37.7542,28.0092,4.3211
3363,37.8231,25.8534,4.6393
3364,37.892,20.9136,5.0459
3365,37.9609,17.6785,5.0451
3366,38.0298,12.4563,6.8394
3367,38.0987,9.2066,4.5054
3368,38.1675,9.8427,3.1433
3369,38.2364,8.5838,4.0654
3370,38.3053,11.3713,3.5295
3371,38.3742,9.9814,3.322
3372,38.4431,8.2212,3.6123
3373,38.512,6.9243,2.8342
3374,38.5809,6.5587,2.3512
3375,38.6498,7.6982,3.6558
3376,38.7187,12.0392,4.2189
3377,38.7876,17.9809,4.4574
3378,38.8565,20.7657,4.9578
3379,38.9254,19.5588,4.7221
3380,38.9943,14.2562,3.8026
3381,39.0632,9.2944,2.9796
3382,39.1321,4.9409,1.9538
3383,39.201,3.8219,2.3637
3384,39.2699,3.343,2.998
3385,39.3388,3.5096,2.6801
3386,39.4076,2.5956,2.5445
3387,39.4765,2.8919,3.2019
3388,39.5454,3.5389,3.0357
3389,39.6143,3.621,3.1512
3390,39.6832,5.6349,3.0004
3391,39.7521,7.7585,3.5354
3392,39.821,7.504,4.1638
3393,39.8899,11.5242,4.3581
3394,39.9588,17.3599,6.0372
3395,40.0277,19.9134,7.357
3396,40.0966,25.2218,10.3333
3397,40.1655,37.9477,11.311
3398,40.2344,40.7442,9.663
3399,40.3033,40.2574,10.2951
3400,40.3722,39.4211,9.3546
3401,40.4411,30.8926,8.0776
3402,40.51,23.4006,7.6699
3403,40.5789,16.7857,8.0341
3404,40.6478,16.4932,7.5934
3405,40.7166,17.6111,6.7716
3406,40.7855,20.4196,7.1457
3407,40.8544,19.6813,7.4069
3408,40.9233,19.104,7.5502
3409,40.9922,18.0322,5.9405
3410,41.0611,11.9605,4.7249
3411,41.13,9.5127,4.2784
3412,41.1989,7.2537,4.9309
3413,41.2678,6.0971,3.76
3414,41.3367,5.6207,3.7968
3415,41.4056,6.5882,4.5666
3416,41.4745,5.6929,4.7207
3417,41.5434,7.2805,4.3497
3418,41.6123,8.9669,4.7162
3419,41.6812,14.049,5.6258
3420,41.7501,20.0556,5.9372
3421,41.819,23.8182,7.5276
3422,41.8879,19.5492,7.9103
3423,41.9567,14.0085,7.0637
3424,42.0256,10.7934,6.9105
3425,42.0945,8.7542,5.3854
3426,42.1634,7.4812,5.6322
3427,42.2323,5.8731,4.0333
3428,42.3012,7.7384,3.0832
3429,42.3701,9.6682,4.0726
3430,42.439,12.9689,4.074
3431,42.5079,15.3216,4.5071
3432,42.5768,14.4,5.9574
3433,42.6457,11.7786,4.6561
3434,42.7146,12.4024,4.838
3435,42.7835,19.0325,4.9754
3436,42.8524,29.3461,7.3508
3437,42.9213,48.4784,11.101
3438,42.9902,66.0317,13.6598
3439,43.0591,67.4858,14.2647
3440,43.128,65.3704,14.6601
3441,43.1968,63.2551,15.0651
3442,43.2657,66.9535,15.3073
3443,43.3346,66.2421,15.9217
3444,43.4035,56.2165,12.7943
3445,43.4724,40.2658,10.0747
3446,43.5413,27.3458,7.4086
3447,43.6102,17.8539,5.7694
3448,43.6791,14.2168,4.8802
3449,43.748,10.673,3.9203
3450,43.8169,9.595,3.0792
3451,43.8858,8.4276,3.5807
3452,43.9547,8.7474,3.3029
3453,44.0236,7.7492,3.1214
3454,44.0925,10.1182,4.1759
3455,44.1614,9.2376,2.708
3456,44.2303,8.9707,3.1708
3457,44.2992,6.3243,4.1018
3458,44.3681,5.2645,3.972
3459,44.437,3.3853,3.6129
3460,44.5058,3.2591,4.2705
3461,44.5747,3.4132,4.3411
3462,44.6436,2.4438,3.9085
3463,44.7125,3.1987,3.3276
3464,44.7814,2.7736,2.6835
3465,44.8503,3.0245,3.2493
3466,44.9192,3.8185,3.3058
3467,44.9881,2.0011,4.1099
3468,45.057,3.4937,4.4516
3469,45.1259,3.1681,3.8327
3470,45.1948,3.4287,3.0534
3471,45.2637,5.6823,2.6027
3472,45.3326,6.1639,2.5938
3473,45.4015,8.8211,3.1411
3474,45.4704,9.7169,2.6453
3475,45.5393,9.0207,3.2445
3476,45.6082,8.1184,2.9899
3477,45.6771,5.6365,2.9175
3478,45.7459,4.5585,3.0162
3479,45.8148,4.8198,3.0263
3480,45.8837,5.7715,2.4915
3481,45.9526,5.5005,3.1421
3482,46.0215,6.6541,2.3718
3483,46.0904,8.442,2.9937
3484,46.1593,7.1025,3.405
3485,46.2282,5.2957,3.2648
3486,46.2971,4.3534,2.9589
3487,46.366,4.7853,2.7323
3488,46.4349,5.3604,2.9116
3489,46.5038,4.0963,2.8268
3490,46.5727,6.2969,3.4799
3491,46.6416,5.0246,4.1468
3492,46.7105,8.1954,3.2452
3493,46.7794,7.6268,3.0221
3494,46.8483,7.5137,4.1309
3495,46.9172,9.4458,4.9573
3496,46.986,15.2297,4.5023
3497,47.0549,22.2878,5.267
3498,47.1238,33.4067,6.156
3499,47.1927,52.372,9.2169
3500,47.2616,72.4798,10.3439
3501,47.3305,92.0022,11.3667
3502,47.3994,98.6781,12.0393
3503,47.4683,97.8633,13.1536
3504,47.5372,87.2621,12.8977
3505,47.6061,76.8973,12.4405
3506,47.675,62.8634,10.5985
3507,47.7439,53.3695,8.9938
3508,47.8128,47.6449,8.4818
3509,47.8817,48.1815,8.0753
3510,47.9506,44.6599,8.2545
3511,48.0195,40.0103,7.9296
3512,48.0884,29.9855,7.5849
3513,48.1573,27.6259,6.5386
3514,48.2261,23.0977,4.7638
3515,48.295,18.7493,4.7514
3516,48.3639,22.0654,5.7295
3517,48.4328,23.5102,6.3772
3518,48.5017,24.0609,6.4465
3519,48.5706,23.8981,6.9891
3520,48.6395,23.8877,5.9074
3521,48.7084,21.572,5.2662
3522,48.7773,15.8544,4.4767
3523,48.8462,9.9154,4.2391
3524,48.9151,6.7663,3.907
3525,48.984,6.8625,4.1217
3526,49.0529,6.4422,4.1214
3527,49.1218,7.6205,3.8989
3528,49.1907,7.8037,4.2537
3529,49.2596,10.3285,3.5495
3530,49.3285,13.6221,3.9141
3531,49.3974,16.8765,3.6596
3532,49.4662,13.6288,3.87
3533,49.5351,12.4871,3.699
3534,49.604,13.4876,3.927
3535,49.6729,11.3725,4.5483
3536,49.7418,12.407,3.9425
3537,49.8107,10.0181,3.0197
3538,49.8796,7.6997,3.3886
3539,49.9485,7.035,2.9154
3540,50.0174,5.8964,3.2686
3541,50.0863,3.9493,3.0605
3542,50.1552,4.118,3.4997
3543,50.2241,3.5074,2.6822
3544,50.293,2.4489,2.7898
3545,50.3619,2.8372,2.7333
3546,50.4308,3.861,2.8321
3547,50.4997,4.4241,3.5136
3548,50.5686,4.9941,3.6286
3549,50.6375,6.1499,2.9927
3550,50.7063,5.7573,3.9706
3551,50.7752,6.821,3.1834
3552,50.8441,8.5058,3.4221
3553,50.913,12.2099,3.322
3554,50.9819,13.2658,4.1253
3555,51.0508,14.1712,3.8776
3556,51.1197,9.0975,5.0629
3557,51.1886,4.2757,5.2152
3558,51.2575,3.8643,3.8556
3559,51.3264,3.7453,3.893
3560,51.3953,5.6741,3.3096
3561,51.4642,7.0428,4.5719
