,cell,centroid_row,centroid_col,frame
0,7,236.6594371288407,379.72605215595144,0
1,9,236.2795264221773,251.62287034363268,0
2,12,259.4266149870801,431.9609819121447,0
3,13,272.0445557606117,332.25177959398894,0
4,14,278.07354944156907,283.02724053391444,0
5,15,272.84493916645096,189.66787470877557,0
6,16,283.46348122866897,521.1414675767918,0
7,20,311.6439745075319,233.99913093858632,0
8,21,318.5992173112339,632.3517495395948,0
9,22,316.4681933842239,459.91984732824426,0
10,23,319.38135318873424,413.39235998705084,0
11,24,344.9379974863846,364.0592096075967,0
12,27,337.1517444304329,562.5073560319462,0
13,28,325.8909626719057,131.950884086444,0
14,31,347.0888829928363,184.81347837622712,0
15,32,347.4392156862745,294.8115032679739,0
16,33,365.13327697943083,87.73851789236404,0
17,34,371.0304514480409,498.42184838160136,0
18,35,377.1636413641364,236.21754675467548,0
19,36,399.7996749288907,593.6149939049167,0
20,37,385.33351380617216,652.2855982674607,0
21,39,389.03038524145416,442.14243081931636,0
22,40,389.63413191363503,139.0561963916001,0
23,42,415.64667322189445,736.9524745984922,0
24,43,420.5290811339198,536.619257086999,0
25,44,418.54736490994,56.23782521681121,0
26,45,415.53395860284604,279.81953428201814,0
27,46,423.11105915361236,328.8433481412205,0
28,47,430.5540475036355,174.62312166747455,0
29,48,417.0489977728285,392.1224944320713,0
30,49,427.602511682243,691.7742406542056,0
31,50,439.2886279357231,105.24320148331273,0
32,51,450.31883087907187,228.0718429272646,0
33,52,444.3572,475.2308,0
34,53,453.40291390728476,627.5912582781457,0
35,55,459.01631067961165,432.2019417475728,0
36,57,476.3362162162162,369.1344864864865,0
37,59,476.93623919308357,517.9387608069164,0
38,60,481.830415379334,570.5856505320975,0
39,62,486.0465512347431,273.9960261141073,0
40,64,495.19428733031674,118.68240950226244,0
41,66,506.14775725593665,178.2139601822979,0
42,67,509.9576213260424,316.971975393028,0
43,68,505.6169985775249,474.52951635846375,0
44,69,528.4460260972717,420.69157769869514,0
45,70,531.9927053599746,223.04345068189025,0
46,72,535.5890629996802,537.1819635433322,0
47,74,555.3730158730159,362.80322128851543,0
48,77,555.5751821019771,270.2026534859521,0
0,7,236.6790251490796,379.75006481721545,1
1,9,236.49824355971896,251.3612412177986,1
2,12,259.537093495935,432.4174288617886,1
3,13,272.3066596472756,332.17609897341407,1
4,14,278.10170870626524,282.66612422023326,1
5,15,272.7203302373581,189.80856553147575,1
6,16,282.660998552822,522.9703328509406,1
7,20,311.6888694127958,233.81828805141689,1
8,21,318.5956662056247,632.4635776855694,1
9,22,315.4861235452104,461.3652641002686,1
10,23,319.06256109481916,413.17725643532094,1
11,24,344.74031443009545,363.93907916900616,1
12,27,337.42270833333333,562.355,1
13,28,325.60939553219447,132.2897503285151,1
14,31,347.0838467720332,184.91106348781142,1
15,32,347.37849856133926,294.71854564478156,1
16,33,364.6990427927928,88.13907657657657,1
17,34,370.834286925196,498.2748463657555,1
18,35,377.2075109649123,236.12253289473685,1
19,36,399.94537643207855,593.8056464811784,1
20,37,385.19039957093054,652.610083132207,1
21,39,388.6883328800653,442.0160456894207,1
22,40,389.4900740740741,139.41155555555557,1
23,43,420.4445259042033,536.594330400782,1
24,44,418.2556818181818,56.44719251336898,1
25,45,415.53292446739835,279.94092963202064,1
26,46,423.15558139534886,328.8360465116279,1
27,47,430.6082548877625,174.51894762249577,1
28,48,416.6354430379747,392.1993670886076,1
29,49,427.73880818262677,691.821820337978,1
30,50,438.89693593314763,105.31662024141133,1
31,51,450.4289221155992,227.98504798036151,1
32,52,444.48279952550416,475.2740213523132,1
33,53,453.35946666666666,627.6434666666667,1
34,55,459.339846743295,432.27203065134097,1
35,57,476.1598015958594,369.1889152469269,1
36,59,476.9837896253602,518.2496397694524,1
37,60,481.53164556962025,571.0355798836812,1
38,62,486.2171314741036,273.8508821855435,1
39,66,506.4661999034283,178.45654273297924,1
40,67,510.0198087431694,317.13627049180326,1
41,68,505.13398692810455,474.22113289760347,1
42,69,528.8925390856916,420.9424104492381,1
43,70,532.0712025316456,223.27911392405062,1
44,72,535.1285849353924,537.4405924992121,1
45,74,555.3226032190342,362.95707954280385,1
46,77,555.4762902803249,270.347393240765,1
47,118,494.72817824377455,660.2235910878113,1
0,7,237.04153605015674,379.34743991640545,2
1,9,236.62588443396226,251.00029481132074,2
2,12,259.5700101832994,432.09088594704684,2
3,13,272.86317477284877,331.9895777659006,2
4,14,278.1589261744966,282.4893959731544,2
5,15,272.6872099020113,189.45874161939145,2
6,16,282.89138240574505,523.0001795332137,2
7,20,311.5475073313783,233.52434017595309,2
8,21,318.40934320074007,632.5881128584643,2
9,22,315.2915304606241,461.22377414561663,2
10,23,319.21920940868995,413.22410976804963,2
11,24,344.7674839788242,363.74909445528004,2
12,27,337.8509394572025,562.487891440501,2
13,28,325.531914893617,132.29656301145664,2
14,31,347.1615056059797,184.68926855312333,2
15,32,347.4808197582764,294.1839201261167,2
16,33,364.6405155505744,88.1221630708882,2
17,34,370.7206692079627,498.32698009318085,2
18,35,377.3096222773642,235.77116073890267,2
19,36,400.04862665310276,594.1538148524924,2
20,37,385.1678773204197,652.5961797148237,2
21,39,388.85040871934604,442.0623978201635,2
22,40,389.63763793617653,139.1720847002684,2
23,43,420.66029518509555,536.5100411323493,2
24,44,418.086564171123,56.088569518716575,2
25,45,415.6366549182954,279.6834347965396,2
26,46,423.12960372960373,328.71491841491843,2
27,47,430.74332451286983,174.17897522251624,2
28,48,416.7612740460423,392.0652790917692,2
29,49,427.952636282395,691.4426571343462,2
30,50,439.0878648233487,104.99293394777266,2
31,51,450.54795127353265,227.778073089701,2
32,52,444.78523753435417,475.2002355712603,2
33,53,453.6342765616658,627.5888948211425,2
34,55,459.2623705408516,432.036440352896,2
35,57,476.2958171625701,369.08969383354895,2
36,59,477.2318313953488,518.2140261627907,2
37,60,481.8815018945918,570.8305201515674,2
38,62,486.6716671384093,273.5032550240589,2
39,66,506.66723300970875,178.09660194174756,2
40,67,509.9771953710007,316.89244383934647,2
41,68,504.79357459379617,474.41211225997046,2
42,69,528.9596297755022,421.05001969279243,2
43,70,532.3809825673534,222.91790808240887,2
44,72,535.6549798324543,537.6816630468508,2
45,74,555.3270984334814,362.5973813420622,2
46,77,555.7961266684114,270.1148913896886,2
47,146,415.8966079582518,736.8075668623613,2
0,7,237.3720503408495,379.70529627687466,3
1,9,236.36566070905363,251.07295634339292,3
2,12,259.709266802444,432.3197556008147,3
3,13,272.71545791424035,332.1289041821069,3
4,14,278.319623655914,282.63494623655913,3
5,15,272.64551759568457,189.5918314924223,3
6,16,283.10215053763443,522.9379928315412,3
7,20,311.5134110787172,233.64956268221573,3
8,21,318.0297951582868,632.8573091247672,3
9,22,315.50105136677684,461.2640432562331,3
10,23,319.2681967213115,413.33934426229507,3
11,24,344.5572111329772,363.8888107956143,3
12,27,337.9671685487244,562.8897950648264,3
13,28,325.3430079155673,132.51352242744062,3
14,31,346.9862755651238,184.85360602798707,3
15,32,347.4409199048374,294.3769495109701,3
16,33,364.3196105702364,88.14214186369958,3
17,34,370.6770987523789,498.26073165574115,3
18,35,377.28307097486885,236.12593206296603,3
19,36,400.0380700325733,594.0702361563518,3
20,37,385.06359001878184,652.741346927824,3
21,39,388.7619695321001,441.99211099020675,3
22,40,389.30985074626864,139.28,3
23,43,420.5820246436337,536.4375453007973,3
24,44,418.3738103052182,56.114538890712176,3
25,45,415.5741935483871,279.61290322580646,3
26,46,422.8978370915785,328.6274735388863,3
27,47,430.35236502627805,174.31390348781653,3
28,48,416.5611216131065,392.0932577189666,3
29,49,427.9889387144992,691.6346786248132,3
30,50,438.7064305684995,105.02174588381484,3
31,51,450.4449152542373,227.7250223015165,3
32,52,444.593253968254,475.22738095238094,3
33,53,453.36567164179104,627.6929637526653,3
34,55,459.1687812379854,432.039600153787,3
35,57,476.1608602150538,369.0868817204301,3
36,59,477.4840810419682,518.0394356005788,3
37,60,481.83008547008546,570.888547008547,3
38,62,486.50298380221653,273.33986928104576,3
39,66,506.51896887159535,178.2568093385214,3
40,67,509.9006756756757,316.8162162162162,3
41,68,504.5480557593544,475.1665443873808,3
42,69,528.8633431085044,421.3329423264907,3
43,70,532.204624643649,223.01678808995882,3
44,72,535.899465912661,538.4511467169337,3
45,74,555.2091272641732,362.62996941896023,3
46,77,555.6537139836109,270.13957176843775,3
47,193,495.2233091112353,119.17663499161543,3
0,7,237.66168763102726,379.4664570230608,4
1,9,236.86769049025398,250.73744831659775,4
2,12,259.8673338465486,431.77675134719016,4
3,13,273.1097012952683,331.8601638910917,4
4,14,278.518756698821,282.3102893890675,4
5,15,272.53016688061615,189.68523748395378,4
6,16,283.2261692252767,523.1720813995001,4
7,20,311.8442285041225,233.335394581861,4
8,21,318.23714416896235,632.4726813590449,4
9,22,315.3084725536993,461.18168257756565,4
10,23,319.22204161248374,412.9590377113134,4
11,24,344.97813205417606,363.52356094808124,4
12,27,338.49242424242425,562.2089646464647,4
13,28,325.44922262652995,132.5742639761826,4
14,31,346.87871420853594,184.60507833603458,4
15,32,347.51193633952255,294.0928381962865,4
16,33,364.20896358543416,87.8593837535014,4
17,34,370.71504688832056,497.8776641091219,4
18,35,377.4406267179769,235.62259483232546,4
19,36,400.3407798537774,593.980909829407,4
20,37,384.8923982869379,652.7839935760171,4
21,39,388.9668297988037,441.50135943447526,4
22,40,389.28448019064643,139.10723860589812,4
23,43,420.709082078679,536.3489558037883,4
24,44,418.39696669963735,55.980547312891524,4
25,45,415.6155819172812,279.49438922731645,4
26,46,423.103624535316,328.38127323420076,4
27,47,430.59539236861053,173.9232061435085,4
28,48,416.65623023402907,391.6337760910816,4
29,49,428.09934171155,691.5439856373429,4
30,50,438.5365627892626,104.99598889231719,4
31,51,450.40646599777034,227.53734671125974,4
32,52,444.48597038191735,474.75448168355416,4
33,53,453.5401069518717,627.6620320855615,4
34,55,459.24087024087027,431.6888111888112,4
35,57,476.1705844295881,368.8768600388182,4
36,59,477.2071911712353,517.5863296546814,4
37,60,481.6456611570248,570.8849862258953,4
38,62,486.4338426059383,273.05851830498705,4
39,66,506.6707434052758,177.87242206235013,4
40,67,509.60462002008705,316.51255440241044,4
41,68,505.3317604355717,476.0584392014519,4
42,69,528.6261645962733,421.31366459627327,4
43,70,532.2913385826772,222.7751181102362,4
44,72,535.9735849056603,538.9430817610063,4
45,74,555.2149050855402,362.5317553316147,4
46,77,555.692789968652,269.9605538140021,4
0,7,237.91901041666668,379.28151041666666,5
1,12,259.8814036885246,431.9044569672131,5
2,13,273.42232237539764,331.6002120890774,5
3,14,278.78224043715846,282.27131147540985,5
4,15,272.6260711503506,189.44533887302,5
5,16,283.3997875354108,523.4964589235127,5
6,20,312.26674500587546,233.30581668625146,5
7,21,318.09174948000924,632.6293043679224,5
8,22,315.2167997633836,461.18337769890564,5
9,23,319.28967994774655,412.83736120182886,5
10,24,344.8402944924253,363.50375194676485,5
11,27,338.54129018701406,562.569027106535,5
12,28,325.5328731097962,132.5854700854701,5
13,31,346.9068187992393,184.6147785927737,5
14,32,347.7028889477869,293.92976411343756,5
15,33,364.3728057954862,87.68849261632766,5
16,34,370.9169498725573,497.86321155480033,5
17,35,377.5146327995582,235.47018221976808,5
18,36,400.04813379563535,593.9404446257394,5
19,37,384.92129135538954,652.9266275346852,5
20,39,389.2270623468554,441.5543152736183,5
21,40,389.28115682766844,139.11299940369707,5
22,43,420.9218217243059,536.319532391622,5
23,44,418.45529257067716,55.82642998027613,5
24,45,415.93551491819056,279.48989412897015,5
25,46,422.94425247638793,328.4899792674499,5
26,47,430.40382288894267,173.94047907089282,5
27,48,416.4092920353982,391.6061946902655,5
28,49,428.09785202863964,691.5692124105012,5
29,50,438.4879256965944,104.89287925696594,5
30,51,450.55697597531406,227.41260744985672,5
31,52,444.1353383458647,474.57736446379107,5
32,53,453.43088352348104,627.4852746086495,5
33,55,459.3411306042885,431.18518518518516,5
34,57,476.28886964053703,368.7507579038545,5
35,59,477.2245042492918,517.4266997167139,5
36,60,481.6979773740144,571.0305107987658,5
37,62,486.6616929698709,272.9847919655667,5
38,66,507.05227817745805,178.00047961630696,5
39,67,509.8692307692308,316.5819397993311,5
40,68,506.0255972696246,477.7569965870307,5
41,69,528.7694081475788,421.4631053036126,5
42,70,532.8319006685768,222.80483922317734,5
43,72,536.534733441034,539.8090468497577,5
44,74,555.481455399061,362.5086854460094,5
45,77,555.5058293587705,269.8979862215156,5
46,117,495.23237090505273,119.00583009439201,5
0,7,238.14786705051034,379.4736979848207,6
1,12,259.86387030365415,431.6953165208441,6
2,13,273.4284188034188,331.65892094017096,6
3,14,278.5952380952381,282.56349206349205,6
4,15,272.806577916993,189.45497259201252,6
5,16,283.5904151077855,523.4783538214858,6
6,20,312.4318516337945,233.63644392110686,6
7,21,318.53055555555557,632.8506944444445,6
8,22,315.0799045915325,461.3485390578414,6
9,23,319.3640761044824,413.1338277974847,6
10,24,344.67520273154076,363.5491535069,6
11,27,338.3853344412131,562.9499376817615,6
12,28,325.34758485639685,132.82310704960835,6
13,31,347.09331890722206,184.61211793345956,6
14,32,347.5945945945946,294.1717011128776,6
15,33,364.28774769746025,87.68518001674575,6
16,34,370.65664320750693,497.9189592663681,6
17,35,377.5273727647868,235.54167812929848,6
18,36,400.3107996702391,593.9365210222588,6
19,37,384.70948827292113,653.3256929637527,6
20,39,389.2512946306896,441.4698828018534,6
21,40,389.2782608695652,139.11004497751125,6
22,43,420.96590355577206,536.580370189966,6
23,44,418.81339869281044,55.81764705882353,6
24,45,415.84558349451964,279.4542230818827,6
25,46,422.926419866636,328.3412278684755,6
26,47,430.51373025516403,173.84738760631834,6
27,48,416.39591836734695,391.46059654631085,6
28,49,428.00121876904325,691.1965265082267,6
29,50,438.22873991309746,104.92799503414028,6
30,51,450.51824978012314,227.30452946350044,6
31,52,443.3405017921147,474.8888888888889,6
32,53,453.2828282828283,627.6714513556619,6
33,55,458.9894736842105,431.0514619883041,6
34,57,476.1318151959711,368.8119115393037,6
35,59,476.88644304682043,517.3497554157932,6
36,60,481.3795138888889,571.6048611111111,6
37,62,486.6689517280777,273.12196515281346,6
38,66,507.03330936975794,177.75245626647495,6
39,67,510.1034027089528,316.71159563924675,6
40,68,506.41838046272494,480.37596401028276,6
41,69,528.5030257186081,422.23506051437215,6
42,70,532.5453105196451,222.75158428390367,6
43,72,537.6178834561287,541.9320160750167,6
44,74,555.4524812734082,362.7446161048689,6
45,77,555.6736814064998,269.7290889717635,6
46,143,416.3305941845765,737.3239570164349,6
0,7,238.376513954713,379.0308056872038,7
1,12,259.8939432660363,431.66419626884743,7
2,13,273.6015437849348,331.449560819803,7
3,14,278.9950671416826,282.0707043025486,7
4,15,272.9801462904911,189.183908045977,7
5,16,283.8305266929416,523.5128986026514,7
6,20,312.5642836128273,233.31626949102676,7
7,21,318.37654464910236,632.9473070645838,7
8,22,315.3228621291448,460.8539848749273,7
9,23,319.1326935804103,412.2299801455989,7
10,24,344.9316215065967,363.1639948928926,7
11,27,338.65262718932445,562.7875312760634,7
12,28,325.41519318926,132.5497707924034,7
13,31,347.2143052143052,184.57821457821458,7
14,32,347.76657754010694,293.8614973262032,7
15,33,364.31938633193863,87.45941422594142,7
16,34,371.02753468516545,497.7205976520811,7
17,35,377.4714997232983,235.4645821804095,7
18,36,400.0259046052632,594.0137746710526,7
19,37,384.69573333333335,653.2482666666667,7
20,39,389.2118093174431,441.4796858071506,7
21,40,389.0899344848124,139.145324597975,7
22,43,420.8172253486665,536.6753119647664,7
23,44,418.76048492791614,55.55373525557012,7
24,45,415.9390360676668,279.2674752633259,7
25,46,423.1043841336117,328.15309672929715,7
26,47,430.57146317829455,173.8970445736434,7
27,48,416.0340694006309,391.3602523659306,7
28,49,428.1812670506214,691.4801454986359,7
29,50,437.58927444794955,104.52902208201893,7
30,51,450.50343756930585,227.16655577733422,7
31,52,443.75619504396485,474.67026378896884,7
32,53,453.2874109263658,627.614146212721,7
33,55,459.1792379471229,431.20528771384136,7
34,57,475.71546840958604,369.12331154684097,7
35,59,476.4173337974243,516.7789766794292,7
36,60,481.0263527758257,571.5829234012649,7
37,62,486.5982905982906,272.96552706552706,7
38,66,507.2591969223371,177.85260880019234,7
39,67,510.30698287220025,316.41139657444006,7
40,68,508.42039800995025,483.14863184079604,7
41,69,528.1938948558508,422.4703222159412,7
42,70,532.6984478935699,222.63382958504909,7
43,72,537.5094786729858,542.9113067027758,7
44,74,555.1968158744809,362.5828334102446,7
45,77,555.6744123931624,269.7625534188034,7
46,183,494.34497698348224,118.89520714865962,7
0,7,238.64652648389674,378.9230769230769,8
1,12,259.9309644670051,431.5218274111675,8
2,13,273.771527592642,331.35990402559315,8
3,14,278.99396764463944,282.2037290924047,8
4,15,273.13063885267275,189.00026075619297,8
5,16,284.0171697090186,523.6117838424002,8
6,20,312.2891708468575,233.28562997934495,8
7,21,318.60561403508774,632.9943859649122,8
8,22,314.9380583680762,461.41483025610484,8
9,23,319.5221181788828,412.9376816273813,8
10,24,344.6301800514433,363.2150614461275,8
11,27,339.00104449550867,562.6688949237519,8
12,28,325.42565789473684,132.55690789473684,8
13,31,347.06049822064057,184.530522857925,8
14,32,347.84304336259646,293.78185687682895,8
15,33,364.28234633735616,87.5587987650856,8
16,34,370.8449299957573,497.4495120916419,8
17,35,377.3992845349477,235.21216290588882,8
18,36,400.13482454340243,593.9632669813257,8
19,37,384.7378924960085,653.4289515699841,8
20,39,389.15547024952014,441.13737318343846,8
21,40,388.85474693021865,139.01737047020066,8
22,43,420.9806987539702,536.3364280478867,8
23,44,418.66721150702847,55.57175547564564,8
24,45,415.84676903390914,279.14363403710814,8
25,46,423.02897217751206,328.1243964129685,8
26,47,430.5709108480309,173.51920753805268,8
27,48,415.70578930718125,391.3030686491617,8
28,49,428.1863580998782,691.3876370280146,8
29,50,437.71280927027874,104.52207954901347,8
30,51,450.4814569536424,227.04525386313466,8
31,52,443.2433754586221,474.34284549531185,8
32,53,453.36476821192053,627.5441059602649,8
33,55,459.035175879397,431.06339389253964,8
34,57,475.50633464394934,368.8840104849279,8
35,59,476.0646731571627,515.7159248956884,8
36,60,480.7112280701754,571.3515789473685,8
37,62,486.51083856246436,272.92954934398176,8
38,66,507.4610978520286,177.71527446300715,8
39,67,510.63211582757486,316.2948338269168,8
40,68,509.3621350634031,484.81716307873785,8
41,69,527.9097091046468,422.602002266717,8
42,70,532.5446144040791,222.74251115360101,8
43,72,537.8256178210929,544.2676644622346,8
44,74,555.0339605323543,362.83685176686555,8
45,77,555.5067132116004,269.89500537056927,8
0,7,238.1104359313078,378.92866578599734,9
1,12,259.9781504065041,431.4502032520325,9
2,13,273.58894553259995,331.44754494231285,9
3,14,279.18915989159893,282.29539295392954,9
4,15,273.29644268774706,188.86034255599472,9
5,16,283.8784440842788,523.7347379794705,9
6,20,312.3668148148148,232.99555555555557,9
7,22,314.6844151959318,461.33293448997904,9
8,23,319.242671009772,412.8657980456026,9
9,24,344.30657350634533,362.97148153429345,9
10,27,339.11194810629837,562.6476250261561,9
11,28,325.24862592951825,132.17070805043647,9
12,31,347.0441337719298,184.41913377192984,9
13,32,347.9670241286863,293.5195710455764,9
14,33,364.4021769466927,87.05079542283003,9
15,34,370.50021150592215,497.6294416243655,9
16,35,377.32956113717916,235.03615788020977,9
17,36,400.1180469715698,593.8057272352698,9
18,37,384.74581307401405,653.4440842787683,9
19,39,388.85910190911534,441.0215111589137,9
20,40,388.8286734086853,138.91998810232005,9
21,43,421.24321681740406,536.2586164751895,9
22,44,418.9161755075311,55.26031434184676,9
23,45,415.7211384713783,278.9379597057883,9
24,46,422.86943552088115,328.0091785222579,9
25,47,430.61789600967353,173.49334945586457,9
26,48,415.49682337992374,391.0749682337992,9
27,49,427.8251748251748,691.1571906354515,9
28,50,437.7648707567736,104.4724384926814,9
29,51,450.3015978695073,227.0386151797603,9
30,52,443.04139344262296,474.2102459016393,9
31,53,453.00820539968237,627.358390682901,9
32,55,459.3483699772555,431.2680060652009,9
33,57,475.33747276688456,368.89629629629627,9
34,59,476.0936752136752,515.3176068376068,9
35,60,480.66726296958853,571.553488372093,9
36,62,486.70223606000565,272.9323521086895,9
37,66,506.99880354151713,177.52117731514716,9
38,67,510.72531066056246,316.4640287769784,9
39,68,510.0495261387955,485.864873127484,9
40,69,527.721848110737,423.03236064347175,9
41,70,532.1766953199618,222.55619229544732,9
42,72,537.8118911656029,544.4978165938865,9
43,74,555.0538054725224,362.9889629799954,9
44,77,555.8468708388815,269.6513981358189,9
45,116,494.1716937354988,661.302655323537,9
0,7,238.50690021231424,378.7513269639066,10
1,12,259.96150865409453,431.0588995091708,10
2,13,273.7793288590604,331.28778523489933,10
3,14,279.0909829406986,282.20092066070947,10
4,15,273.3208387942333,188.78532110091743,10
5,16,284.5581986562557,523.2169965498457,10
6,20,312.3820588235294,232.93470588235294,10
7,22,314.8322388059701,461.1116417910448,10
8,23,318.95544074911203,412.6112366806587,10
9,24,344.4921975662133,362.8625626342162,10
10,27,339.28005034612966,561.9595133207469,10
11,28,325.36492267193154,131.930569266206,10
12,31,347.26670302699756,184.22743386964822,10
13,32,347.9515738498789,293.6147430723702,10
14,33,364.2422723475355,87.18824839877472,10
15,34,371.19416648924846,497.1771343410688,10
16,35,377.40671436433684,235.11502476609797,10
17,36,400.4980424479703,593.2419122192458,10
18,37,384.70265914585013,653.1120064464142,10
19,39,389.0288487462928,441.0094365057967,10
20,40,388.8711509715994,138.8846038863976,10
21,43,421.3269230769231,535.7591222879685,10
22,44,418.61074918566777,55.28664495114006,10
23,45,415.7906602254428,278.7526570048309,10
24,46,422.9051763628035,327.87998167659185,10
25,47,430.6453969800292,173.37213833414515,10
26,48,415.86913273235933,390.91824681380166,10
27,49,427.9879843796936,691.1910483628717,10
28,50,437.7615480649188,104.50156054931335,10
29,51,450.27843311818384,226.84954373469841,10
30,52,443.82066993464053,473.39256535947715,10
31,53,453.2183154027814,627.380215166623,10
32,55,459.7325402916347,430.7056792018419,10
33,57,475.82108274647885,368.61223591549293,10
34,59,475.86245733788394,514.7255972696246,10
35,60,480.5010752688172,571.5035842293906,10
36,62,486.8990291262136,272.8368932038835,10
37,66,507.081106870229,177.49689885496184,10
38,67,511.0468391745824,316.4795283327874,10
39,68,510.87418249766426,487.041108688882,10
40,69,527.4597014925373,423.6606343283582,10
41,70,531.9589480436177,222.54329698524694,10
42,72,537.7561625582945,544.5839440373085,10
43,74,555.0155499656986,363.052824148182,10
44,77,555.9568988885877,269.58904852263487,10
45,132,319.1468016566958,632.6067648412334,10
0,7,238.85039577836412,378.8854881266491,11
1,12,259.92224565102794,430.7248286768582,11
2,13,274.0622484572042,331.1583042661658,11
3,14,279.24528301886795,282.1568733153639,11
4,15,273.26297760210804,188.65955204216073,11
5,16,284.78794480755266,523.5949527959332,11
6,20,312.3869742990654,232.92523364485982,11
7,22,314.7750074205996,461.195607005046,11
8,23,318.84369964550433,412.66967450854014,11
9,24,344.52017229002155,362.77559224694903,11
10,27,339.5059246720271,561.729792636479,11
11,28,325.1591650358774,131.7863666014351,11
12,31,347.36710239651416,184.22331154684096,11
13,32,348.42227629088944,293.5060827250608,11
14,33,364.16717493762127,86.88799556418076,11
15,34,371.4481132075472,497.0784734133791,11
16,35,377.5646051905025,234.95002760905578,11
17,36,400.48644734119597,593.1702876060418,11
18,37,384.44928705945654,652.8410008071025,11
19,39,388.90064446831366,440.8826530612245,11
20,40,388.7960760998811,138.769322235434,11
21,43,421.31742125984255,535.7802657480315,11
22,44,418.46869878728285,54.991150442477874,11
23,45,415.85118665811416,278.61321359846056,11
24,46,423.02803953114227,327.8434842564928,11
25,47,430.75226216678897,173.16923453167033,11
26,48,415.56497175141243,390.9632768361582,11
27,49,427.95628580042205,690.7757009345794,11
28,50,437.53375,104.3415625,11
29,51,450.4008457600712,226.56732695303805,11
30,52,443.4401335002086,473.5327492699207,11
31,53,452.8536006330783,627.6299129517278,11
32,55,460.0892053973013,431.4104197901049,11
33,57,475.7562879444926,368.8245880312229,11
34,59,475.9245537217918,514.3913775682048,11
35,60,480.2088108882522,571.5809455587392,11
36,62,486.8601321585903,272.87224669603523,11
37,66,507.1536072623029,177.51242236024845,11
38,67,510.9258769027134,316.48180013236265,11
39,68,512.545567651633,489.1101088646967,11
40,69,526.9209397725153,424.256945739325,11
41,70,532.0035783994795,222.3477553675992,11
42,72,538.0814030443415,545.3752481800133,11
43,74,555.0593181818182,363.09795454545457,11
44,77,556.0354077253219,269.55418454935625,11
45,132,319.415935334873,632.4362586605081,11
46,159,416.6235331430384,737.4237234379956,11
47,662,240.2800766283525,489.34904214559384,11
0,7,239.0031487798478,378.64182629231175,12
1,12,259.85605463619646,430.7444181770423,12
2,13,274.3456233421751,330.8586206896552,12
3,14,279.3623030961434,281.77430744160785,12
4,15,273.3089947089947,188.52116402116403,12
5,16,285.0459165154265,523.9072595281307,12
6,20,312.56954225352115,232.78843896713616,12
7,22,314.69438730531886,461.29620922715253,12
8,23,318.77425614489005,412.66946959896507,12
9,24,344.73277841561423,362.6770952927669,12
10,27,339.8389615871676,561.7785985647953,12
11,28,325.1402994791667,131.86393229166666,12
12,31,347.2751842751843,184.12257712257713,12
13,32,348.4803256445048,293.2393487109905,12
14,33,364.08141150319534,86.82911919977772,12
15,34,371.79614973262034,497.0701604278075,12
16,35,377.66446644664467,234.88916391639165,12
17,36,400.55994212484495,593.0491938817693,12
18,37,384.75202156334234,652.8312668463611,12
19,39,388.9037175715432,440.82241240973525,12
20,40,388.6498951781971,138.5600479185385,12
21,43,421.781592039801,535.5146766169154,12
22,44,418.22225859247135,54.762029459901804,12
23,45,415.9490920881971,278.50843060959795,12
24,46,423.0059266013221,327.85023934351494,12
25,47,430.6108807026104,173.03195901439375,12
26,48,415.65802781289506,391.0224399494311,12
27,49,427.7784107946027,691.1109445277361,12
28,50,437.4295972525757,104.390883546675,12
29,51,450.386,226.49533333333332,12
30,52,443.43539445629,473.63368869936033,12
31,53,452.80457325179475,627.4554639723477,12
32,55,459.9455833022736,431.4189340290719,12
33,57,475.8310532030402,368.8510314875136,12
34,59,476.0118966689327,514.5288919102651,12
35,60,480.0579399141631,571.7736051502146,12
36,62,486.8290126861555,272.76089354660786,12
37,66,507.3238527724665,177.62810707456978,12
38,67,510.7152274225445,316.5883322346737,12
39,68,513.2062647754137,488.38563829787233,12
40,69,526.75,424.1746031746032,12
41,70,532.137471563211,222.34351641208968,12
42,72,538.1428571428571,545.5014577259475,12
43,74,555.2054607508533,363.413196814562,12
44,77,555.7980070024239,269.54268785348773,12
45,132,319.51908396946567,632.3053435114504,12
46,633,494.04548999220174,661.927995840915,12
47,662,240.02540766021994,489.3704967766401,12
0,7,238.87430830039526,378.5030303030303,13
1,12,259.5284960422164,430.5298153034301,13
2,13,274.57852564102564,330.78365384615387,13
3,14,279.4791214750542,281.8327006507592,13
4,15,273.4421277733226,188.21999465383587,13
5,16,284.57820163487736,523.989464123524,13
6,20,312.7362540429286,232.6371655395472,13
7,22,314.2429906542056,461.11857476635515,13
8,23,318.7542508822586,412.6012191209496,13
9,24,344.62097701149423,362.51465517241377,13
10,27,340.24693963697763,561.655550865344,13
11,28,325.2116574405731,131.63399544122436,13
12,31,347.29045417459884,183.96518901278216,13
13,32,348.7299191374663,293.0520215633423,13
14,33,364.20215113072254,86.66161059018202,13
15,34,371.2670490758445,496.9179944763119,13
16,35,377.6266962060371,234.54057047909166,13
17,36,400.6734778121775,593.0658410732714,13
18,37,384.65238611713664,652.7852494577006,13
19,39,389.03691813804176,440.7581594435527,13
20,40,388.7727817745803,138.33453237410072,13
21,43,421.94674263066634,535.1984146643547,13
22,44,418.048418972332,54.54808959156785,13
23,45,415.87711313394016,278.2444733420026,13
24,46,423.09722540701677,327.7924787892685,13
25,47,430.7422579858571,172.84759814679347,13
26,48,415.4756059175323,390.74378344350015,13
27,49,427.96574719612005,690.6441345862382,13
28,50,437.51839044325686,104.16818610499843,13
29,51,450.3079839429081,226.48862622658342,13
30,52,443.2601452370782,473.54164886800515,13
31,53,453.0189623386884,627.0816434026864,13
32,55,460.12679162072766,431.292539507534,13
33,57,475.85374372407773,368.6832569308011,13
34,59,476.1440189766181,513.977973568282,13
35,60,480.15598986608757,571.5226203402099,13
36,62,486.112105116019,272.66424377970367,13
37,66,506.86114436198227,177.41896097677758,13
38,67,511.3305785123967,315.7310870947235,13
39,68,513.6408089345005,488.9169936613341,13
40,69,526.7940627333832,424.5001867064974,13
41,70,532.0863798123585,222.18505338078293,13
42,72,538.2061756191702,545.2888388549372,13
43,74,554.8808870598994,363.11088248742567,13
44,77,555.7184333059436,268.8677074774034,13
45,132,319.6556768052008,632.4522869746924,13
46,633,494.064406779661,661.8166883963494,13
47,664,238.946735395189,249.14977090492553,13
48,690,416.54456692913385,737.2028346456693,13
0,7,239.16927152317882,378.16847682119203,14
1,12,259.70592927412923,429.70672693432596,14
2,13,274.72397094430994,330.36292709174063,14
3,14,279.6717907227616,281.3915857605178,14
4,15,273.32227868414014,187.82535437282695,14
5,16,285.3656187534072,523.9105942213338,14
6,20,312.79227618490347,232.30719719133995,14
7,22,313.95790704472375,461.0178310435545,14
8,23,318.9300385109114,412.1848523748395,14
9,24,344.6061870503597,362.2094964028777,14
10,27,340.5450126796281,561.2971259509721,14
11,28,325.4696920583468,131.53938411669367,14
12,31,347.11343852013056,183.77801958650707,14
13,32,348.90086673889493,292.8025460455038,14
14,33,363.87421038176325,86.3595166163142,14
15,34,371.94996806472216,496.3517138599106,14
16,35,377.7613384955752,234.2212389380531,14
17,36,400.67664052827075,592.5891456871647,14
18,37,384.50923628342986,652.6057347670251,14
19,39,388.96497326203206,440.44545454545454,14
20,40,389.0153614457831,138.17740963855422,14
21,43,422.34082397003743,534.8469413233458,14
22,44,418.2343546284224,54.37744458930899,14
23,45,416.1387358184765,277.9270664505673,14
24,46,423.0231333027943,327.4715987173614,14
25,47,430.741935483871,172.5527528498666,14
26,48,415.5165250236072,390.45703493862135,14
27,49,427.77253855278764,690.7663107947806,14
28,50,437.71831869510663,103.64805520702635,14
29,51,450.3998652896273,226.16591827570724,14
30,52,443.2030634573304,473.1894967177243,14
31,53,452.5618922470434,626.9592641261498,14
32,55,460.1382054992764,431.1316931982634,14
33,57,475.8722891566265,368.1864184008762,14
34,59,476.55910755910753,512.4778554778554,14
35,60,480.0237757274663,571.2285308729596,14
36,62,486.1618513323983,272.2945301542777,14
37,66,507.1215798239353,177.14989293361884,14
38,67,510.6931855233127,315.9240299967395,14
39,68,514.1444681499543,488.0475464797318,14
40,69,526.9852440408627,423.8441165342414,14
41,70,532.089639493342,221.97629100357258,14
42,72,537.8050600064872,545.0866039571846,14
43,74,554.6562142366674,362.8837262531472,14
44,77,555.4566197930485,269.02016449986735,14
45,132,319.81376611418045,632.2895948434623,14
46,231,240.6944757609921,488.54302893649003,14
47,633,493.947217141364,661.7162268095113,14
0,7,239.44037184594953,377.73492695883135,15
1,12,259.58645418326694,429.6090305444887,15
2,13,274.7442176870748,330.1978231292517,15
3,14,279.6310548977395,281.2185145317546,15
4,15,273.44780145670353,187.71189641219314,15
5,16,285.2871915820029,523.6625544267054,15
6,20,312.6393921683226,232.05990648743426,15
7,22,313.3904928550598,460.77456984543596,15
8,23,318.7505632442871,412.0411972964274,15
9,24,344.62988042068866,361.9462613456274,15
10,27,340.7855472901169,561.2935175345377,15
11,28,325.0230295167045,131.15926046059033,15
12,31,347.09108262885195,183.64412326152168,15
13,32,348.8353067814855,292.6396663078579,15
14,33,364.22621332602137,86.11324376199616,15
15,34,371.5971131394608,496.22224580768415,15
16,35,377.6917978458989,234.045291355979,15
17,36,400.8138957816377,592.5399090157155,15
18,37,384.0922776693616,652.5667688876498,15
19,39,388.616924719701,440.07821676454887,15
20,40,388.4970291146762,138.1455733808675,15
21,43,422.3426017874876,534.5983118172791,15
22,44,418.69977642925585,54.4289364420313,15
23,45,416.30749354005167,277.6162790697674,15
24,46,423.2127513711152,327.1492230347349,15
25,47,430.7638313429198,172.2573726541555,15
26,48,415.4831460674157,390.27372034956306,15
27,49,427.8336298932384,690.4762752075919,15
28,50,437.87239499839694,104.00096184674575,15
29,51,450.533423059668,225.70681920143562,15
30,52,443.00300816501937,472.904598195101,15
31,53,452.53242408646423,626.8669583118889,15
32,55,460.0668380462725,430.89790672052885,15
33,57,475.7344782034346,367.9812857771907,15
34,59,476.52288673571667,512.2094888072169,15
35,60,479.91748099891424,570.7524429967426,15
36,62,486.22510578279264,272.1218617771509,15
37,66,507.37178877259754,176.9441008563273,15
38,67,510.8432078559738,315.7505728314239,15
39,68,515.0211889346674,488.6236021188935,15
40,69,526.7413530976814,423.59768148992777,15
41,70,532.022742040286,221.77615334632878,15
42,72,537.3660949868074,545.6540237467018,15
43,74,554.6250844404414,362.6924116190047,15
44,77,555.3126498002663,268.63834886817574,15
45,132,319.9879796578826,632.0312066574203,15
0,7,239.65610015982952,377.34150239744275,16
1,12,259.24858299595144,428.8855600539811,16
2,13,274.8155021834061,330.06823144104806,16
3,14,279.4548862115127,281.07576974564927,16
4,15,273.31278848764595,187.5199565571545,16
5,16,285.4103360116874,523.767531044558,16
6,20,312.33693430656933,231.90014598540145,16
7,22,312.63917824074076,460.60706018518516,16
8,23,318.5049631764329,411.9295549151457,16
9,24,344.7032649523259,361.79037850332276,16
10,27,340.6154500957651,561.0538412428176,16
11,28,324.9394038650508,131.14444808385196,16
12,31,346.87223122636414,183.33009184224744,16
13,32,348.92620320855616,292.33957219251334,16
14,33,364.05598033861276,86.23511742217367,16
15,34,371.54526315789474,496.01768421052634,16
16,35,377.6423639878487,233.76525821596243,16
17,36,400.4810441267868,592.3061943235964,16
18,37,383.81417410714283,652.1487165178571,16
19,39,388.66444385169376,439.94078420912246,16
20,40,388.62883804936786,137.7700180614088,16
21,43,422.35159930572775,534.4326803868088,16
22,44,418.5926517571885,54.14025559105431,16
23,45,416.42105263157896,277.4395711500975,16
24,46,423.08222017503454,326.813910640258,16
25,47,430.4859721883386,172.00902659185166,16
26,48,415.1821875,389.80375,16
27,49,427.81325478645067,689.9027982326951,16
28,50,437.79418344519013,103.78843080856504,16
29,51,450.3918010752688,225.60752688172042,16
30,52,443.27183219178085,472.54366438356163,16
31,53,452.4201442555384,626.4567233384853,16
32,55,459.72959940652817,430.37796735905044,16
33,57,475.5471905179982,367.9010096575944,16
34,59,476.8416833667335,512.2882431529727,16
35,60,479.5842696629214,570.6056542225444,16
36,62,486.1135211267606,271.89661971830986,16
37,66,507.18452100047193,176.73761208117037,16
38,67,510.72099087353325,315.5850717079531,16
39,68,515.2222541690627,488.41661874640596,16
40,69,526.6762248385871,423.21876186859095,16
41,70,531.9092695709138,221.58696364231903,16
42,72,537.1968687541639,546.0712858094604,16
43,74,554.7134449977366,362.4139882299683,16
44,77,555.0732228754676,268.4967931587386,16
45,132,319.81009110021023,632.104414856342,16
0,7,239.10443376068375,377.22622863247864,17
1,12,258.46237141310235,428.4041689225771,17
2,13,274.5058123817248,329.7085698837524,17
3,14,279.16603773584905,280.76495956873316,17
4,15,273.03737043098744,187.43235133660664,17
5,16,285.3022997032641,523.1581973293769,17
6,20,311.84919941775837,231.54643377001454,17
7,22,312.37644675925924,460.5124421296296,17
8,23,317.90776545166403,411.98827258320125,17
9,24,344.2595917185464,361.63529752425075,17
10,27,340.38254747173033,560.801792191167,17
11,28,324.4557911908646,131.09983686786296,17
12,31,346.64664117968323,183.12479519388313,17
13,32,348.5733368955383,292.1132781191558,17
14,33,363.5859054903032,85.87435127014477,17
15,34,371.24557014800916,495.7934125495101,17
16,35,377.3769906644701,233.41241076331687,17
17,36,400.1206825657895,592.3698601973684,17
18,37,383.41211435041043,651.9864138126238,17
19,39,388.183766407715,439.720867934637,17
20,40,388.458148476782,137.51966873706004,17
21,43,421.8698150924538,534.5189905047476,17
22,44,417.90073647134165,53.78642331091899,17
23,45,416.04571984435796,277.2188715953307,17
24,46,422.8197847492558,326.577055186627,17
25,47,430.29762196616815,171.5631282177004,17
26,48,414.62375,389.714375,17
27,49,427.02392909896605,689.7802067946824,17
28,50,437.7037982764124,102.84519629747845,17
29,51,449.9760572835086,225.2729917207429,17
30,52,443.4769101595298,472.5898404701931,17
31,53,452.1925051334702,626.2251026694045,17
32,55,459.0690305545077,429.8747642399095,17
33,57,475.1200873362445,367.71375545851527,17
34,59,476.59043448972716,512.3492758504547,17
35,60,479.264192139738,570.1670305676856,17
36,62,486.2168943406747,271.5609144131586,17
37,66,506.6462520690471,176.4045873729014,17
38,67,510.496245510937,315.39275220372184,17
39,68,514.7718309859155,488.41154929577465,17
40,69,526.2410917361638,423.0045489006823,17
41,70,531.4637823664373,221.25532612258277,17
42,72,537.0740368509213,546.4877721943049,17
43,74,554.6384129846708,362.2191163210099,17
44,77,555.0441929399084,268.2495284289949,17
45,132,319.56964998825464,631.9074465586093,17
0,7,239.35750602087236,376.75113727588973,18
1,12,258.2520325203252,428.3777777777778,18
2,13,274.3865064190112,329.4938541382136,18
3,14,278.865302869288,280.44766206163655,18
4,15,272.6117936117936,187.20420420420422,18
5,16,284.9230627645868,523.4432173752991,18
6,20,311.76983894582725,231.10893118594436,18
7,22,311.8144927536232,460.39246376811593,18
8,23,317.4294342021615,411.8916083916084,18
9,24,344.0551396487187,361.2415778865534,18
10,27,340.3634804972139,560.4346335190742,18
11,28,324.19365284974094,131.10297927461139,18
12,31,346.4446276449574,183.02500687001924,18
13,32,348.4256120527307,291.68227064837237,18
14,33,363.47235772357726,85.55718157181572,18
15,34,370.88921404682276,495.4678093645485,18
16,35,377.2318044493271,233.36610821202967,18
17,36,400.0955518945634,591.9497528830314,18
18,37,383.1411865373645,651.6220764403879,18
19,39,387.94339125855714,439.208794102159,18
20,40,388.1782325029656,137.22686832740214,18
21,43,421.61710130391174,534.1983450351053,18
22,44,417.88906700865664,53.59987175376723,18
23,45,415.85779368695086,276.91539212495934,18
24,46,422.65532983337135,326.2971924218215,18
25,47,429.782917278512,171.4659813999021,18
26,48,414.60184595798853,389.124761298536,18
27,49,426.609756097561,689.3086419753087,18
28,50,437.35481791814374,102.76345472123751,18
29,51,449.772268341934,225.0870540722459,18
30,52,443.29164935604484,472.5791441628583,18
31,53,451.4914992272025,626.0656877897991,18
32,55,458.69029850746267,429.5444029850746,18
33,57,474.7729372937294,367.5247524752475,18
34,59,476.9811445583857,511.84022494211047,18
35,60,479.0505124450952,570.0051244509517,18
36,62,485.8867022771999,271.41804891762723,18
37,66,506.2841179267713,176.27888730385163,18
38,67,510.0235602094241,315.2316753926702,18
39,68,515.333052513339,488.1378826172423,18
40,69,526.0545905707196,422.89272761977475,18
41,70,530.939810271508,221.04121687929342,18
42,72,536.8134576948701,546.6065956029314,18
43,74,553.9329268292682,362.2084462511292,18
44,77,554.6199192462988,268.0449528936743,18
45,132,319.5052557813595,631.5391263723429,18
46,158,416.3096246973366,736.8102300242131,18
47,173,492.8006854732402,661.1871869232797,18
0,7,238.70566239316238,376.616452991453,19
1,12,257.78728540772534,428.06625536480686,19
2,13,274.17387732749177,329.46796276013146,19
3,14,278.7030671602327,280.4531993654151,19
4,15,272.28041181251695,187.0669195340016,19
5,16,284.64691679049037,523.1675334323922,19
6,20,311.56275659824047,231.13929618768327,19
7,22,311.3367905502737,460.20829732065687,19
8,23,317.3848600508906,411.43002544529264,19
9,24,343.88101778227553,361.0085297094116,19
10,27,340.280441238863,560.1561306745864,19
11,28,324.1520411443266,131.01735776277724,19
12,31,346.2515757741847,183.037818580433,19
13,32,348.28621338349905,291.5640956732061,19
14,33,363.373977086743,85.46808510638297,19
15,34,370.7039047817916,495.15472958864063,19
16,35,377.0489953206716,233.1646022570878,19
17,36,400.26523225417253,591.3134928614519,19
18,37,382.8494868871152,651.5929304446978,19
19,39,387.38549720074644,439.2820581178352,19
20,40,387.75375826819004,137.19813589897774,19
21,43,421.70615503476694,533.3353077517384,19
22,44,418.24968982630276,53.70192307692308,19
23,45,415.7735418703161,276.76702508960574,19
24,46,422.2017906336088,326.0803489439853,19
25,47,429.51539589442814,171.34017595307918,19
26,48,414.061340044039,389.3551431267694,19
27,49,426.5515601783061,689.4832095096582,19
28,50,437.2309941520468,103.13125406107862,19
29,51,449.61638608305276,224.92053872053873,19
30,52,443.4354707792208,472.0121753246753,19
31,53,451.3120953120953,625.9673659673659,19
32,55,458.10007639419405,428.4549274255157,19
33,57,474.45284677951196,367.1987249945043,19
34,59,476.6083026447941,511.4804151322397,19
35,60,479.0180766449747,569.8463485177151,19
36,62,485.6702337369755,271.2328921430583,19
37,66,506.26412863561126,176.0643178056278,19
38,67,509.7573194534808,314.9925178919974,19
39,68,514.8259310344828,488.3961379310345,19
40,69,525.7703349282297,422.7668899521531,19
41,70,530.6799604482532,220.8035596572182,19
42,72,537.1275100401606,546.4223560910308,19
43,74,553.631555255458,362.02160702228224,19
44,77,554.1408146749393,267.70650121391964,19
45,132,319.2904058174994,631.41637344593,19
46,173,492.60547800895444,661.0840136950223,19
0,7,238.45753715498938,376.4057855626327,20
1,12,257.1894908793901,427.7767492512932,20
2,13,273.97638436482083,328.8900651465798,20
3,14,278.3080010703773,279.8897511372759,20
4,15,271.3485636114911,186.75184678522572,20
5,16,284.1888826919502,523.1853504368842,20
6,20,310.8167983611355,230.89815627743636,20
7,22,310.537540169442,460.1194858311423,20
8,23,316.8177791838026,411.2815564694717,20
9,24,343.0128093158661,360.87103347889376,20
10,27,339.8700191774984,560.0085233326231,20
11,28,323.3305546649567,130.77075985892915,20
12,31,345.2705075445816,182.80932784636488,20
13,32,347.9231184246021,291.2705691934179,20
14,33,362.55320304017374,84.9400108577633,20
15,34,369.78497085761865,494.90154038301415,20
16,35,376.3891477117018,232.67662373252946,20
17,36,398.92988855116516,591.7152988855116,20
18,37,381.8984930338357,651.4836508387831,20
19,39,386.64520438151214,439.25327277584825,20
20,40,387.06159312999705,136.8818477938999,20
21,43,421.058734560121,533.5260902445173,20
22,44,417.12345679012344,53.12503956948402,20
23,45,414.95764092538286,276.34147930922126,20
24,46,421.72353870458136,325.8171970209885,20
25,47,428.9821472242602,171.08755196869652,20
26,48,413.21137705937207,389.3919801056885,20
27,49,425.9367952522255,688.980118694362,20
28,50,436.4032414910859,102.39286871961102,20
29,51,449.1363226678684,224.6608832807571,20
30,52,442.3162536749265,472.1104577908442,20
31,53,450.5819587628866,625.9342783505155,20
32,55,457.5623332062524,428.99313762866944,20
33,57,473.6485419864065,367.1846086384565,20
34,59,475.8781061114842,511.1081262592344,20
35,60,477.92355296687293,569.8128867855843,20
36,62,484.678216415791,271.06816245384834,20
37,66,505.2554205384799,175.81248510841078,20
38,67,509.23033521407234,314.8728841686027,20
39,68,515.4604221635884,489.3042216358839,20
40,69,524.8752610594266,422.8688057717866,20
41,70,530.225,220.59769736842105,20
42,72,535.8141263940521,547.0777289624873,20
43,74,552.8360692601753,361.87812008095347,20
44,77,553.0088093966898,267.7487987186332,20
45,176,238.52524893314367,487.12766714082505,20
0,12,257.1912733260154,427.685510428101,21
1,13,274.3042524005487,328.5824417009602,21
2,14,277.9012576933369,279.4859512978325,21
3,15,271.45447065277017,186.493417443774,21
4,16,283.8330550918197,522.7419773696902,21
5,20,310.6454545454545,230.5882697947214,21
6,22,310.119918104709,459.913717461246,21
7,23,316.8030875866415,411.1735979836169,21
8,24,343.05327089126297,360.72413288453095,21
9,27,339.6183898122167,559.6891862723937,21
10,28,322.98483870967743,130.9025806451613,21
11,31,345.3861195263013,182.54805838611952,21
12,32,347.46607431340874,291.25013462574043,21
13,33,362.3015574650913,84.71294307196563,21
14,34,369.53120494335735,494.7880535530381,21
15,35,376.0542317173377,232.58942755409475,21
16,36,399.1381919553963,590.6969334926324,21
17,37,382.184785615491,651.2118948824343,21
18,39,386.6333861595351,438.60089804543054,21
19,40,386.7813981042654,136.73696682464455,21
20,43,421.0211776859504,532.5415805785124,21
21,44,417.09392971246007,52.710543130990416,21
22,45,414.51755526657996,276.0039011703511,21
23,46,421.2995027124774,325.6625226039783,21
24,47,428.7826193993107,170.84982767109798,21
25,48,413.23925593329056,388.63758819756254,21
26,49,425.4741925747057,688.7733172351343,21
27,50,435.7195836044242,102.07124268054652,21
28,51,448.8205822613406,224.4062288422478,21
29,52,442.6400826446281,471.7351239669421,21
30,53,450.76119010005266,625.364402317009,21
31,55,457.62789827973074,428.89454001495886,21
32,57,473.59090909090907,366.5352813852814,21
33,59,476.05522088353416,511.3557563587684,21
34,60,477.85045372050814,569.7560798548094,21
35,62,484.73664980326026,270.84288926363126,21
36,66,505.1829210275928,175.5211703139867,21
37,67,509.19979986657773,314.21180787191463,21
38,68,516.1059245960503,488.68761220825854,21
39,69,525.0750965250966,422.18918918918916,21
40,70,529.8300227938782,220.3145555193748,21
41,72,536.0738750839489,547.3898589657488,21
42,74,552.4955015744489,361.6302294197031,21
43,77,553.2358669191236,267.20151474168244,21
44,185,318.22777386816796,630.9071076706545,21
45,200,414.7073097663271,736.1701617735171,21
46,216,491.565308804205,660.8830486202365,21
0,12,256.99132624510355,427.60492445439286,22
1,13,273.85564159292034,328.41261061946904,22
2,14,277.81261795632247,279.4281477487193,22
3,15,271.13467829880045,186.3552344601963,22
4,16,283.74178578058286,522.9045851123074,22
5,20,310.12230428360414,230.3728212703102,22
6,22,309.6374786081004,459.3185966913862,22
7,23,316.1121919584955,410.61770428015564,22
8,24,342.52852545348156,360.8099765944997,22
9,27,340.16706495763634,559.629154898979,22
10,28,322.48315688161694,130.2194417709336,22
11,31,344.78512168141594,182.41786504424778,22
12,32,347.09514875368535,291.08764406325383,22
13,33,361.9622487778381,84.47474198804997,22
14,34,368.9565754270426,494.573163202305,22
15,35,375.6347354138399,232.476526458616,22
16,36,398.20429252782196,591.2070747217806,22
17,37,381.5286804181972,651.5950833568804,22
18,39,386.20015927794003,438.5394212901513,22
19,40,386.30748976009363,136.6895845523698,22
20,43,421.1721499617445,532.7834736036725,22
21,44,416.8098101265823,52.674367088607596,22
22,45,414.4122409326425,276.0974740932642,22
23,46,420.6946842344389,325.68196274420717,22
24,47,428.3361427863163,170.8202776400595,22
25,48,412.6628278950736,388.55214331413947,22
26,49,425.13345465574764,688.5777979981801,22
27,50,435.41953277092796,102.09441920830629,22
28,51,448.4815315315315,224.14391891891893,22
29,52,441.76932668329175,471.857855361596,22
30,53,449.8309229555614,625.3008151459375,22
31,55,457.11264453562103,429.00857888847446,22
32,57,473.1612139474817,366.407662505381,22
33,59,476.31821148825065,510.06821148825065,22
34,60,477.55931586608443,569.674308588064,22
35,62,484.50331858407077,270.89518805309734,22
36,66,504.73706896551727,175.41786398467434,22
37,67,509.19401479488903,314.10524546065903,22
38,68,516.0544502617801,487.9460732984293,22
39,69,524.5460910151692,421.54842473745623,22
40,70,529.5834146341464,220.08650406504066,22
41,72,535.4562687063518,547.1775856335217,22
42,74,551.9038112522686,361.08076225045374,22
43,77,552.878175361923,267.30947828462166,22
44,200,414.19174041297936,736.3849557522124,22
45,216,491.14811912225707,660.6771159874609,22
46,218,238.2953088951551,376.25916431684186,22
0,12,256.82635399218316,427.00474595198216,23
1,13,274.2054948135688,328.39332772638073,23
2,14,277.6923076923077,279.52249134948096,23
3,15,271.093870789619,186.3688569850911,23
4,16,283.53562790697674,522.8083720930233,23
5,20,309.875,230.44239904988123,23
6,22,309.59994239631334,459.33582949308754,23
7,23,315.83700583279324,410.6814646791964,23
8,24,342.1778331622929,360.8855006597273,23
9,27,340.1286334056399,559.5197396963124,23
10,28,321.9955228653662,130.3431403901503,23
11,31,344.44653739612187,182.67313019390582,23
12,32,346.994338096522,290.8956592073335,23
13,33,361.55296034763717,84.2514937533949,23
14,34,368.9387502577851,494.5135079397814,23
15,35,375.4165984165984,232.27791427791428,23
16,36,398.302524349036,591.2228185251441,23
17,37,381.26124859392576,651.859392575928,23
18,39,385.85633878316804,438.85982310372555,23
19,40,385.87216967612494,136.72341645170536,23
20,43,421.10199949379904,532.4781068084029,23
21,44,416.46814580031696,52.62694136291601,23
22,45,413.9525040387722,275.7172859450727,23
23,46,420.4585486407549,325.4493372275893,23
24,47,428.3598513011152,170.66988847583644,23
25,48,412.32089552238807,388.8407960199005,23
26,49,425.43842216199937,688.6621499548329,23
27,50,435.132131147541,101.71508196721311,23
28,51,448.3243670886076,224.30424954792042,23
29,52,442.0269246949937,471.7320151451409,23
30,53,449.92694300518133,625.2829015544041,23
31,55,456.8818011257036,429.0953095684803,23
32,57,472.76371584699456,366.80109289617485,23
33,59,476.594499520307,509.5273425007995,23
34,60,477.44674556213016,569.6667899408284,23
35,62,483.8758835171049,270.86316087079445,23
36,66,504.42178170527825,175.52615237640316,23
37,67,508.741288625904,314.45825115055885,23
38,68,516.2840267077555,487.1987673343606,23
39,69,524.3479386576379,420.804421429994,23
40,70,529.2198488333881,220.1307919815971,23
41,72,535.3966777408638,547.4827242524917,23
42,74,551.7412619155697,361.23467998184293,23
43,77,552.1789163090128,267.18374463519314,23
44,200,414.4345307068366,736.9206257242179,23
45,220,237.81741573033707,486.6063904494382,23
0,12,256.6110797060486,427.1416054267948,24
1,13,273.69414376908134,328.2542325839578,24
2,14,277.32187919463087,279.4311409395973,24
3,15,270.74293628808863,186.13130193905818,24
4,16,283.40697674418607,522.7091177556293,24
5,20,309.42091310751107,230.47275405007363,24
6,22,309.3313609467456,459.54082840236686,24
7,23,315.589416640102,410.9346509403889,24
8,24,342.04326639102186,360.7745126993503,24
9,27,340.2530250648228,559.4507346585998,24
10,28,321.4915846300413,130.40616068593204,24
11,31,344.21120927664276,182.7084483710657,24
12,32,346.7988353626257,290.64187400741133,24
13,33,361.121130551817,84.30174966352625,24
14,34,368.7833815626292,494.3704009921455,24
15,35,375.3219822812846,232.031284606866,24
16,36,397.98329687810696,590.9413402266853,24
17,37,381.5971954907891,651.4206763816333,24
18,39,385.5598937583001,438.8438247011952,24
19,40,385.58769141866514,136.6792834440913,24
20,43,421.1184411614875,532.0713194090678,24
21,44,416.6882995319813,52.355070202808115,24
22,45,413.9616883116883,275.6633116883117,24
23,46,420.3922973578146,325.3363188535602,24
24,47,427.879781420765,170.62394436164928,24
25,48,411.66259780907666,388.6870109546166,24
26,49,425.07174621998223,689.064927364364,24
27,50,434.59654943596547,101.79263437292634,24
28,51,448.1816344858554,224.00606196677145,24
29,52,441.83263246425565,471.351976450799,24
30,53,449.95300400534046,625.0096128170894,24
31,55,456.70808157099697,428.71110271903325,24
32,57,472.3600261837224,366.59066113899195,24
33,59,476.79254815282604,509.16671929270603,24
34,60,476.9821233126596,569.6490331995622,24
35,62,484.2414559599889,270.3698249513754,24
36,66,504.52443699089605,175.80857690464782,24
37,67,508.5820648577101,314.2581072137657,24
38,68,517.2066448527561,487.20991693934053,24
39,69,524.4230015673982,420.7788009404389,24
40,74,551.5283704039946,361.23876532001816,24
41,220,237.57147826086955,486.4650434782609,24
42,222,238.13970776723917,375.8364521917457,24
43,260,490.88537145774825,116.65994383456727,24
44,261,490.80678851174935,660.6078328981723,24
0,12,256.169123783032,427.17941585535465,25
1,13,273.7400552486188,328.5491712707182,25
2,14,277.10751818916737,279.5561843168957,25
3,15,270.1478912319645,186.342397336293,25
4,16,282.97956553755523,522.615795287187,25
5,20,308.96043376318875,230.58675263774913,25
6,22,308.9141757916543,459.4640426161586,25
7,23,315.15191082802545,410.93057324840765,25
8,24,341.6145094562648,360.94429669030734,25
9,27,339.70954535660417,558.9342814048697,25
10,28,321.1498568246898,130.3000318167356,25
11,31,343.68209366391187,182.6677685950413,25
12,32,346.4143661216832,290.9667649423747,25
13,33,360.8081300813008,84.24308943089432,25
14,34,368.9168719211823,494.0595238095238,25
15,35,374.74297520661156,232.39476584022037,25
16,36,397.68515169780994,590.7675306409484,25
17,37,381.3358592692828,651.0443843031123,25
18,39,385.91326127076195,438.5670972844714,25
19,40,384.8547356188263,136.97646717024986,25
20,43,420.95875763747455,532.2706211812628,25
21,44,415.87942373943,52.54556843094269,25
22,45,413.3771986970684,275.9016286644951,25
23,46,420.04696935808545,325.3245358980094,25
24,47,427.5105642555307,170.71613223962217,25
25,48,411.4688380833072,388.5286564359536,25
26,49,424.5443488579057,688.7303470780184,25
27,50,433.9347684279191,102.34083496412264,25
28,51,447.8531623175586,223.81003980539583,25
29,52,441.54939558149226,471.28678616090036,25
30,53,450.1589770630108,624.8304771948326,25
31,55,457.2438837920489,428.41246177370033,25
32,57,472.3193808589492,366.33224329627205,25
33,59,476.68777848504135,509.09739019732655,25
34,60,476.64151637835846,569.317997791682,25
35,62,483.78029666946543,270.5961376994123,25
36,66,504.45496368038744,175.1731234866828,25
37,67,507.936513268391,314.1834061135371,25
38,68,516.2113110539846,487.2750642673522,25
39,69,524.184236453202,420.68985221674876,25
40,74,551.0237986270023,361.21510297482837,25
41,285,413.72546147084677,737.3744506299444,25
42,304,528.9219004230393,219.97266514806378,25
43,307,551.9057833288081,267.15802335052945,25
0,12,255.56393076493578,427.20882188721384,26
1,13,273.31286468463463,328.4679077521534,26
2,14,276.8729061419835,279.17548524328635,26
3,15,269.8148354712772,186.36698271054098,26
4,16,282.6478068558791,522.4362329524512,26
5,20,308.73115727002966,230.20890207715132,26
6,22,308.4891915901688,459.4628368374297,26
7,23,314.7365915582355,411.01332910187244,26
8,24,341.13320576979686,360.8650279658522,26
9,27,339.4947794587684,559.2955465587045,26
10,28,321.05073388640716,130.59476707083599,26
11,31,343.34190871369293,182.87026279391424,26
12,32,346.2129973474801,290.80689655172415,26
13,33,360.6267775690904,84.09686074590823,26
14,34,368.1231629062306,494.0283585179052,26
15,35,374.44524735964427,232.3474152306837,26
16,36,397.0681226207173,591.0052093768784,26
17,37,380.321536351166,651.5272976680384,26
18,39,385.0103916866507,438.4010125233147,26
19,40,384.7835971223022,136.783309352518,26
20,43,420.81440162271804,532.3440669371197,26
21,44,415.96635220125785,52.13176100628931,26
22,45,413.07154471544715,275.6091056910569,26
23,46,419.64111812443645,325.11834986474304,26
24,47,426.9627606752731,170.84682224428997,26
25,48,410.992414664981,388.47882427307206,26
26,49,424.2748137108793,688.5725782414307,26
27,50,433.74326986211423,102.18680236375575,26
28,51,447.5929223236145,224.16091698197195,26
29,52,440.35879143936216,471.4842635333613,26
30,53,448.9230563002681,625.4873994638069,26
31,55,456.30282485875705,428.9804143126177,26
32,57,471.24675043327557,366.66096187175043,26
33,59,476.75543816034804,507.88781852082036,26
34,60,475.92649147727275,569.8742897727273,26
35,62,483.59445067264573,270.3747197309417,26
36,66,503.82458628841607,175.57659574468084,26
37,67,507.61066666666665,314.12833333333333,26
38,68,516.3813229571984,486.8656290531777,26
39,69,523.8228174603174,420.2446428571429,26
40,74,549.9621819848728,360.4524409809764,26
0,12,255.46450880181715,427.0664395229983,27
1,13,273.7018581081081,328.5892454954955,27
2,14,276.9532611565883,279.5331396884077,27
3,15,269.9216178521618,186.4273361227336,27
4,16,283.3191803581318,522.9747092486616,27
5,20,308.45203060623896,230.57357268981755,27
6,22,307.91041666666666,459.7047619047619,27
7,23,314.7017432646593,411.21711568938196,27
8,24,340.86258083480305,360.87566137566137,27
9,27,339.8425643262102,559.5948539031835,27
10,28,320.7840799226555,130.92587818240412,27
11,31,343.3637609649123,183.22724780701753,27
12,32,346.5157554538109,290.792081874495,27
13,33,360.4193118164844,84.4158442251267,27
14,34,367.97087776866283,494.3677194421657,27
15,35,374.54202736665735,232.71739737503492,27
16,36,397.34147317854286,591.0544435548438,27
17,37,380.26120218579234,651.2699453551912,27
18,39,384.5835112059765,438.7249199573106,27
19,40,384.3049665988963,137.1812372930584,27
20,43,420.7241203467619,532.5484446710861,27
21,45,412.9695481335953,275.95121152586773,27
22,46,419.457798784605,325.4980868782354,27
23,47,427.0109398309299,171.01516658378915,27
24,48,410.6980835689601,388.9274269557022,27
25,49,423.90776119402983,689.0859701492537,27
26,50,433.63724853990914,102.59441920830629,27
27,51,447.2701072386059,224.2372654155496,27
28,52,440.0569380008435,472.2918599746942,27
29,53,448.8556338028169,625.8496749729144,27
30,55,456.0152359717577,429.27536231884056,27
31,57,471.2766233766234,366.7251082251082,27
32,59,477.12461155997516,508.29117464263516,27
33,60,475.49260194875495,570.1180079393721,27
34,62,483.0779765231973,270.4955282280604,27
35,66,503.64333652924256,175.91227229146693,27
36,67,507.5971438060445,314.1202258385918,27
37,68,515.6673591274994,486.6782653856141,27
38,69,523.8901711102268,420.5021886191803,27
39,74,549.7112951460778,360.9066022544283,27
40,76,236.62168592794018,486.9643099932019,27
41,113,489.8033516627389,660.9890023566379,27
0,12,255.43312641083523,427.4111173814898,28
1,13,273.3658810325477,328.42676767676767,28
2,14,276.6427050053248,279.2888711395101,28
3,15,269.47956630525437,186.35307200444817,28
4,16,283.0211485870556,522.7360072926163,28
5,20,307.98489250435796,230.65833817547937,28
6,22,307.76023916292974,459.91091180866965,28
7,23,314.42685624012637,411.4473933649289,28
8,24,340.58002353633424,360.9093851132686,28
9,27,339.7824576639166,559.8988276161529,28
10,28,320.4336025848142,130.8032310177706,28
11,31,342.85643015521066,183.06929046563192,28
12,32,346.1924003211132,290.76585496387474,28
13,33,359.6450922706606,84.41294463760364,28
14,34,367.823238566131,494.32900700453234,28
15,35,374.1387493020659,232.40256839754326,28
16,36,396.9272837755722,590.8079805549929,28
17,37,379.978978978979,650.9101829101829,28
18,39,384.4110576923077,438.7454594017094,28
19,40,384.0046082949309,137.1961405529954,28
20,43,420.69504800404246,532.2248610409298,28
21,45,412.74066797642433,275.7714472822528,28
22,46,418.964884458541,325.3704123244223,28
23,47,426.6908729171848,170.92638647102712,28
24,48,410.3582136164897,388.5880699562773,28
25,49,423.876130198915,688.6591320072333,28
26,50,433.35364635364635,103.04262404262404,28
27,51,447.01317846772395,224.24346660710296,28
28,52,441.1812577065351,471.57870941224826,28
29,53,448.62550227698904,625.8055183498527,28
30,55,455.4127163280662,428.8280662151994,28
31,57,471.0454251883746,366.3778256189451,28
32,59,477.16220375500154,507.76300400123114,28
33,60,475.52224576271186,569.9113700564972,28
34,62,482.6575875486381,270.61617565314066,28
35,66,503.3099976024934,175.80724046991128,28
36,67,507.52261985145174,313.92167454422685,28
37,68,516.7039315324953,487.4477132923241,28
38,69,523.5201486697965,420.5968309859155,28
39,74,549.4130081300813,360.67247386759584,28
40,135,415.50610500610503,52.99114774114774,28
41,137,413.28514285714283,737.3594285714286,28
0,12,255.045814479638,427.35718325791856,29
1,13,273.1684121143504,328.5363713557883,29
2,14,276.24993408911155,279.3585552333245,29
3,15,269.30962921970115,186.36524626452683,29
4,16,282.74588364434686,522.8816319063301,29
5,20,307.343950905903,230.78988895382818,29
6,22,307.31842417061614,459.6131516587678,29
7,23,313.8664109939278,411.2732502396932,29
8,24,340.31664949212427,360.8991609009274,29
9,27,340.1987700417307,558.9114869316934,29
10,28,320.0206651598321,130.96900226025187,29
11,31,343.5290047897818,182.42070250133048,29
12,32,345.71061781224927,290.78175982883124,29
13,33,359.03706688154716,84.5044319097502,29
14,34,367.2578826477344,494.3399457089163,29
15,35,373.94644351464433,232.44407252440726,29
16,36,396.77696127110227,590.788679245283,29
17,37,379.9263586956522,651.36875,29
18,39,383.9713082390103,438.7204527507239,29
19,40,384.06193078324225,136.45203400121432,29
20,43,420.6344333589153,531.9900230237912,29
21,45,412.4636215334421,275.6907014681892,29
22,46,418.54213864975077,325.38241957408246,29
23,47,426.68444444444447,170.89851851851853,29
24,48,409.91395793499044,388.3878266411727,29
25,49,423.29906259449655,689.1369821590565,29
26,50,432.8732212160414,102.75388098318241,29
27,51,446.7756064690027,224.14173405211142,29
28,52,440.5085896923692,471.4894127047543,29
29,53,448.7487383798141,624.8552456839309,29
30,55,454.87581199847153,428.6732900267482,29
31,57,470.605600684053,366.7466866182129,29
32,59,477.5415403274712,507.3799272286234,29
33,60,475.25259643916917,569.321587537092,29
34,62,482.33417155630065,270.42106733724506,29
35,66,503.2663473053892,175.76119760479042,29
36,67,506.72427572427574,313.87079587079586,29
37,68,517.0002635740643,486.93357933579335,29
38,69,523.1882166864373,420.1020166073547,29
39,74,549.102480871783,360.4328773475539,29
40,135,414.5972602739726,52.803348554033484,29
41,423,488.41444766675454,661.1964144476667,29
0,12,255.02733026467203,426.9243383199079,30
1,13,273.09871977240397,328.5041251778094,30
2,14,276.02,279.40736842105264,30
3,15,269.1120665742025,186.37919556171983,30
4,16,282.53050785531605,522.6724515893313,30
5,20,307.1546272120685,230.67769074557586,30
6,22,306.50625372245383,459.6986301369863,30
7,23,313.72747532632917,411.1111111111111,30
8,24,340.33034401646574,360.99309026756833,30
9,27,340.444693740184,559.1283374467131,30
10,28,320.07446468520294,130.60019175455417,30
11,31,342.31206464196157,183.261911395932,30
12,32,345.8904953145917,290.79892904953147,30
13,33,358.8997018162104,84.56898888587693,30
14,34,366.9564506235944,494.57104886526275,30
15,35,373.5300668151448,232.41286191536747,30
16,36,396.44874804381845,590.7767996870109,30
17,39,383.63061170911,438.87844578629563,30
18,40,382.94808259587023,137.85457227138642,30
19,43,420.85669781931466,531.716251298027,30
20,45,412.49134835128956,275.58308847535096,30
21,46,418.26847010684247,325.43123437144806,30
22,47,426.16555142503097,170.9841387856258,30
23,48,409.7973751600512,388.4330985915493,30
24,49,423.33613697807147,688.9888855512165,30
25,50,432.23523748395377,102.92490372272144,30
26,51,446.51656222023274,224.02931960608774,30
27,52,440.2493827160494,471.7489711934156,30
28,53,448.6341397849462,624.6862903225806,30
29,55,454.39209726443767,428.63031914893617,30
30,57,470.35981208626947,366.47875293615203,30
31,59,477.1283700980392,508.10171568627453,30
32,60,475.04112634309,569.5279733234531,30
33,62,482.1031128404669,270.66759310728185,30
34,66,503.29036895064684,175.86032582654528,30
35,67,506.82305084745764,313.7013559322034,30
36,68,515.9617472215043,486.2902558800724,30
37,69,522.9354583250841,420.41397743021184,30
38,74,548.5555812341114,360.60919805870117,30
39,135,414.67635600839077,52.47138148037159,30
40,423,488.4430979978925,661.1048472075869,30
0,12,254.9717530576587,426.86808386721026,31
1,13,273.2402155416903,328.53800340328985,31
2,14,275.56109791501717,279.35998944312485,31
3,15,268.8113312866313,186.3918504046888,31
4,16,282.3796820756441,522.5377306778732,31
5,20,307.0210860774119,230.9052570768342,31
6,22,306.09846892824976,459.9933953767637,31
7,23,313.7178673437004,411.6156775626785,31
8,24,340.07739938080493,360.94250331711635,31
9,27,339.73334823424227,559.4061242735806,31
10,28,319.6825497002209,130.74250552224677,31
11,31,342.26035339591385,183.3575372722253,31
12,32,345.6546570589805,290.8558847077662,31
13,33,358.76033732317734,84.36615886833515,31
14,34,366.98508682328907,494.0988764044944,31
15,35,373.4256756756757,232.6607545045045,31
16,36,396.35377831228703,590.729805572259,31
17,39,383.2498659517426,438.7847184986595,31
18,40,382.96382730455076,137.68378063010502,31
19,43,420.32827899924183,532.0631791761435,31
20,45,412.0122031662269,275.93040897097626,31
21,46,418.4485193621868,325.374715261959,31
22,47,425.9913172909948,171.03175390721904,31
23,48,409.25062735257217,388.80332496863235,31
24,49,423.68248723340344,689.3340342445179,31
25,50,431.86096605744126,102.85084856396867,31
26,51,446.3663431848258,224.2675341861491,31
27,52,439.4622840286557,472.17277707543195,31
28,53,448.9174731182796,624.9637096774194,31
29,55,453.92906178489704,428.7116704805492,31
30,57,469.91718515340057,366.86376314095685,31
31,59,477.3845208845209,507.1836609336609,31
32,60,475.0432120993878,569.5174648901692,31
33,62,482.0218548613057,270.44494256094146,31
34,66,502.7687833252545,175.91444498303443,31
35,67,506.487425545996,314.3090668431502,31
36,68,515.3788706739526,486.015612802498,31
37,69,523.0574153367069,420.32035811599843,31
38,135,414.8352104327208,52.20539419087137,31
39,440,380.18299104792,651.55186940495,31
40,465,533.1178198433421,548.3922976501306,31
0,12,254.94140278188814,426.95176087599884,32
1,13,272.8980582524272,328.950314106225,32
2,14,275.0655217965654,279.845178335535,32
3,15,268.5367709213863,186.78641870949562,32
4,16,282.46247945955815,522.9490597042177,32
5,20,306.8333333333333,231.1462291306851,32
6,22,305.886702444842,460.2149672033393,32
7,23,313.1668255481411,411.5989831585637,32
8,24,339.59403161471414,361.3684443787856,32
9,27,340.18682766191,559.7747530186608,32
10,28,319.12134548884,131.34423137378184,32
11,31,342.18722098214283,183.71735491071428,32
12,32,345.5204352441614,291.22584925690023,32
13,33,358.4754716981132,84.62210242587601,32
14,34,366.878084179971,494.4868339207962,32
15,35,373.1477749790092,232.6521130702491,32
16,36,396.26336952151183,590.8976678729393,32
17,39,382.6977423638778,439.4432934926959,32
18,40,382.54908243518787,137.94698514418874,32
19,43,420.3668789808917,532.0117197452229,32
20,45,411.8489822718319,275.7882468811556,32
21,46,418.41254496402877,325.1076888489209,32
22,47,425.97283150548355,171.01021934197408,32
23,48,409.3443526170799,388.92408937863485,32
24,49,423.135898977751,689.438665063139,32
25,50,431.5951298701299,103.11136363636363,32
26,51,446.0784270162186,224.16640746500778,32
27,52,438.7380341880342,472.134188034188,32
28,53,448.1671707451196,625.1861424250756,32
29,55,453.52165431135387,428.88841201716735,32
30,57,469.84270631329457,366.94160741219565,32
31,59,477.72247497725203,506.61753108886865,32
32,60,473.991587417703,569.7373811265545,32
33,62,482.0002849002849,270.16438746438746,32
34,66,502.76567020250724,175.9963837994214,32
35,67,506.01981860933824,313.9674168626134,32
36,68,514.5384225209232,484.06441795587114,32
37,69,522.8120928338762,419.79458469055373,32
38,135,414.0279195436806,52.595316721705196,32
39,440,379.9819628647215,651.3124668435013,32
40,465,531.7453100158982,548.8763116057233,32
41,503,487.9291754756871,661.4585095137421,32
42,510,547.8545744196632,360.46609012289485,32
0,12,254.62209814869232,426.9485747869527,33
1,13,273.0639334862385,329.0639334862385,33
2,14,275.3869032089747,279.55622228019826,33
3,15,268.29929676511955,186.70492264416316,33
4,20,307.0984892504358,230.9883788495061,33
5,22,305.60603345280765,459.91338112305857,33
6,23,313.2075592568866,411.609865470852,33
7,24,339.3716866577817,361.23485858137127,33
8,27,340.06308515381187,559.4135086937138,33
9,28,318.5814838300571,131.431198478123,33
10,31,341.57210732252656,183.43851313583008,33
11,32,345.5211267605634,291.2492692001063,33
12,33,357.7825375170532,84.89140518417463,33
13,34,367.1089437642664,494.03361693297364,33
14,35,373.08052749719417,232.60465768799102,33
15,36,396.74970297029705,590.6027722772277,33
16,39,382.82726793248946,438.8309599156118,33
17,40,382.0472854640981,138.14769410391128,33
18,43,421.13354727227846,531.8699086645273,33
19,45,411.8015691402419,275.8486433474992,33
20,46,418.0704065409948,325.39609357256415,33
21,47,425.6288685318148,171.1926219361228,33
22,48,408.744917407878,388.8046378653113,33
23,49,422.96822033898303,689.360774818402,33
24,50,431.13896103896104,103.39967532467533,33
25,51,445.93232913669067,224.11263489208633,33
26,52,440.0804965959151,471.47537044453344,33
27,53,447.9232869232869,625.6341796341796,33
28,55,453.3349534224382,428.4528149048198,33
29,57,469.2799748901444,367.0987654320988,33
30,59,478.9040465971797,506.3859595340282,33
31,60,474.83476314807905,569.7762029093622,33
32,62,481.50958286358514,270.21392333709133,33
33,66,502.356067961165,176.10218446601942,33
34,67,506.084643693543,313.90565406490464,33
35,68,515.7037725823592,485.98698193411263,33
36,69,522.7415086887836,420.6451421800948,33
37,135,413.46513680494263,52.95351573992351,33
38,440,380.06533333333334,651.2418666666666,33
39,465,531.7944018660446,549.3408863712096,33
40,503,488.1079003181336,661.5050371155885,33
41,510,547.8790322580645,360.2622119815668,33
0,12,254.56873315363882,426.95747229709497,34
1,13,272.7591220068415,329.2118015963512,34
2,14,275.2758440198901,279.5820465846637,34
3,15,267.8025459688826,187.0152758132956,34
4,20,306.8847379090646,230.6101940341732,34
5,22,305.1648841354724,459.9575163398693,34
6,23,312.54041867954913,411.589694041868,34
7,24,339.35665780927076,361.3758488337762,34
8,27,339.27934782608696,559.6986956521739,34
9,28,318.57262051915944,131.16100123609394,34
10,31,341.3707067839909,183.5262560317911,34
11,32,345.1687221201784,290.93492521647863,34
12,33,357.5783000819896,84.39682973490025,34
13,34,366.47137484329295,494.108650229837,34
14,35,372.9110036963321,232.28262723912425,34
15,36,395.892563640008,590.9338544798557,34
16,39,382.6817587019105,439.1363517403821,34
17,40,381.83415340086833,138.15976845151954,34
18,43,420.6546224769499,532.0166957388487,34
19,45,411.29679762297786,275.96632551997357,34
20,46,417.8972665148064,325.2751708428246,34
21,47,425.3328339575531,171.04469413233457,34
22,48,408.3885028427037,388.84680985470624,34
23,49,422.88855512165816,689.595373986182,34
24,50,430.94509421702406,103.11533463287849,34
25,51,445.3261545293073,224.16385435168738,34
26,52,439.0470833333333,471.93125,34
27,53,448.12844780962683,624.82990805841,34
28,55,453.5498084291188,428.22337164750957,34
29,57,469.0220651242502,366.5278491859469,34
30,59,478.6050822122571,506.62929745889386,34
31,60,473.05457340507303,569.270945426595,34
32,62,481.23478260869564,270.3382889200561,34
33,66,502.46269727403154,176.1465805834529,34
34,67,505.87823490378236,314.2143331121433,34
35,68,515.0695792880259,484.9212513484358,34
36,69,522.4353337294514,420.7306397306397,34
37,135,413.43827893175074,52.82255192878338,34
38,440,379.51054296257246,651.5300474433316,34
39,503,487.7132997079904,661.719139899124,34
40,510,547.5532900834106,360.4158943466172,34
0,12,254.37690696978763,426.9865390367933,35
1,13,273.09536009109024,329.10532308568173,35
2,14,275.1239821381665,279.6015235093249,35
3,15,268.25057142857145,187.19657142857142,35
4,20,306.96731269887186,230.84639861151288,35
5,22,304.59673518742443,459.9516324062878,35
6,23,312.92397846056383,411.62052581564774,35
7,24,339.16500223580266,361.38321657475035,35
8,27,339.6890134529148,559.8125560538117,35
9,28,318.3007849293564,131.7949764521193,35
10,31,341.2877923559612,183.69195664575014,35
11,32,345.17671957671956,291.4306878306878,35
12,33,357.47200642914544,84.94053040450041,35
13,34,366.8374536464771,494.401318500206,35
14,35,372.88512188288036,232.86606892687027,35
15,36,395.79252862020485,591.0698935529223,35
16,39,382.1767331932773,439.21953781512605,35
17,40,381.6223263990624,138.77116905947847,35
18,43,420.8343588481418,532.1070637460004,35
19,45,411.8395021290534,276.1532918440878,35
20,46,417.6374456397345,325.5037766079194,35
21,47,425.22776412776415,171.71719901719902,35
22,48,407.9958717053033,389.01524293426485,35
23,49,422.59281617869,689.4793238756414,35
24,50,430.57046548956663,103.40481540930979,35
25,51,445.82105972159854,224.6145038167939,35
26,52,438.74616695059626,472.42035775127766,35
27,53,447.5855408388521,625.5317328918322,35
28,55,453.4421052631579,428.86353383458646,35
29,57,468.65531190121357,366.9118586331701,35
30,59,478.7090909090909,507.1306625577812,35
31,60,473.9710564399421,569.6089001447178,35
32,62,481.2810734463277,270.7841807909605,35
33,66,502.4391547243138,176.2691280058295,35
34,67,505.7967967967968,314.51785118451784,35
35,68,514.9033546325878,485.3013844515442,35
36,69,522.2161309406429,420.98895681325183,35
37,135,413.5053571428571,52.73690476190476,35
38,440,379.9388191290409,651.194229227892,35
39,503,486.99646065886196,661.8968145929757,35
40,510,547.6004179243092,360.6127234734154,35
41,516,282.3522045855379,523.2121693121693,35
0,12,254.47028025870034,426.82907299045274,36
1,13,272.4717514124294,329.430790960452,36
2,14,275.1756862745098,279.5856209150327,36
3,15,267.71987345412714,187.17888984756974,36
4,20,306.49011052937755,230.86591041303083,36
5,22,303.9287243805445,460.1202202508412,36
6,23,312.1625806451613,411.88870967741934,36
7,24,339.1549504217848,361.68832322036405,36
8,27,339.73589515770766,559.6890270990671,36
9,28,317.96959354638534,131.6720446788706,36
10,31,341.0910121916643,183.79954635667707,36
11,32,344.8227309023157,291.3593292520628,36
12,33,357.1336242159804,84.87755658576494,36
13,34,366.81009023789994,494.00779327317474,36
14,35,372.3249647390691,232.99971791255288,36
15,36,395.3764396847848,591.1452818751263,36
16,39,381.3199464524766,439.34270414993307,36
17,40,381.1151817116061,138.6204572098476,36
18,43,420.5432716358179,532.2428714357178,36
19,45,410.84888741281964,276.0690800398539,36
20,46,417.40833523115464,325.5616032794352,36
21,47,424.6217757936508,171.62748015873015,36
22,48,407.64112903225805,389.66842431761785,36
23,49,422.5169441141498,689.436385255648,36
24,50,430.1614349775785,103.55669442664959,36
25,51,445.39476021314385,224.46536412078152,36
26,52,438.2198795180723,473.1394148020654,36
27,53,447.19388038942975,625.8278164116829,36
28,55,453.2360271903323,430.0407854984894,36
29,57,468.65227367542764,367.0692532332082,36
30,59,478.7413637729048,506.86752778612197,36
31,60,473.20007145409073,569.9156841729189,36
32,62,480.5564924114671,270.915964024733,36
33,66,502.2099540951921,176.26165740517033,36
34,67,505.78443920511955,314.2037723139104,36
35,68,514.9583780880773,485.7752416756176,36
36,69,522.0750246791707,420.7202369200395,36
37,135,412.9510095011876,53.17042755344418,36
38,440,379.40134048257374,651.2643431635389,36
39,503,487.1515806538773,661.7108889489327,36
40,510,547.1803356180571,360.74403214370125,36
41,516,282.52906770648707,523.4127968805388,36
42,518,235.1642105263158,485.5473684210526,36
43,560,531.6200132978723,549.5977393617021,36
0,12,254.0797694874128,427.2578101304216,37
1,13,272.56649688737974,329.3480475382003,37
2,14,275.26659641728133,279.7283983140147,37
3,20,306.3518355359765,231.25227606461087,37
4,22,303.6414281317328,460.66266543551865,37
5,23,311.6923076923077,412.300351101181,37
6,24,338.7058472553699,362.18183174224345,37
7,27,339.78335915025446,559.7603452091171,37
8,28,317.5681042506981,132.20757058641018,37
9,31,340.9036316843008,184.10666285387475,37
10,32,344.7560073937153,291.66939529970955,37
11,33,356.9184549356223,85.05928111587983,37
12,34,366.21486910994764,494.3137172774869,37
13,35,372.30625530710444,232.93348429097085,37
14,36,395.6231683168317,590.9352475247525,37
15,39,381.38607594936707,439.9601793248945,37
16,40,380.8553755522828,138.88306332842416,37
17,43,420.33138203105113,531.6095698651056,37
18,45,410.4851387054161,276.335535006605,37
19,46,416.7322690992018,325.9655644241733,37
20,47,424.06565530962445,171.93210644118378,37
21,48,407.1864089775561,389.9099127182045,37
22,49,422.2963972146533,689.3587647593097,37
23,50,429.62194337194336,103.75997425997426,37
24,51,445.24021471706556,224.63654663386268,37
25,52,438.0409381663113,472.95991471215353,37
26,53,447.20995079278293,625.3154729360306,37
27,55,453.30370087752766,430.0450209843571,37
28,57,468.1909526787576,367.83948301021474,37
29,59,477.92419106317413,507.2530046224961,37
30,60,473.35877581120945,569.5516224188791,37
31,62,480.07705192629817,271.1476828587381,37
32,66,501.82317513852087,176.72970368585882,37
33,67,504.99435590969455,314.6945551128818,37
34,68,514.5720744680851,485.8343085106383,37
35,69,521.9960111687276,421.0355005983247,37
36,135,412.93746259724713,53.188809096349495,37
37,440,379.2959101844427,651.6385993049987,37
38,503,486.53402569007926,661.7340803498223,37
39,510,546.9305621162022,361.3412848370335,37
40,516,282.1623055162659,523.311350777935,37
41,560,530.5091264667536,549.9784876140808,37
42,583,410.5718803910293,738.2924094307073,37
43,598,486.53161355589276,118.64213454729388,37
0,12,253.50634057971016,427.65579710144925,38
1,13,272.4938937801761,329.23885259869354,38
2,14,274.6686185786532,279.83417620441844,38
3,20,306.06014814814813,231.46014814814814,38
4,22,303.2515206812652,460.5632603406326,38
5,23,311.4685292228645,412.15799614643544,38
6,24,338.471740430622,362.16925837320576,38
7,27,339.67638612767837,559.7868345482659,38
8,28,317.0110724454287,132.58272698513127,38
9,31,340.6053386911596,184.15901262916188,38
10,32,344.3257415254237,292.0770656779661,38
11,33,356.00053748992207,85.63934426229508,38
12,34,365.7771236333053,494.3572329688814,38
13,35,371.6350526899612,233.54298391569606,38
14,36,395.16204733967226,591.1211814687437,38
15,39,380.703428115865,440.05155461068296,38
16,40,380.8474723997676,138.9944799535154,38
17,43,420.3688933200399,532.0899800598205,38
18,45,410.30244228839075,276.49983271997326,38
19,46,416.7178789938817,326.08157715839565,38
20,47,423.8162808065721,171.89942743340802,38
21,48,406.8343653250774,390.33962848297216,38
22,49,422.2607655502392,689.7700358851674,38
23,50,429.671709044094,103.49887351142581,38
24,51,444.83819274426884,224.63209436901846,38
25,52,437.43931837073984,473.0540315876974,38
26,53,447.37711171662124,625.7574931880109,38
27,55,453.456106870229,430.1416030534351,38
28,57,467.7662473794549,367.95828092243187,38
29,59,477.9616724738676,507.5292999683244,38
30,60,472.74607807369574,569.7157971543232,38
31,62,479.8100699300699,271.0179020979021,38
32,66,501.32600821057713,176.56556387346052,38
33,67,504.8501478803812,314.6585606309563,38
34,68,513.8150577124869,486.5661070304302,38
35,69,521.9796362198498,420.98635824436536,38
36,135,412.1152372531683,53.480695549661064,38
37,440,379.2770767613039,651.4723974763407,38
38,510,546.3878281622912,361.0214797136038,38
39,516,282.0520220915731,523.5464101193658,38
40,602,267.4204449450859,187.71613629963392,38
0,12,253.6304082876295,427.32632541133455,39
1,13,272.1693617021277,329.44198581560283,39
2,14,274.6521624472574,279.85917721518985,39
3,20,306.1241521675022,231.4358596284282,39
4,22,302.81631437927956,460.9285501637392,39
5,23,311.5931278098908,411.9402697495183,39
6,24,338.4407618476305,361.8473305338932,39
7,27,339.5687541787386,559.6913305103633,39
8,28,316.8581185967091,132.38994101210804,39
9,31,340.48365634943593,184.02748047439977,39
10,32,344.0849132176235,291.860347129506,39
11,33,355.812246003793,85.36141966946627,39
12,34,365.6213042566576,494.704969595303,39
13,35,371.6123299083588,233.40627603443488,39
14,36,394.82307536055254,591.1889092017062,39
15,39,380.36278097229484,440.0650810245687,39
16,40,380.62558139534883,139.20377906976745,39
17,43,419.8993948562784,532.2829046898638,39
18,45,410.0492792490781,276.49949715051963,39
19,46,416.52117486338796,325.929189435337,39
20,47,424.03638151425764,172.281465093412,39
21,48,406.7191080829978,390.081139671725,39
22,49,421.9940476190476,689.1979166666666,39
23,50,429.12218649517683,103.70546623794212,39
24,51,444.8449752140604,225.02591257323118,39
25,52,437.4148363033568,472.9577289680895,39
26,53,447.1666666666667,625.5275482093664,39
27,55,453.12139838647715,430.17134076066077,39
28,57,467.46293176074136,367.9561920808762,39
29,59,477.42049255092735,507.3551231377318,39
30,60,472.79401022644265,570.2074506939372,39
31,62,479.50041817674935,271.36548647895177,39
32,66,501.26967648478995,176.54901014002897,39
33,67,504.8265573770492,315.0032786885246,39
34,68,514.3555495103374,487.1988574537541,39
35,69,521.5090873558726,421.2765292163377,39
36,135,411.88905024687773,53.17629973860006,39
37,440,379.2789654262338,651.2763262074426,39
38,510,546.1785543322163,361.25849688846336,39
39,602,267.25140765765764,187.90596846846847,39
40,626,410.5445307830245,737.7546323968918,39
0,12,253.43886198547216,427.64406779661016,40
1,13,272.10544121793066,329.8195658302791,40
2,14,274.645393858478,280.46782376502,40
3,20,305.53574580759044,231.9914680788467,40
4,22,303.04499229583973,461.0101694915254,40
5,23,311.4155802861685,412.57233704292526,40
6,24,338.40614692653674,362.164167916042,40
7,27,340.1587897526502,560.3356890459364,40
8,28,316.76587910401963,132.62227677201597,40
9,31,340.3326624496837,184.48706152961472,40
10,32,343.98845637583895,292.0362416107383,40
11,33,355.55357142857144,85.4673076923077,40
12,34,365.671719269103,494.79796511627904,40
13,35,371.31510272071074,233.64297612437534,40
14,36,395.17786479802146,591.5991343775762,40
15,39,380.60817495443894,440.21426711793805,40
16,40,380.1308301554708,139.46553241419772,40
17,43,419.817630714827,532.4592068704218,40
18,45,409.7014824797844,276.43227762803235,40
19,46,416.3876671956472,325.8394921786443,40
20,47,423.7561394891945,172.72421414538312,40
21,48,406.7852703542573,390.07924176507146,40
22,49,422.1166067146283,690.1022182254196,40
23,50,428.7037271004422,104.02495262160456,40
24,51,444.90586105453724,225.36094138945464,40
25,52,437.71179966044144,472.80899830220716,40
26,53,447.2198737304419,626.2541861103487,40
27,55,452.6335160532498,430.1656225528583,40
28,57,467.6955620074658,367.72604728328497,40
29,59,477.10113741162,507.7276360282816,40
30,60,472.6925256818987,570.3790294013461,40
31,62,479.5757490898908,271.38560627275274,40
32,66,501.2913764112419,176.70934422291617,40
33,67,504.7759197324415,314.76153846153846,40
34,68,513.8193633952254,487.9893899204244,40
35,69,521.1951171875,421.916796875,40
36,135,411.3214810461358,53.749338818689395,40
37,440,379.12118046487336,651.4162966832071,40
38,510,546.0607344632768,361.41972693032017,40
39,602,267.07279370432826,188.0865654862282,40
40,632,281.97692580759673,524.1893858714946,40
