,position (um),Sema5c intensity,Abi intensity
0,0.0,11.0324,4.301
1,0.0689,13.4078,6.7003
2,0.1378,15.2796,8.4669
3,0.2067,20.1405,10.7508
4,0.2756,19.3185,11.3083
5,0.3445,19.0964,11.7503
6,0.4134,18.2218,9.4291
7,0.4823,18.424,10.4605
8,0.5512,18.6401,7.051
9,0.6201,15.5109,6.9804
10,0.6889,13.0495,6.9922
11,0.7578,11.833,7.545
12,0.8267,10.3872,6.4189
13,0.8956,9.7265,5.5021
14,0.9645,7.4111,5.3036
15,1.0334,5.8448,4.619
16,1.1023,4.6149,4.6021
17,1.1712,3.514,4.8412
18,1.2401,2.7865,5.0239
19,1.309,3.8911,5.5838
20,1.3779,5.2291,6.3042
21,1.4468,3.6388,4.5893
22,1.5157,3.3271,5.2805
23,1.5846,3.2634,5.9479
24,1.6535,2.4756,4.2951
25,1.7224,5.3579,3.7237
26,1.7913,6.5595,3.7735
27,1.8602,7.3766,4.0604
28,1.929,8.4433,4.4784
29,1.9979,6.4382,4.5842
30,2.0668,6.6033,3.9058
31,2.1357,6.9291,4.006
32,2.2046,5.0995,3.0618
33,2.2735,4.8573,3.1138
34,2.3424,5.6504,3.2012
35,2.4113,8.0064,4.0418
36,2.4802,11.7824,3.9941
37,2.5491,14.4554,4.053
38,2.618,13.5466,4.0932
39,2.6869,10.8578,4.1368
40,2.7558,7.7027,3.954
41,2.8247,6.349,4.3884
42,2.8936,4.7231,3.8061
43,2.9625,5.7224,3.9867
44,3.0314,6.4297,3.7565
45,3.1003,6.3033,3.2411
46,3.1691,11.0827,3.1269
47,3.238,17.468,3.3604
48,3.3069,24.4248,4.4541
49,3.3758,22.1655,5.1302
50,3.4447,15.7295,4.5757
51,3.5136,10.5285,4.5047
52,3.5825,4.78,3.9772
53,3.6514,4.8481,3.6648
54,3.7203,7.3773,3.8544
55,3.7892,10.5509,4.6124
56,3.8581,8.7832,4.6825
57,3.927,11.6461,4.6935
58,3.9959,12.5777,5.1283
59,4.0648,11.7723,5.2411
60,4.1337,13.8703,5.238
61,4.2026,18.7776,5.7478
62,4.2715,19.846,6.0963
63,4.3404,15.3357,6.8071
64,4.4092,12.0408,7.8119
65,4.4781,16.5766,9.0693
66,4.547,20.189,8.0202
67,4.6159,20.1589,7.9965
68,4.6848,21.7339,9.2888
69,4.7537,22.0804,8.8117
70,4.8226,19.4784,8.29
71,4.8915,18.2685,7.8458
72,4.9604,15.8529,6.7004
73,5.0293,15.4905,7.5976
74,5.0982,16.0564,7.2494
75,5.1671,13.0491,5.7064
76,5.236,12.5736,5.6544
77,5.3049,8.0141,4.9109
78,5.3738,6.8411,4.5926
79,5.4427,5.8269,5.3702
80,5.5116,6.4827,5.0255
81,5.5805,5.864,3.7096
82,5.6493,6.8467,3.4892
83,5.7182,5.9317,4.5319
84,5.7871,4.9788,4.9484
85,5.856,4.8791,3.6624
86,5.9249,3.7432,3.1462
87,5.9938,3.1496,3.3727
88,6.0627,3.8486,4.1017
89,6.1316,4.0794,3.5204
90,6.2005,5.2264,3.6949
91,6.2694,5.464,2.8614
92,6.3383,3.6076,2.5181
93,6.4072,4.3197,2.6633
94,6.4761,3.9416,3.1938
95,6.545,4.6581,2.8585
96,6.6139,4.7742,2.4551
97,6.6828,8.0412,3.0171
98,6.7517,8.3134,3.1621
99,6.8206,8.8944,3.2057
100,6.8894,7.8937,3.2114
101,6.9583,7.3547,3.8621
102,7.0272,7.4728,3.836
103,7.0961,9.6623,3.855
104,7.165,10.3434,3.8832
105,7.2339,9.0658,3.8784
106,7.3028,10.1503,3.9469
107,7.3717,6.3822,5.028
108,7.4406,5.7569,5.7787
109,7.5095,7.8238,5.908
110,7.5784,8.5914,5.6174
111,7.6473,11.0504,5.8774
112,7.7162,13.1658,8.1929
113,7.7851,18.4389,10.5015
114,7.854,23.8647,12.5093
115,7.9229,30.0934,12.5521
116,7.9918,37.232,13.0078
117,8.0607,30.6353,12.9698
118,8.1296,29.0547,11.6459
119,8.1984,25.9031,12.0141
120,8.2673,18.2753,12.0403
121,8.3362,15.5568,11.3822
122,8.4051,16.0035,10.3768
123,8.474,13.296,8.593
124,8.5429,11.9648,6.6519
125,8.6118,12.3268,6.0575
126,8.6807,9.1957,5.341
127,8.7496,7.1197,4.048
128,8.8185,7.8938,4.8544
129,8.8874,8.6039,4.0079
130,8.9563,9.57,3.8669
131,9.0252,8.2364,4.2564
132,9.0941,4.8597,3.7664
133,9.163,4.9928,4.3787
134,9.2319,4.8737,5.1204
135,9.3008,5.37,6.2671
136,9.3697,5.3854,5.6386
137,9.4385,4.3889,5.7075
138,9.5074,3.7428,5.6058
139,9.5763,4.0515,5.0387
140,9.6452,3.5151,4.1924
141,9.7141,2.9639,4.5078
142,9.783,2.1886,4.6712
143,9.8519,2.4519,5.6285
144,9.9208,1.947,4.7798
145,9.9897,3.1288,4.2539
146,10.0586,3.6324,3.7497
147,10.1275,3.784,3.1727
148,10.1964,4.3961,2.8059
149,10.2653,6.6471,3.0163
150,10.3342,5.8051,2.8279
151,10.4031,5.6661,3.1758
152,10.472,6.5321,3.0551
153,10.5409,6.3037,4.2569
154,10.6098,6.1972,4.4002
155,10.6786,7.2992,4.0639
156,10.7475,5.8617,4.874
157,10.8164,6.0083,3.8958
158,10.8853,6.6287,3.1434
159,10.9542,6.9849,4.029
160,11.0231,7.623,4.6265
161,11.092,7.2151,4.1389
162,11.1609,6.5561,3.878
163,11.2298,7.1093,4.5672
164,11.2987,8.3526,4.9028
165,11.3676,10.5747,4.3752
166,11.4365,11.316,4.9751
167,11.5054,9.2667,4.5762
168,11.5743,7.9937,5.7058
169,11.6432,8.6693,6.4156
170,11.7121,8.6922,7.1441
171,11.781,12.3539,8.7162
172,11.8499,16.324,8.581
173,11.9187,14.2108,9.4112
174,11.9876,13.0596,8.7094
175,12.0565,11.6574,9.1806
176,12.1254,9.9877,6.8973
177,12.1943,7.3975,5.7871
178,12.2632,6.7131,4.6377
179,12.3321,5.0678,3.399
180,12.401,4.9354,3.0039
181,12.4699,6.1353,4.0367
182,12.5388,10.2874,5.1189
183,12.6077,20.562,7.0055
184,12.6766,24.8549,8.7277
185,12.7455,26.3472,7.067
186,12.8144,24.6088,6.5519
187,12.8833,21.062,5.5562
188,12.9522,19.6604,4.1242
189,13.0211,16.3423,3.9529
190,13.09,9.6485,3.0353
191,13.1588,9.2345,3.8923
192,13.2277,8.3457,3.4724
193,13.2966,8.7705,3.8682
194,13.3655,10.1766,4.2952
195,13.4344,9.5305,4.8051
196,13.5033,11.6328,5.1206
197,13.5722,13.9518,4.0412
198,13.6411,17.0682,3.8776
199,13.71,10.3455,4.0271
200,13.7789,9.9965,4.311
201,13.8478,9.2883,3.7007
202,13.9167,8.9231,3.3182
203,13.9856,6.4099,3.266
204,14.0545,5.6682,3.3094
205,14.1234,7.1082,2.9799
206,14.1923,5.2999,2.7193
207,14.2612,4.3057,2.6343
208,14.3301,4.6099,2.3292
209,14.3989,5.2923,3.6429
210,14.4678,6.8132,4.1381
211,14.5367,5.7564,3.9394
212,14.6056,5.6903,4.8337
213,14.6745,4.1824,3.4935
214,14.7434,4.8158,3.8213
215,14.8123,5.1173,4.1418
216,14.8812,5.0715,4.4981
217,14.9501,4.8853,4.1838
218,15.019,5.0101,4.6445
219,15.0879,5.7801,4.4415
220,15.1568,7.3578,5.218
221,15.2257,13.0476,6.2606
222,15.2946,18.4834,9.4935
223,15.3635,25.1003,11.1172
224,15.4324,28.6336,10.7809
225,15.5013,26.9224,9.7958
226,15.5702,22.8892,7.7032
227,15.6391,18.5033,5.5642
228,15.7079,13.6292,4.227
229,15.7768,8.3612,4.0049
230,15.8457,7.8215,3.8308
231,15.9146,7.9706,2.7243
232,15.9835,6.5094,2.1063
233,16.0524,5.7069,2.1868
234,16.1213,5.2138,2.3019
235,16.1902,6.3991,3.0094
236,16.2591,6.2977,3.3248
237,16.328,8.0531,4.1768
238,16.3969,8.6054,5.4533
239,16.4658,10.4397,5.1597
240,16.5347,13.1451,5.5966
241,16.6036,11.3763,5.7854
242,16.6725,9.2593,6.9143
243,16.7414,7.9305,6.3009
244,16.8103,7.9189,5.5594
245,16.8792,8.9422,3.6707
246,16.948,8.5075,2.811
247,17.0169,8.1214,2.8201
248,17.0858,7.2358,3.4998
249,17.1547,4.2273,3.1688
250,17.2236,2.3763,3.6725
251,17.2925,3.074,4.6448
252,17.3614,4.8273,3.0359
253,17.4303,6.6221,3.0714
254,17.4992,5.1202,3.2036
255,17.5681,6.9451,2.8449
256,17.637,7.708,3.8288
257,17.7059,7.7114,4.0483
258,17.7748,7.3912,4.3601
259,17.8437,7.7684,4.9674
260,17.9126,9.5963,5.8932
261,17.9815,12.2395,5.865
262,18.0504,11.4369,6.5955
263,18.1193,9.4578,6.9365
264,18.1881,7.5918,7.186
265,18.257,8.1343,6.4655
266,18.3259,9.6186,5.2613
267,18.3948,14.0202,4.9294
268,18.4637,18.0349,4.8567
269,18.5326,16.6061,5.2614
270,18.6015,14.0479,5.3663
271,18.6704,14.6474,5.5782
272,18.7393,14.8141,5.3806
273,18.8082,11.0936,4.336
274,18.8771,7.0167,3.4418
275,18.946,6.2295,2.8646
276,19.0149,5.8736,2.6957
277,19.0838,5.1727,3.0328
278,19.1527,5.6146,3.2112
279,19.2216,5.3265,4.1914
280,19.2905,5.5679,5.0022
281,19.3594,7.1667,5.575
282,19.4282,7.8275,6.0663
283,19.4971,9.3678,4.9939
284,19.566,6.6599,4.1281
285,19.6349,4.8574,3.646
286,19.7038,4.1185,3.9421
287,19.7727,3.1142,4.3873
288,19.8416,3.0484,3.8685
289,19.9105,3.0968,3.9679
290,19.9794,3.63,3.1
291,20.0483,2.5216,3.4068
292,20.1172,3.8852,3.4731
293,20.1861,5.3028,3.3439
294,20.255,5.7984,3.8748
295,20.3239,4.4237,3.5508
296,20.3928,7.5216,3.5915
297,20.4617,9.8309,4.3043
298,20.5306,11.7072,5.6557
299,20.5995,17.1369,6.4651
300,20.6683,18.4045,7.283
301,20.7372,26.1698,8.0135
302,20.8061,28.7349,9.3592
303,20.875,31.6225,9.6817
304,20.9439,40.2487,11.0166
305,21.0128,46.3883,10.9303
306,21.0817,39.0276,8.9735
307,21.1506,29.1982,7.3171
308,21.2195,19.9151,5.8352
309,21.2884,16.9816,4.5888
310,21.3573,13.8608,3.6988
311,21.4262,9.304,2.7885
312,21.4951,6.4916,2.2901
313,21.564,6.9962,2.1458
314,21.6329,7.9368,2.1303
315,21.7018,6.0287,2.7141
316,21.7707,5.8585,3.2857
317,21.8396,6.9985,3.2759
318,21.9084,6.5684,3.378
319,21.9773,6.4533,1.6972
320,22.0462,8.9086,1.8876
321,22.1151,9.1848,1.4201
322,22.184,7.2571,1.7277
323,22.2529,6.1445,2.1634
324,22.3218,6.4324,2.6362
325,22.3907,9.3938,2.4729
326,22.4596,11.6971,2.0358
327,22.5285,8.8205,2.3963
328,22.5974,6.4167,3.0919
329,22.6663,6.3879,3.6758
330,22.7352,7.2293,3.6104
331,22.8041,6.0753,3.7399
332,22.873,6.7302,3.6361
333,22.9419,7.3196,3.6095
334,23.0108,8.848,4.178
335,23.0797,10.1161,6.0238
336,23.1486,11.115,5.986
337,23.2174,12.6264,5.115
338,23.2863,15.2003,4.3552
339,23.3552,15.2693,4.2768
340,23.4241,12.0425,3.7915
341,23.493,16.4213,4.6899
342,23.5619,17.7067,6.0628
343,23.6308,21.6892,6.6077
344,23.6997,26.6291,7.016
345,23.7686,29.5771,9.7488
346,23.8375,37.3774,11.1903
347,23.9064,36.4518,11.6884
348,23.9753,30.7662,10.0824
349,24.0442,19.9086,8.8316
350,24.1131,10.8911,7.2253
351,24.182,7.2025,6.9095
352,24.2509,6.1532,5.5486
353,24.3198,4.6456,4.021
354,24.3887,5.2928,3.8719
355,24.4575,8.6574,3.6979
356,24.5264,11.1595,3.5905
357,24.5953,8.8292,3.7923
358,24.6642,8.3783,3.5983
359,24.7331,5.5784,4.3642
360,24.802,8.7379,4.1503
361,24.8709,8.511,4.8214
362,24.9398,7.8841,5.3427
363,25.0087,5.2295,5.0808
364,25.0776,3.6049,5.711
365,25.1465,5.4482,4.9113
366,25.2154,4.2722,5.1453
367,25.2843,5.766,5.3448
368,25.3532,7.3171,4.6657
369,25.4221,8.5728,5.2196
370,25.491,10.7537,6.0679
371,25.5599,16.8079,6.2985
372,25.6288,16.6581,6.9107
373,25.6976,17.5002,7.4861
374,25.7665,20.9335,7.3998
375,25.8354,20.789,7.6586
376,25.9043,22.2563,7.727
377,25.9732,23.0882,8.5506
378,26.0421,20.7674,10.2167
379,26.111,18.1537,8.857
380,26.1799,14.1524,8.0761
381,26.2488,17.1868,8.2405
382,26.3177,18.6667,6.8311
383,26.3866,18.797,6.202
384,26.4555,17.4199,5.2795
385,26.5244,13.3116,3.4934
386,26.5933,10.8953,3.3013
387,26.6622,6.7546,3.054
388,26.7311,7.2367,4.2989
389,26.8,6.822,3.1323
390,26.8689,5.9491,3.1762
391,26.9377,7.0967,3.3749
392,27.0066,9.6212,2.7217
393,27.0755,11.6642,3.533
394,27.1444,10.4944,4.2355
395,27.2133,13.2646,3.3814
396,27.2822,13.6344,2.6447
397,27.3511,13.1545,3.148
398,27.42,12.4868,3.0828
399,27.4889,15.2544,2.5473
400,27.5578,16.4771,2.9819
401,27.6267,15.4349,3.416
402,27.6956,17.1569,3.1919
403,27.7645,19.6166,2.9422
404,27.8334,18.9013,3.7506
405,27.9023,18.1975,3.3828
406,27.9712,17.9123,3.0087
407,28.0401,15.6856,4.066
408,28.109,16.2329,4.0449
409,28.1778,18.5905,4.0982
410,28.2467,22.6328,4.5609
411,28.3156,22.0339,3.7781
412,28.3845,21.207,2.9227
413,28.4534,18.3015,3.2278
414,28.5223,14.011,2.9041
415,28.5912,12.0605,3.0489
416,28.6601,9.2618,3.2677
417,28.729,8.4996,4.5464
418,28.7979,9.2722,4.0086
419,28.8668,10.247,4.1438
420,28.9357,11.9215,4.1486
421,29.0046,13.3321,4.3022
422,29.0735,17.8435,5.3077
423,29.1424,25.4051,6.3265
424,29.2113,28.4191,7.0785
425,29.2802,26.0905,7.8068
426,29.3491,23.279,7.8665
427,29.4179,18.8485,8.0296
428,29.4868,14.5083,7.1552
429,29.5557,11.1858,4.784
430,29.6246,9.7683,3.3453
431,29.6935,8.6579,4.0818
432,29.7624,9.3217,3.5213
433,29.8313,9.0836,4.1266
434,29.9002,9.9871,3.9417
435,29.9691,11.3721,4.5584
436,30.038,10.937,4.1852
437,30.1069,8.5362,4.0498
438,30.1758,9.0328,4.6749
439,30.2447,9.0657,3.8791
440,30.3136,10.4686,4.0145
441,30.3825,12.6479,4.5469
442,30.4514,13.6334,4.4289
443,30.5203,12.2901,4.1121
444,30.5892,15.5055,4.0599
445,30.6581,20.8747,5.4535
446,30.7269,28.6549,6.0179
447,30.7958,30.5206,6.4635
448,30.8647,28.6107,8.267
449,30.9336,24.7558,8.9811
450,31.0025,23.7348,8.0843
451,31.0714,21.6308,6.7515
452,31.1403,12.5797,5.1754
453,31.2092,8.4145,4.3862
454,31.2781,6.5431,4.2792
455,31.347,7.0018,4.366
456,31.4159,5.5474,3.8876
457,31.4848,5.8691,5.5904
458,31.5537,5.6981,4.6296
459,31.6226,5.96,3.9681
460,31.6915,8.5384,3.8164
461,31.7604,9.2903,3.7964
462,31.8293,9.4832,3.2957
463,31.8982,8.7631,3.6853
464,31.967,9.9365,3.7982
465,32.0359,14.2705,3.8935
466,32.1048,15.7465,3.9
467,32.1737,15.4881,3.5715
468,32.2426,12.8416,3.5671
469,32.3115,10.9712,3.7319
470,32.3804,9.4572,4.1251
471,32.4493,10.6097,4.841
472,32.5182,15.9579,4.5655
473,32.5871,16.3612,4.82
474,32.656,18.1541,4.9724
475,32.7249,16.3008,3.7069
476,32.7938,15.8079,3.2672
477,32.8627,10.6142,2.0459
478,32.9316,9.4483,2.4908
479,33.0005,6.6225,1.9246
480,33.0694,4.9861,2.6232
481,33.1383,5.5735,2.5087
482,33.2071,7.3397,2.915
483,33.276,6.8292,3.4125
484,33.3449,6.7194,3.8782
485,33.4138,9.8834,4.767
486,33.4827,10.4406,5.1785
487,33.5516,11.974,6.2673
488,33.6205,12.3189,5.7261
489,33.6894,13.2686,6.2167
490,33.7583,14.7535,5.4483
491,33.8272,14.4916,4.8435
492,33.8961,12.0073,3.8068
493,33.965,9.3846,3.9824
494,34.0339,6.2191,3.4249
495,34.1028,5.2508,3.2393
496,34.1717,5.9473,3.0779
497,34.2406,6.6839,4.6398
498,34.3095,9.9511,5.8642
499,34.3784,8.4637,5.4022
500,34.4472,7.5874,5.5934
501,34.5161,6.2968,5.8514
502,34.585,7.3555,5.6702
503,34.6539,10.1462,4.8266
504,34.7228,11.8645,4.7419
505,34.7917,14.4361,5.445
506,34.8606,16.0538,6.7419
507,34.9295,14.2266,6.858
508,34.9984,12.1752,7.05
509,35.0673,11.6267,7.3215
510,35.1362,10.6642,7.654
511,35.2051,13.1688,8.7789
512,35.274,17.8892,10.0538
513,35.3429,24.2211,9.077
514,35.4118,28.0542,8.735
515,35.4807,27.4133,11.4461
516,35.5496,30.2689,12.1366
517,35.6185,40.5753,10.5715
518,35.6873,36.429,11.4177
519,35.7562,22.3173,9.1388
520,35.8251,16.0302,7.4499
521,35.894,11.0419,5.7919
522,35.9629,10.253,5.1468
523,36.0318,6.1393,3.4014
524,36.1007,5.3098,3.8174
525,36.1696,6.2192,4.258
526,36.2385,8.1142,3.7293
527,36.3074,10.9114,4.1994
528,36.3763,8.5324,4.3716
529,36.4452,8.8674,4.8971
530,36.5141,11.5168,5.3384
531,36.583,16.56,5.7138
532,36.6519,22.3258,5.8836
533,36.7208,24.1231,5.9144
534,36.7897,25.9929,6.8922
535,36.8586,32.7959,5.8444
536,36.9274,36.8262,6.5007
537,36.9963,35.1305,6.2507
538,37.0652,24.293,6.1097
539,37.1341,14.9298,4.1622
540,37.203,11.0978,3.6861
541,37.2719,8.7,3.5957
542,37.3408,6.2065,3.1656
543,37.4097,6.091,3.0961
544,37.4786,7.0568,3.4704
545,37.5475,7.0212,3.1473
546,37.6164,5.7374,4.1521
547,37.6853,4.6059,3.835
548,37.7542,7.5827,3.1391
549,37.8231,8.4367,3.0557
550,37.892,7.8359,3.5771
551,37.9609,7.7211,4.3941
552,38.0298,7.5501,4.0067
553,38.0987,7.1129,4.0718
554,38.1675,6.882,4.4113
555,38.2364,5.0458,5.2753
556,38.3053,6.6452,6.442
557,38.3742,6.5848,6.6561
558,38.4431,6.2289,6.1361
559,38.512,5.9533,4.6863
560,38.5809,3.6152,4.0053
561,38.6498,1.8754,3.5964
562,38.7187,2.968,5.0539
563,38.7876,3.8536,4.3701
564,38.8565,4.1618,4.0775
565,38.9254,4.0474,4.8349
566,38.9943,5.6089,5.6602
567,39.0632,6.3042,5.0161
568,39.1321,10.6898,4.8071
569,39.201,13.9421,6.0039
570,39.2699,12.5395,5.0736
571,39.3388,12.1837,4.7787
572,39.4076,8.1274,4.0576
573,39.4765,9.0182,4.0952
574,39.5454,10.2822,3.7328
575,39.6143,12.035,5.2014
576,39.6832,13.6408,4.9991
577,39.7521,13.2304,4.3617
578,39.821,12.934,4.8119
579,39.8899,12.8372,4.3425
580,39.9588,14.0095,6.6026
581,40.0277,17.0365,7.0748
582,40.0966,20.298,6.843
583,40.1655,20.889,5.9049
584,40.2344,23.403,6.2269
585,40.3033,21.1104,5.2057
586,40.3722,17.036,5.6502
587,40.4411,14.9152,5.2007
588,40.51,9.4378,4.2254
589,40.5789,10.4771,4.3887
590,40.6478,10.7411,5.2391
591,40.7166,13.7881,4.6711
592,40.7855,13.856,5.6299
593,40.8544,14.7535,5.4206
594,40.9233,14.1052,5.6109
595,40.9922,19.3561,6.099
596,41.0611,20.098,6.5956
597,41.13,17.881,8.9996
598,41.1989,17.7243,10.0555
599,41.2678,23.6711,10.4385
600,41.3367,23.8936,10.818
601,41.4056,27.3495,11.5632
602,41.4745,32.1781,12.1706
603,41.5434,33.2626,11.3924
604,41.6123,26.9347,8.6527
605,41.6812,16.4776,8.214
606,41.7501,8.5769,5.6757
607,41.819,4.6822,5.0725
608,41.8879,6.9301,6.0717
609,41.9567,5.7702,5.6944
610,42.0256,8.1528,4.4675
611,42.0945,10.9183,4.2975
612,42.1634,10.7765,4.2027
810,0.0,59.2428,15.2574
811,0.0689,50.1312,15.77
812,0.1378,35.3225,14.6019
813,0.2067,26.1694,11.3057
814,0.2756,23.3012,8.4706
815,0.3445,20.189,6.4384
816,0.4134,20.9373,5.3643
817,0.4823,18.3006,4.2743
818,0.5512,18.9919,3.2797
819,0.6201,16.3205,2.3729
820,0.6889,10.2758,2.9362
821,0.7578,9.547,3.8378
822,0.8267,9.0853,3.8296
823,0.8956,9.9554,2.9199
824,0.9645,9.5396,2.8117
825,1.0334,7.2966,3.0187
826,1.1023,5.5767,3.3493
827,1.1712,4.4037,4.1016
828,1.2401,5.213,4.0886
829,1.309,5.1728,3.124
830,1.3779,7.5426,3.6278
831,1.4468,8.859,3.9871
832,1.5157,11.1741,4.281
833,1.5846,8.0501,3.7012
834,1.6535,8.4186,2.9257
835,1.7224,9.016,2.9379
836,1.7913,10.1834,3.0722
837,1.8602,11.3908,3.5834
838,1.929,12.7686,3.4454
839,1.9979,12.6068,3.9123
840,2.0668,10.3618,4.1609
841,2.1357,10.2553,4.2054
842,2.2046,10.2859,3.6485
843,2.2735,7.4042,3.0126
844,2.3424,8.2972,2.7878
845,2.4113,8.6799,2.047
846,2.4802,8.02,2.6674
847,2.5491,8.3282,2.8002
848,2.618,5.144,3.5771
849,2.6869,5.7799,4.3137
850,2.7558,7.4125,4.5051
851,2.8247,8.2244,4.179
852,2.8936,11.2861,4.6252
853,2.9625,12.3276,4.644
854,3.0314,10.8346,3.667
855,3.1003,9.4116,3.8105
856,3.1691,12.7845,4.5088
857,3.238,13.4153,4.8186
858,3.3069,11.7524,5.4552
859,3.3758,12.9965,5.3234
860,3.4447,12.7636,5.1868
861,3.5136,13.0553,4.9593
862,3.5825,8.0082,4.7593
863,3.6514,6.4671,4.2692
864,3.7203,5.2123,4.9354
865,3.7892,5.1509,7.482
866,3.8581,7.2018,7.6946
867,3.927,10.36,7.9496
868,3.9959,10.2088,7.007
869,4.0648,11.3577,5.5812
870,4.1337,10.9732,5.4093
871,4.2026,10.0675,6.3494
872,4.2715,13.9779,5.1864
873,4.3404,9.8887,4.7541
874,4.4092,12.0744,5.2869
875,4.4781,10.4154,4.8891
876,4.547,10.3711,5.1975
877,4.6159,16.1349,5.5044
878,4.6848,15.8226,6.1305
879,4.7537,14.2622,6.697
880,4.8226,11.5753,4.3861
881,4.8915,8.7558,3.7982
882,4.9604,5.0809,2.9742
883,5.0293,3.805,3.4241
884,5.0982,4.408,3.6308
885,5.1671,6.5214,3.9664
886,5.236,8.6697,4.4971
887,5.3049,7.8808,5.596
888,5.3738,8.1892,5.0378
889,5.4427,6.9868,5.7113
890,5.5116,6.6571,5.8376
891,5.5805,5.3767,6.1982
892,5.6493,5.2254,7.3751
893,5.7182,8.6504,7.7028
894,5.7871,7.8891,7.5895
895,5.856,7.9594,6.0139
896,5.9249,7.9534,3.9777
897,5.9938,6.8455,3.7543
898,6.0627,9.338,4.1073
899,6.1316,8.931,4.3944
900,6.2005,7.4595,4.2383
901,6.2694,5.5492,3.7016
902,6.3383,6.6111,4.6138
903,6.4072,5.7085,5.0342
904,6.4761,5.0375,3.4785
905,6.545,4.3135,3.4364
906,6.6139,5.51,3.3422
907,6.6828,5.8299,3.4061
908,6.7517,5.7775,3.6353
909,6.8206,5.594,4.0503
910,6.8894,4.3403,3.9411
911,6.9583,4.6308,3.9794
912,7.0272,4.8624,3.1837
913,7.0961,4.6514,3.4153
914,7.165,4.7372,3.2782
915,7.2339,6.3934,3.2056
916,7.3028,12.8118,3.5945
917,7.3717,11.838,4.3618
918,7.4406,11.3915,4.7047
919,7.5095,15.7017,5.8417
920,7.5784,20.1803,6.1734
921,7.6473,23.4013,6.4222
922,7.7162,24.8491,8.007
923,7.7851,23.7222,9.3
924,7.854,20.8062,9.3272
925,7.9229,18.634,9.5773
926,7.9918,17.4585,10.2883
927,8.0607,17.163,9.618
928,8.1296,24.139,9.745
929,8.1984,27.7292,11.5105
930,8.2673,29.5625,14.7353
931,8.3362,23.4333,12.3258
932,8.4051,14.1384,6.7444
933,8.474,12.984,7.6583
934,8.5429,15.7691,7.7648
935,8.6118,13.7342,7.2491
936,8.6807,13.1629,6.7864
937,8.7496,18.8286,7.3093
938,8.8185,17.1638,7.1375
939,8.8874,15.9378,7.1565
940,8.9563,15.2117,6.8284
941,9.0252,13.7115,5.2211
942,9.0941,17.7413,4.0226
943,9.163,21.01,4.7646
944,9.2319,26.5777,6.4811
945,9.3008,23.6232,5.7003
946,9.3697,25.2742,4.41
947,9.4385,26.1446,3.7961
948,9.5074,21.2639,3.2207
949,9.5763,13.2147,3.5513
950,9.6452,6.731,3.6601
951,9.7141,2.9563,2.5712
952,9.783,3.8745,2.3752
953,9.8519,5.866,2.9411
954,9.9208,6.4037,2.6213
955,9.9897,6.4838,2.2461
956,10.0586,4.8199,1.9637
957,10.1275,5.0582,2.395
958,10.1964,5.8281,1.6754
959,10.2653,8.0588,2.0671
960,10.3342,7.7054,2.9767
961,10.4031,7.3612,3.1729
962,10.472,9.6346,3.5181
963,10.5409,10.5806,4.7399
964,10.6098,10.487,5.4373
965,10.6786,8.177,4.9743
966,10.7475,8.438,4.4805
967,10.8164,9.0276,3.7815
968,10.8853,8.7668,2.9736
969,10.9542,9.865,2.8856
970,11.0231,11.6722,2.7737
971,11.092,13.0955,3.5879
972,11.1609,11.3999,3.777
973,11.2298,11.3839,4.2639
974,11.2987,16.882,5.5198
975,11.3676,19.1936,5.3555
976,11.4365,21.5793,4.7581
977,11.5054,18.0336,5.7908
978,11.5743,13.4427,6.1969
979,11.6432,11.4846,7.039
980,11.7121,11.8001,6.2084
981,11.781,15.383,7.21
982,11.8499,14.0456,6.5052
983,11.9187,11.5915,6.079
984,11.9876,8.8109,4.3072
985,12.0565,6.9243,3.9782
986,12.1254,5.9527,3.8588
987,12.1943,6.6311,4.3596
988,12.2632,7.5875,3.5792
989,12.3321,8.1916,3.4927
990,12.401,9.4029,5.3517
991,12.4699,6.628,5.175
992,12.5388,7.5847,4.936
993,12.6077,7.4921,4.8711
994,12.6766,7.712,4.8634
995,12.7455,7.7848,4.1276
996,12.8144,5.2325,3.267
997,12.8833,5.188,4.0376
998,12.9522,4.0599,3.9079
999,13.0211,6.9284,3.9898
1000,13.09,8.6073,4.2593
1001,13.1588,8.0049,5.4367
1002,13.2277,7.3921,5.5708
1003,13.2966,7.798,5.3002
1004,13.3655,5.3738,4.1662
1005,13.4344,6.4953,3.5841
1006,13.5033,7.5959,3.5458
1007,13.5722,6.6081,3.5759
1008,13.6411,6.0474,3.6893
1009,13.71,5.3278,3.4329
1010,13.7789,7.0225,4.0172
1011,13.8478,7.327,4.2414
1012,13.9167,8.8424,2.7262
1013,13.9856,7.1098,4.0955
1014,14.0545,7.7825,4.0741
1015,14.1234,8.6104,3.2059
1016,14.1923,10.2422,3.4512
1017,14.2612,10.1401,3.7995
1018,14.3301,12.4115,4.3082
1019,14.3989,16.6831,3.7825
1020,14.4678,19.4661,4.6871
1021,14.5367,29.6617,7.0118
1022,14.6056,38.7181,9.0374
1023,14.6745,44.0894,11.7818
1024,14.7434,46.7718,14.6147
1025,14.8123,40.7451,13.1642
1026,14.8812,31.7442,11.7222
1027,14.9501,21.143,7.6594
1028,15.019,13.9305,5.9379
1029,15.0879,10.0544,3.9938
1030,15.1568,7.3536,4.2062
1031,15.2257,7.4524,4.0096
1032,15.2946,5.7303,3.2496
1033,15.3635,6.4173,2.4493
1034,15.4324,8.4351,2.7715
1035,15.5013,9.7076,3.0258
1036,15.5702,11.4454,3.1655
1037,15.6391,14.2962,2.9469
1038,15.7079,14.7186,3.8607
1039,15.7768,13.7934,3.5798
1040,15.8457,14.0061,3.1775
1041,15.9146,12.1378,4.0388
1042,15.9835,12.4387,3.9009
1043,16.0524,12.458,4.7912
1044,16.1213,13.0674,5.7955
1045,16.1902,13.8865,5.3814
1046,16.2591,15.7789,6.5524
1047,16.328,17.0844,7.3383
1048,16.3969,17.3649,7.338
1049,16.4658,19.4916,6.7125
1050,16.5347,19.5299,8.5947
1051,16.6036,18.7308,8.7474
1052,16.6725,16.1846,8.9596
1053,16.7414,16.6061,9.2106
1054,16.8103,18.7235,7.3178
1055,16.8792,17.4557,6.9738
1056,16.948,18.2881,5.5143
1057,17.0169,13.3819,5.4123
1058,17.0858,12.049,6.7269
1059,17.1547,14.6297,6.9358
1060,17.2236,19.5959,6.7981
1061,17.2925,22.7515,8.97
1062,17.3614,21.8177,9.5823
1063,17.4303,21.2893,7.6236
1064,17.4992,16.0911,6.9505
1065,17.5681,10.7396,4.4027
1066,17.637,8.2468,3.2623
1067,17.7059,6.6246,3.5564
1068,17.7748,5.8018,4.8892
1069,17.8437,6.5535,4.9519
1070,17.9126,6.4883,4.3711
1071,17.9815,5.7621,5.2256
1072,18.0504,7.5451,4.8578
1073,18.1193,8.9971,3.8375
1074,18.1881,11.1303,3.8423
1075,18.257,9.4181,3.7601
1076,18.3259,5.8255,4.2951
1077,18.3948,6.4023,4.6285
1078,18.4637,6.6326,3.9346
1079,18.5326,5.6966,4.4042
1080,18.6015,7.803,3.3266
1081,18.6704,10.2268,3.6958
1082,18.7393,13.5039,4.2914
1083,18.8082,18.6781,5.0565
1084,18.8771,20.1817,4.7986
1085,18.946,21.6917,5.3216
1086,19.0149,16.7226,4.9161
1087,19.0838,11.6152,4.545
1088,19.1527,10.3738,4.0665
1089,19.2216,11.5167,3.693
1090,19.2905,9.1977,3.436
1091,19.3594,6.0909,4.2665
1092,19.4282,5.4005,3.5264
1093,19.4971,7.2096,3.3241
1094,19.566,6.4436,3.588
1095,19.6349,4.3494,3.1351
1096,19.7038,7.5002,3.2576
1097,19.7727,8.4971,3.1895
1098,19.8416,6.1552,3.8156
1099,19.9105,9.793,3.7358
1100,19.9794,16.0051,4.1579
1101,20.0483,17.4695,4.5755
1102,20.1172,14.4383,4.9608
1103,20.1861,11.8436,5.047
1104,20.255,5.2597,4.7815
1105,20.3239,4.1726,3.3539
1106,20.3928,2.8155,2.418
1107,20.4617,4.0953,1.8565
1108,20.5306,7.4173,1.7879
1109,20.5995,8.3162,2.4938
1110,20.6683,10.74,3.0501
1111,20.7372,13.2987,3.0241
1112,20.8061,12.3378,2.6312
1113,20.875,9.1455,3.1087
1114,20.9439,11.0077,2.8321
1115,21.0128,11.2133,3.7326
1116,21.0817,10.1932,3.6801
1117,21.1506,10.1467,4.3479
1118,21.2195,9.5387,4.375
1119,21.2884,8.3179,2.2118
1120,21.3573,11.2204,2.5224
1121,21.4262,15.5737,2.1488
1122,21.4951,16.7211,2.4772
1123,21.564,20.8192,2.9386
1124,21.6329,22.5612,3.6321
1125,21.7018,24.5188,4.6166
1126,21.7707,20.3786,4.8265
1127,21.8396,11.4907,4.069
1128,21.9084,8.7669,4.1479
1129,21.9773,9.2851,3.7482
1130,22.0462,9.8543,3.1849
1131,22.1151,13.2995,3.2763
1132,22.184,13.5846,3.0969
1133,22.2529,10.6961,3.0388
1134,22.3218,10.4967,2.9719
1135,22.3907,11.6824,2.5514
1136,22.4596,12.0575,3.4773
1137,22.5285,11.9418,4.4514
1138,22.5974,11.4898,4.3454
1139,22.6663,9.4626,3.7467
1140,22.7352,8.7454,4.7317
1141,22.8041,11.6652,5.118
1142,22.873,10.7223,4.3579
1143,22.9419,12.8212,4.4113
1144,23.0108,11.1117,4.4967
1145,23.0797,9.7234,4.5723
1146,23.1486,8.2318,4.2497
1147,23.2174,7.0477,3.927
1148,23.2863,7.3445,4.414
1149,23.3552,10.155,4.1131
1150,23.4241,14.7294,5.1729
1151,23.493,17.9755,5.4778
1152,23.5619,21.8559,6.0659
1153,23.6308,23.0056,8.112
1154,23.6997,23.8497,7.3366
1155,23.7686,18.6611,7.0931
1156,23.8375,15.1775,6.3325
1157,23.9064,10.1228,5.4977
1158,23.9753,8.8608,5.8307
1159,24.0442,9.2388,7.4532
1160,24.1131,9.022,7.2523
1161,24.182,10.5703,7.6567
1162,24.2509,12.0973,8.8939
1163,24.3198,12.56,9.6177
1164,24.3887,14.5963,8.5816
1165,24.4575,15.8197,7.8583
1166,24.5264,17.6464,7.7259
1167,24.5953,14.922,7.656
1168,24.6642,8.3221,7.2321
1169,24.7331,6.991,7.2345
1170,24.802,6.5736,6.8989
1171,24.8709,6.4746,5.9035
1172,24.9398,8.6457,4.7748
1173,25.0087,6.2254,3.7071
1174,25.0776,5.9839,3.4248
1175,25.1465,5.9123,3.3797
1176,25.2154,4.8024,2.3794
1177,25.2843,6.1499,2.7197
1178,25.3532,5.6275,3.155
1179,25.4221,5.3904,3.3579
1180,25.491,9.603,4.363
1181,25.5599,11.522,3.9323
1182,25.6288,7.7503,4.3078
1183,25.6976,8.0496,4.3521
1184,25.7665,6.449,4.5874
1185,25.8354,3.8818,4.1958
1186,25.9043,3.3456,4.4959
1187,25.9732,3.6846,5.1481
1188,26.0421,4.1044,4.6023
1189,26.111,3.5672,3.4501
1190,26.1799,4.4224,3.8634
1191,26.2488,4.9765,4.7716
1192,26.3177,3.8707,5.0284
1193,26.3866,4.3518,3.7086
1194,26.4555,4.9955,3.9204
1195,26.5244,5.4328,4.4247
1196,26.5933,5.1161,3.5811
1197,26.6622,6.209,4.0248
1198,26.7311,8.2676,4.2707
1199,26.8,9.2847,3.5077
1200,26.8689,10.2443,3.7176
1201,26.9377,11.6913,4.1704
1202,27.0066,10.8329,5.2341
1203,27.0755,8.5053,5.9506
1204,27.1444,9.0717,5.801
1205,27.2133,8.817,5.6678
1206,27.2822,12.3132,6.4023
1207,27.3511,19.9211,7.8686
1208,27.42,31.3693,11.4958
1209,27.4889,34.6558,16.1022
1210,27.5578,43.0232,17.1328
1211,27.6267,37.0872,15.9948
1212,27.6956,26.8184,11.8468
1213,27.7645,22.15,7.3238
1214,27.8334,14.2289,5.9691
1215,27.9023,10.3215,5.5627
1216,27.9712,7.9724,4.9332
1217,28.0401,6.824,6.2977
1218,28.109,6.0409,4.7616
1219,28.1778,8.5251,4.9791
1220,28.2467,12.3719,5.9793
1221,28.3156,15.6923,5.7835
1222,28.3845,13.9045,5.6587
1223,28.4534,11.0536,5.9391
1224,28.5223,7.6386,5.1526
1225,28.5912,6.8489,4.4162
1226,28.6601,4.3089,3.805
1227,28.729,2.9922,4.035
1228,28.7979,4.2084,3.121
1229,28.8668,5.2214,4.0905
1230,28.9357,6.2936,3.8352
1231,29.0046,7.1613,3.7536
1232,29.0735,6.851,4.17
1233,29.1424,4.5729,3.4301
1234,29.2113,3.4952,3.5793
1235,29.2802,2.8699,3.4984
1236,29.3491,3.0743,3.8274
1237,29.4179,5.5092,4.2982
1238,29.4868,7.3527,5.4857
1239,29.5557,8.0478,6.2703
1240,29.6246,13.4495,7.726
1241,29.6935,17.4227,9.928
1242,29.7624,17.3273,9.7802
1243,29.8313,13.4464,7.5349
1244,29.9002,9.7537,5.263
1245,29.9691,6.1462,4.6484
1246,30.038,5.7555,5.0717
1247,30.1069,7.3781,4.5075
1248,30.1758,6.6831,3.5452
1249,30.2447,7.3241,3.3668
1250,30.3136,7.1864,3.5924
1251,30.3825,6.2315,4.5709
1252,30.4514,5.3958,4.2515
1253,30.5203,5.2996,5.2876
1254,30.5892,6.3854,4.595
1255,30.6581,8.0169,4.6401
1256,30.7269,10.6268,4.3965
1257,30.7958,7.9851,5.4887
1258,30.8647,8.1389,4.6248
1259,30.9336,6.4889,5.4748
1260,31.0025,7.6587,6.0083
1261,31.0714,10.7738,5.9555
1262,31.1403,12.8079,4.8031
1263,31.2092,9.7971,5.5803
1264,31.2781,10.1232,5.9124
1265,31.347,12.4673,4.9962
1266,31.4159,12.1063,4.2137
1267,31.4848,12.1206,3.8591
1268,31.5537,12.235,3.7576
1269,31.6226,14.2682,4.2062
1270,31.6915,16.9189,4.1107
1271,31.7604,19.2932,4.6134
1272,31.8293,23.5924,5.6291
1273,31.8982,28.0393,6.7533
1274,31.967,30.2347,8.5229
1275,32.0359,27.4576,8.0051
1276,32.1048,21.129,7.6843
1277,32.1737,16.5716,8.8755
1278,32.2426,15.6947,8.6112
1279,32.3115,16.9659,8.4426
1280,32.3804,13.2921,7.9656
1281,32.4493,8.4519,6.1482
1282,32.5182,10.8264,6.3548
1283,32.5871,12.8075,4.8947
1284,32.656,9.444,4.8447
1285,32.7249,7.7092,4.9998
1286,32.7938,8.1494,4.2959
1287,32.8627,7.0185,5.0458
1288,32.9316,9.6868,5.6875
1289,33.0005,8.7764,6.0029
1290,33.0694,10.2293,6.2675
1291,33.1383,14.1287,6.3149
1292,33.2071,14.1692,5.1032
1293,33.276,13.4783,5.8994
1294,33.3449,12.3903,4.7154
1295,33.4138,12.5882,4.52
1296,33.4827,14.3454,5.1375
1297,33.5516,15.9782,5.8201
1298,33.6205,20.0208,6.3289
1299,33.6894,28.6725,7.7631
1300,33.7583,33.3732,8.3833
1301,33.8272,30.3928,7.1283
1302,33.8961,22.4673,7.9581
1303,33.965,15.2519,8.9302
1304,34.0339,12.4407,8.822
1305,34.1028,13.242,8.9046
1306,34.1717,14.0387,10.0021
1307,34.2406,15.4665,11.5819
1308,34.3095,17.3225,9.3103
1309,34.3784,13.5851,8.2663
1310,34.4472,14.9839,8.0935
1311,34.5161,17.8781,7.3906
1312,34.585,14.4705,7.2887
1313,34.6539,12.0503,6.7928
1314,34.7228,13.1987,7.6977
1315,34.7917,10.5089,7.4734
1316,34.8606,8.95,4.9901
1317,34.9295,6.4918,4.6721
1318,34.9984,9.8769,4.9704
1319,35.0673,12.4578,4.752
1320,35.1362,17.204,5.7
1321,35.2051,13.2474,5.4408
1322,35.274,16.329,6.1186
1323,35.3429,18.1724,7.984
1324,35.4118,17.5761,8.5369
1325,35.4807,16.4808,8.5161
1326,35.5496,15.5021,8.2906
1327,35.6185,14.1779,8.4774
1328,35.6873,12.7767,5.5077
1329,35.7562,9.4997,6.2445
1330,35.8251,8.1746,4.6417
1331,35.894,6.9571,4.4744
1332,35.9629,4.7371,3.823
1333,36.0318,6.1531,3.3155
1334,36.1007,8.1138,3.1483
1335,36.1696,6.2167,3.3174
1336,36.2385,6.4426,2.9963
1337,36.3074,7.3231,3.6194
1338,36.3763,7.9461,4.2992
1339,36.4452,5.0536,5.1733
1340,36.5141,4.935,4.0659
1341,36.583,5.9277,5.1917
1342,36.6519,6.5201,5.3852
1343,36.7208,7.8515,4.6433
1344,36.7897,7.5742,4.2747
1345,36.8586,7.7439,4.4741
1346,36.9274,7.2334,3.932
1347,36.9963,5.5605,4.8692
1348,37.0652,4.8108,3.8131
1349,37.1341,3.6122,4.6813
1350,37.203,3.2976,4.0318
1351,37.2719,4.8264,4.0574
1352,37.3408,6.7046,3.3129
1353,37.4097,6.9062,3.5509
1354,37.4786,5.3018,3.8701
1355,37.5475,5.9277,3.8452
1356,37.6164,8.3348,3.9979
1357,37.6853,11.4728,4.8521
1358,37.7542,11.4565,4.1179
1359,37.8231,12.1778,3.6834
1360,37.892,13.6534,3.8925
1361,37.9609,10.2845,3.7126
1362,38.0298,7.8259,3.9746
1363,38.0987,4.9832,3.3329
1364,38.1675,4.3762,3.1254
1365,38.2364,3.9752,3.4034
1366,38.3053,3.2678,3.2122
1367,38.3742,3.5455,3.1235
1368,38.4431,4.4475,2.909
1369,38.512,6.1504,2.7918
1370,38.5809,8.6478,3.3196
1371,38.6498,9.5416,4.451
1372,38.7187,10.7093,4.5116
1373,38.7876,8.1279,4.8342
1374,38.8565,7.7509,4.0828
1375,38.9254,9.4084,3.523
1376,38.9943,10.0652,3.9377
1377,39.0632,10.1982,4.2837
1378,39.1321,16.4534,5.3882
1379,39.201,22.0491,8.4849
1380,39.2699,30.6252,12.1286
1381,39.3388,36.8182,15.044
1382,39.4076,31.3894,15.5496
1383,39.4765,26.1594,14.682
1384,39.5454,18.8507,13.4205
1385,39.6143,12.1223,12.6559
1386,39.6832,9.6701,10.5686
1387,39.7521,7.3299,10.2578
1388,39.821,6.2967,10.1009
1389,39.8899,8.2135,10.7508
1390,39.9588,9.589,10.1889
1620,0.0,14.0127,5.36584
1621,0.0689,14.722,5.42063
1622,0.1378,16.237,4.75245
1623,0.2067,8.3769,4.48088
1624,0.2756,5.6651,3.97593
1625,0.3445,6.7467,4.46918
1626,0.4134,7.0037,5.2293
1627,0.4823,9.8373,4.80926
1628,0.5512,9.2919,5.16502
1629,0.6201,8.7207,4.68307
1630,0.6889,7.3262,4.06841
1631,0.7578,6.5929,5.09345
1632,0.8267,7.3701,4.93977
1633,0.8956,7.6553,5.10082
1634,0.9645,11.6687,5.03311
1635,1.0334,11.6943,5.29947
1636,1.1023,11.8845,5.21616
1637,1.1712,8.6286,6.62953
1638,1.2401,7.4995,5.58764
1639,1.309,9.6498,5.25307
1640,1.3779,13.7145,4.67502
1641,1.4468,16.258,4.75837
1642,1.5157,17.1882,6.25621
1643,1.5846,13.1389,6.16851
1644,1.6535,9.0384,5.9307
1645,1.7224,7.6141,4.8102
1646,1.7913,7.72,3.97588
1647,1.8602,7.5861,5.89746
1648,1.929,10.3033,5.33085
1649,1.9979,9.1003,5.48155
1650,2.0668,8.8632,4.49535
1651,2.1357,8.5249,3.92087
1652,2.2046,5.5595,3.46811
1653,2.2735,4.443,4.4068
1654,2.3424,4.6351,4.28499
1655,2.4113,4.4323,3.63658
1656,2.4802,5.8242,4.05883
1657,2.5491,6.11,5.42831
1658,2.618,5.6553,6.95777
1659,2.6869,7.3247,7.17888
1660,2.7558,7.0816,7.88615
1661,2.8247,6.7353,6.96563
1662,2.8936,8.2925,6.18035
1663,2.9625,9.0427,4.83773
1664,3.0314,12.8309,6.92692
1665,3.1003,12.3543,8.40638
1666,3.1691,14.7696,9.65403
1667,3.238,18.2525,11.20242
1668,3.3069,19.5284,10.86723
1669,3.3758,19.6294,10.14491
1670,3.4447,19.8502,10.89613
1671,3.5136,13.9679,11.35873
1672,3.5825,11.0963,11.2355
1673,3.6514,11.085,9.95356
1674,3.7203,10.1428,11.04177
1675,3.7892,9.0438,11.78399
1676,3.8581,8.0377,11.17716
1677,3.927,9.943,11.79804
1678,3.9959,12.1052,9.29423
1679,4.0648,13.9782,7.70939
1680,4.1337,13.1525,7.28741
1681,4.2026,12.7652,6.96173
1682,4.2715,12.0191,6.00078
1683,4.3404,10.3228,5.55486
1684,4.4092,7.9589,5.06912
1685,4.4781,7.3149,5.51505
1686,4.547,8.3573,4.80993
1687,4.6159,9.5854,5.99355
1688,4.6848,11.0991,6.08809
1689,4.7537,9.4686,6.50477
1690,4.8226,11.1124,6.64599
1691,4.8915,9.4892,5.58465
1692,4.9604,9.644,5.60445
1693,5.0293,8.6956,3.79822
1694,5.0982,8.0479,3.46241
1695,5.1671,6.5647,2.69068
1696,5.236,4.9824,3.32285
1697,5.3049,3.6775,4.2041
1698,5.3738,4.2911,2.80257
1699,5.4427,6.7125,3.50381
1700,5.5116,8.5674,3.54343
1701,5.5805,8.9841,3.75854
1702,5.6493,8.9017,3.24109
1703,5.7182,9.1754,3.25564
1704,5.7871,8.8305,3.33308
1705,5.856,6.0139,4.40922
1706,5.9249,6.9506,3.72573
1707,5.9938,8.5785,3.56951
1708,6.0627,10.3457,3.93223
1709,6.1316,14.1109,4.77346
1710,6.2005,13.0474,4.96882
1711,6.2694,12.4325,5.45467
1712,6.3383,11.8046,6.02429
1713,6.4072,10.2073,5.41964
1714,6.4761,11.7074,4.44452
1715,6.545,11.9642,4.1752
1716,6.6139,15.7082,5.78825
1717,6.6828,18.2023,6.30638
1718,6.7517,14.4715,6.85025
1719,6.8206,10.2761,7.08593
1720,6.8894,9.0382,6.7886
1721,6.9583,8.7015,4.76801
1722,7.0272,7.2617,3.52878
1723,7.0961,7.1645,2.37487
1724,7.165,5.5019,3.23823
1725,7.2339,5.3186,2.66021
1726,7.3028,5.9202,3.26959
1727,7.3717,6.5886,2.71104
1728,7.4406,7.2173,2.64929
1729,7.5095,8.1982,2.81749
1730,7.5784,10.2121,3.10079
1731,7.6473,11.3853,3.92687
1732,7.7162,11.5128,5.11896
1733,7.7851,10.6942,5.43368
1734,7.854,9.8842,5.87304
1735,7.9229,9.7338,5.85918
1736,7.9918,9.1578,5.71212
1737,8.0607,8.6277,4.9802
1738,8.1296,11.1913,4.78641
1739,8.1984,12.8734,3.24478
1740,8.2673,12.9598,2.45787
1741,8.3362,12.1052,2.91153
1742,8.4051,6.8325,3.08864
1743,8.474,5.7069,3.06913
1744,8.5429,4.93,3.29119
1745,8.6118,4.5399,2.75119
1746,8.6807,7.1523,2.44165
1747,8.7496,10.2423,3.01591
1748,8.8185,10.7762,4.11056
1749,8.8874,9.7788,3.4825
1750,8.9563,9.7008,3.79507
1751,9.0252,10.0942,4.52648
1752,9.0941,9.1033,4.33008
1753,9.163,8.2004,3.94618
1754,9.2319,8.3721,4.83816
1755,9.3008,7.6558,5.28514
1756,9.3697,7.0147,5.51144
1757,9.4385,4.5302,5.31269
1758,9.5074,5.0513,5.57276
1759,9.5763,4.3083,4.39153
1760,9.6452,6.3377,3.17468
1761,9.7141,9.626,2.6847
1762,9.783,11.8219,2.36605
1763,9.8519,7.8708,2.92416
1764,9.9208,7.3999,3.60098
1765,9.9897,5.8686,2.48719
1766,10.0586,5.383,2.21142
1767,10.1275,4.3073,3.23289
1768,10.1964,2.2217,2.06762
1769,10.2653,1.4454,3.29647
1770,10.3342,1.5368,2.41668
1771,10.4031,1.3895,2.82093
1772,10.472,2.6549,2.97518
1773,10.5409,2.9096,3.75871
1774,10.6098,6.4634,4.48404
1775,10.6786,6.9057,5.08974
1776,10.7475,9.2385,5.5833
1777,10.8164,9.8663,4.70329
1778,10.8853,8.0058,4.9495
1779,10.9542,6.4818,5.3128
1780,11.0231,5.4091,5.48319
1781,11.092,3.6978,5.15027
1782,11.1609,4.1847,5.40313
1783,11.2298,6.6377,5.22418
1784,11.2987,10.0999,4.66486
1785,11.3676,10.9579,4.15414
1786,11.4365,11.802,5.35068
1787,11.5054,9.9652,5.79599
1788,11.5743,15.112,5.80915
1789,11.6432,16.5879,4.86877
1790,11.7121,16.1513,4.88897
1791,11.781,16.4814,5.75459
1792,11.8499,13.3168,5.70057
1793,11.9187,13.7754,7.59872
1794,11.9876,16.6634,7.55929
1795,12.0565,18.5593,8.65214
1796,12.1254,18.0448,8.09855
1797,12.1943,20.0489,7.89715
1798,12.2632,19.5423,6.99307
1799,12.3321,21.7556,9.96568
1800,12.401,27.0317,8.94755
1801,12.4699,32.7203,9.69618
1802,12.5388,35.6891,10.93774
1803,12.6077,29.7673,10.5833
2430,0.0,17.6915,13.5341
2431,0.0689,15.4013,12.2105
2432,0.1378,12.7804,11.3094
2433,0.2067,11.7716,9.7144
2434,0.2756,9.7828,9.0229
2435,0.3445,8.1241,9.5127
2436,0.4134,9.251,9.3915
2437,0.4823,11.0769,9.4799
2438,0.5512,18.0773,12.0403
2439,0.6201,21.7299,12.4134
2440,0.6889,20.8774,12.7388
2441,0.7578,20.2683,11.838
2442,0.8267,18.5954,9.7937
2443,0.8956,17.0987,9.5821
2444,0.9645,18.7584,8.4968
2445,1.0334,16.0458,6.2034
2446,1.1023,12.5082,5.243
2447,1.1712,12.9211,4.5101
2448,1.2401,12.0667,3.8184
2449,1.309,9.3195,5.0912
2450,1.3779,3.5117,4.5385
2451,1.4468,1.8193,3.7585
2452,1.5157,3.4145,3.5378
2453,1.5846,6.3732,4.5392
2454,1.6535,7.5399,3.9797
2455,1.7224,8.1469,4.3025
2456,1.7913,9.34,5.278
2457,1.8602,11.2573,5.6635
2458,1.929,12.432,6.6944
2459,1.9979,10.9698,6.3301
2460,2.0668,9.6755,6.6969
2461,2.1357,4.8009,6.0493
2462,2.2046,3.8817,5.6605
2463,2.2735,5.5929,7.8298
2464,2.3424,8.65,8.665
2465,2.4113,10.597,9.3018
2466,2.4802,10.8814,9.5771
2467,2.5491,10.0594,8.5382
2468,2.618,8.2944,6.9521
2469,2.6869,5.4555,5.801
2470,2.7558,5.7868,4.7206
2471,2.8247,3.5967,5.019
2472,2.8936,5.038,5.1839
2473,2.9625,6.0206,4.2763
2474,3.0314,7.8786,4.1832
2475,3.1003,12.2379,4.8546
2476,3.1691,8.848,4.4831
2477,3.238,8.1875,4.904
2478,3.3069,9.0296,6.5421
2479,3.3758,8.3842,5.2862
2480,3.4447,9.0828,4.5442
2481,3.5136,10.8133,5.6574
2482,3.5825,12.7319,5.0282
2483,3.6514,8.8132,5.3773
2484,3.7203,9.453,4.8308
2485,3.7892,11.7177,4.5874
2486,3.8581,13.2553,5.0369
2487,3.927,14.2813,5.5834
2488,3.9959,12.39,5.9944
2489,4.0648,10.1913,5.1041
2490,4.1337,9.786,5.8179
2491,4.2026,9.9006,5.0351
2492,4.2715,8.9159,5.054
2493,4.3404,10.151,5.3385
2494,4.4092,7.0081,5.2351
2495,4.4781,6.2651,4.5845
2496,4.547,7.2334,6.0245
2497,4.6159,7.8498,6.1436
2498,4.6848,6.6232,7.6418
2499,4.7537,9.1148,7.2052
2500,4.8226,11.8622,7.3062
2501,4.8915,12.664,7.3534
2502,4.9604,12.4795,7.5822
2503,5.0293,12.9678,7.3208
2504,5.0982,12.0759,7.3314
2505,5.1671,10.8482,7.4533
2506,5.236,12.8635,9.7797
2507,5.3049,12.1323,11.3274
2508,5.3738,15.1078,14.0438
2509,5.4427,23.8688,16.9024
2510,5.5116,19.6486,14.3657
2511,5.5805,14.6077,14.0404
2512,5.6493,13.2964,11.2378
2513,5.7182,9.4775,11.2661
2514,5.7871,8.3453,9.6458
2515,5.856,8.9121,6.9352
2516,5.9249,8.1652,5.6221
2517,5.9938,8.954,6.2522
2518,6.0627,9.6228,4.3024
2519,6.1316,9.729,3.7371
2520,6.2005,10.9772,4.5729
2521,6.2694,11.6786,4.9476
2522,6.3383,12.5551,4.7234
2523,6.4072,11.6936,4.7517
2524,6.4761,8.2636,4.7574
2525,6.545,6.4996,4.1847
2526,6.6139,4.8913,3.8294
2527,6.6828,7.0029,4.9174
2528,6.7517,9.2527,4.3585
2529,6.8206,9.9477,3.8644
2530,6.8894,7.5443,3.695
2531,6.9583,4.9075,5.1641
2532,7.0272,3.9759,4.0252
2533,7.0961,3.4961,4.1593
2534,7.165,5.0773,3.7616
2535,7.2339,6.5551,3.1218
2536,7.3028,8.5562,3.0656
2537,7.3717,12.9689,3.7857
2538,7.4406,17.1419,4.7293
2539,7.5095,20.5812,5.6435
2540,7.5784,23.2512,5.835
2541,7.6473,23.0342,6.218
2542,7.7162,18.8372,7.3557
2543,7.7851,12.369,7.9571
2544,7.854,8.6444,7.3918
2545,7.9229,8.7467,5.6169
2546,7.9918,7.3822,5.6553
2547,8.0607,5.5682,6.1134
2548,8.1296,5.8424,5.1455
2549,8.1984,5.5614,4.7659
2550,8.2673,6.8125,4.7988
2551,8.3362,7.6755,4.6719
2552,8.4051,10.1681,5.4785
2553,8.474,16.0909,5.4971
2554,8.5429,15.4621,6.517
2555,8.6118,9.8051,6.9656
2556,8.6807,6.725,6.8073
2557,8.7496,6.2207,6.538
2558,8.8185,4.7974,6.6201
2559,8.8874,5.8837,6.8698
2560,8.9563,5.4396,7.6279
2561,9.0252,6.1222,7.4652
2562,9.0941,7.3935,6.6108
2563,9.163,5.6595,5.6923
2564,9.2319,5.4108,4.498
2565,9.3008,6.6451,3.9018
2566,9.3697,7.7644,3.4534
2567,9.4385,8.0575,4.3098
2568,9.5074,6.925,5.1273
2569,9.5763,7.2244,4.6659
2570,9.6452,12.2502,4.8837
2571,9.7141,19.3816,5.2298
2572,9.783,22.5646,5.1034
2573,9.8519,24.8428,6.7856
2574,9.9208,21.3734,7.9194
2575,9.9897,16.7406,7.559
2576,10.0586,12.1868,7.5916
2577,10.1275,7.9012,6.4727
2578,10.1964,5.0382,5.3345
2579,10.2653,4.4905,4.9783
2580,10.3342,4.9927,5.4438
2581,10.4031,6.7448,5.5554
2582,10.472,8.2462,5.9066
2583,10.5409,10.5614,6.0055
2584,10.6098,10.4553,3.9871
2585,10.6786,5.5987,4.6227
2586,10.7475,3.2906,5.1579
2587,10.8164,2.6342,4.1372
2588,10.8853,2.9777,3.5155
2589,10.9542,5.0214,4.5314
2590,11.0231,8.0983,6.7301
2591,11.092,12.4535,8.7121
2592,11.1609,13.4649,11.358
2593,11.2298,16.1423,14.2896
2594,11.2987,21.604,21.2363
2595,11.3676,27.8066,25.3517
2596,11.4365,27.1411,24.1286
2597,11.5054,21.5807,20.1912
2598,11.5743,18.5202,17.1376
2599,11.6432,17.2561,12.7335
2600,11.7121,11.232,9.6225
2601,11.781,11.9385,7.777
2602,11.8499,9.1552,6.7763
2603,11.9187,9.5661,5.582
2604,11.9876,8.6085,4.8791
2605,12.0565,7.911,5.6083
2606,12.1254,4.2513,4.8426
2607,12.1943,3.2577,4.2278
2608,12.2632,3.3011,3.4582
2609,12.3321,2.7758,2.3078
2610,12.401,2.8966,3.2932
2611,12.4699,3.9398,2.7961
2612,12.5388,6.326,3.5193
2613,12.6077,7.2175,4.1829
2614,12.6766,4.4372,4.5317
2615,12.7455,2.1855,4.8017
2616,12.8144,2.0758,4.6553
2617,12.8833,2.9654,3.4555
2618,12.9522,2.8081,3.6405
2619,13.0211,4.2099,3.1853
2620,13.09,4.0864,2.712
2621,13.1588,4.0365,2.8683
2622,13.2277,5.3375,2.7804
2623,13.2966,7.546,2.4457
2624,13.3655,7.1013,2.8933
2625,13.4344,6.2181,3.0422
2626,13.5033,3.723,2.7047
2627,13.5722,2.6145,2.4432
2628,13.6411,3.7846,2.8607
2629,13.71,1.9492,2.3129
2630,13.7789,2.624,2.8881
2631,13.8478,3.5192,2.2575
2632,13.9167,2.6076,2.4097
2633,13.9856,3.0936,2.5458
2634,14.0545,4.39,2.344
2635,14.1234,4.8537,2.7641
2636,14.1923,3.8982,3.096
2637,14.2612,3.0398,2.8509
2638,14.3301,4.6451,2.1986
2639,14.3989,4.9258,2.3607
2640,14.4678,6.6563,2.6638
2641,14.5367,6.6975,3.4148
2642,14.6056,5.484,3.343
2643,14.6745,7.0329,4.1248
2644,14.7434,7.2334,3.28
2645,14.8123,6.4631,3.8969
2646,14.8812,9.3653,4.1159
2647,14.9501,9.2228,4.1751
2648,15.019,7.2901,5.2524
2649,15.0879,6.2127,5.5278
2650,15.1568,7.6822,5.4019
2651,15.2257,9.5565,5.9593
2652,15.2946,9.4057,6.0852
2653,15.3635,8.6677,5.938
2654,15.4324,6.6733,5.7076
2655,15.5013,8.2476,5.6821
2656,15.5702,10.9887,4.7533
2657,15.6391,15.1639,5.7762
2658,15.7079,22.5751,5.868
2659,15.7768,26.218,6.8529
2660,15.8457,30.472,9.2225
2661,15.9146,32.0834,12.2657
2662,15.9835,29.2299,14.2381
2663,16.0524,22.6129,15.3868
2664,16.1213,21.7823,16.1804
2665,16.1902,24.1413,15.3289
2666,16.2591,21.2424,12.6075
2667,16.328,20.4973,10.8825
2668,16.3969,19.1473,9.2836
2669,16.4658,15.0852,6.7413
2670,16.5347,9.842,4.7891
2671,16.6036,9.8397,4.6135
2672,16.6725,8.5279,3.7163
2673,16.7414,9.7015,3.1448
2674,16.8103,9.9865,3.1304
2675,16.8792,10.5703,2.4549
2676,16.948,9.8889,3.1435
2677,17.0169,10.3798,3.8962
2678,17.0858,11.9867,4.4827
2679,17.1547,12.4326,4.2773
2680,17.2236,11.4673,3.6025
2681,17.2925,9.5923,3.442
2682,17.3614,7.9125,2.7803
2683,17.4303,8.1716,2.5708
2684,17.4992,9.2949,2.7924
2685,17.5681,9.225,3.2627
2686,17.637,8.2668,4.2219
2687,17.7059,8.6025,3.9599
2688,17.7748,9.6924,4.071
2689,17.8437,9.7398,3.4595
2690,17.9126,7.0905,3.1874
2691,17.9815,3.283,3.9694
2692,18.0504,1.376,5.0334
2693,18.1193,2.0804,5.1919
2694,18.1881,2.6847,5.0488
2695,18.257,2.8491,6.5978
2696,18.3259,3.5428,8.2728
2697,18.3948,5.5069,7.4896
2698,18.4637,5.5952,8.5535
2699,18.5326,7.7552,7.1123
2700,18.6015,7.8385,5.8778
2701,18.6704,8.7611,4.6392
2702,18.7393,6.1772,3.6505
2703,18.8082,5.6593,3.9377
2704,18.8771,4.1487,3.1606
2705,18.946,3.3142,2.8348
2706,19.0149,3.2405,2.4708
2707,19.0838,1.9371,2.4363
2708,19.1527,1.8551,3.2503
2709,19.2216,1.8508,3.5071
2710,19.2905,2.4371,3.051
2711,19.3594,2.8892,4.001
2712,19.4282,4.4777,4.4794
2713,19.4971,7.1786,5.2967
2714,19.566,8.6412,5.9185
2715,19.6349,10.2687,6.7155
2716,19.7038,10.4017,6.7884
2717,19.7727,12.082,7.4719
2718,19.8416,14.631,7.7654
2719,19.9105,16.0343,8.4683
2720,19.9794,18.7619,9.033
2721,20.0483,20.5861,9.9531
2722,20.1172,17.157,9.0295
2723,20.1861,14.6358,7.7086
2724,20.255,11.7439,7.2013
2725,20.3239,9.1765,5.9251
2726,20.3928,8.9894,5.8057
2727,20.4617,8.0959,5.5239
2728,20.5306,7.7658,5.3926
2729,20.5995,6.0746,5.9101
2730,20.6683,7.4349,6.1018
2731,20.7372,9.556,6.863
2732,20.8061,12.5476,7.6434
2733,20.875,13.0794,7.4033
2734,20.9439,13.9788,8.1627
2735,21.0128,13.2049,9.2023
2736,21.0817,10.9823,8.7944
2737,21.1506,8.2305,7.1857
2738,21.2195,10.083,7.6964
2739,21.2884,8.9415,7.4087
2740,21.3573,9.8814,6.1354
2741,21.4262,9.8701,5.3133
2742,21.4951,10.0975,5.7053
2743,21.564,9.0951,5.1379
2744,21.6329,12.821,4.3942
2745,21.7018,13.6597,4.398
2746,21.7707,16.5992,4.7913
2747,21.8396,17.3422,4.9485
2748,21.9084,13.4434,6.0264
2749,21.9773,13.8368,6.7679
2750,22.0462,23.7785,8.9598
2751,22.1151,39.7943,14.0606
2752,22.184,45.8144,17.2745
2753,22.2529,41.3881,15.9915
2754,22.3218,28.6608,11.7006
2755,22.3907,18.9668,8.12
2756,22.4596,12.0115,5.8316
2757,22.5285,9.2301,5.5579
2758,22.5974,8.1401,5.4819
2759,22.6663,7.1763,4.6054
2760,22.7352,6.6856,4.4477
2761,22.8041,5.398,4.1496
2762,22.873,5.0573,3.9843
2763,22.9419,5.7181,3.2781
2764,23.0108,6.2207,3.3933
2765,23.0797,4.93,3.7809
2766,23.1486,5.2043,3.2771
2767,23.2174,4.3977,3.2083
2768,23.2863,4.5007,2.656
2769,23.3552,3.9807,2.7196
2770,23.4241,4.0153,3.2748
2771,23.493,3.1414,4.0084
2772,23.5619,2.132,3.9778
2773,23.6308,3.0459,4.0801
2774,23.6997,3.031,3.9699
2775,23.7686,4.161,3.6218
2776,23.8375,4.3355,4.1301
2777,23.9064,6.9127,4.3373
2778,23.9753,7.1334,3.7682
2779,24.0442,7.8876,4.6924
2780,24.1131,7.7861,4.3944
2781,24.182,9.0051,3.9872
2782,24.2509,12.0395,5.0823
2783,24.3198,14.1135,5.6932
2784,24.3887,17.7151,7.7386
2785,24.4575,21.1046,8.3972
2786,24.5264,27.8276,9.7566
2787,24.5953,34.1498,11.9672
2788,24.6642,34.9388,14.6498
2789,24.7331,30.6755,14.4222
2790,24.802,23.2331,13.0414
2791,24.8709,22.0372,11.3378
2792,24.9398,24.8014,12.1433
2793,25.0087,26.0133,11.063
2794,25.0776,26.9655,10.0448
2795,25.1465,24.604,11.0003
2796,25.2154,19.8492,10.6392
2797,25.2843,19.4911,8.736
2798,25.3532,20.7134,7.1545
2799,25.4221,18.8411,6.3349
2800,25.491,17.7046,5.1425
3240,0.0,19.1022,4.8803
3241,0.0689,17.0391,4.9539
3242,0.1378,14.8088,5.1389
3243,0.2067,13.9597,4.6298
3244,0.2756,10.881,4.1379
3245,0.3445,10.0217,4.1435
3246,0.4134,8.1145,4.0646
3247,0.4823,9.0855,4.2358
3248,0.5512,9.8444,3.3497
3249,0.6201,12.1753,3.3831
3250,0.6889,16.5189,3.9064
3251,0.7578,18.1297,4.4409
3252,0.8267,19.5184,4.6026
3253,0.8956,20.2897,5.0628
3254,0.9645,15.7709,3.8281
3255,1.0334,13.0501,3.3902
3256,1.1023,15.3591,3.0995
3257,1.1712,15.4652,2.9289
3258,1.2401,12.9181,3.4671
3259,1.309,11.538,3.711
3260,1.3779,11.537,3.8806
3261,1.4468,13.2258,4.0733
3262,1.5157,12.7567,4.3528
3263,1.5846,12.8861,3.5873
3264,1.6535,10.1567,2.7293
3265,1.7224,4.4753,2.7364
3266,1.7913,4.4487,3.2594
3267,1.8602,5.7019,3.6645
3268,1.929,5.9167,3.6811
3269,1.9979,7.559,3.282
3270,2.0668,7.7258,4.1541
3271,2.1357,8.7352,3.5619
3272,2.2046,7.2092,2.4493
3273,2.2735,8.3144,2.0799
3274,2.3424,10.1024,2.2207
3275,2.4113,9.1325,2.5829
3276,2.4802,5.761,2.4212
3277,2.5491,4.8053,2.6963
3278,2.618,7.1636,2.5317
3279,2.6869,7.373,3.4203
3280,2.7558,7.2737,3.069
3281,2.8247,5.2959,3.1132
3282,2.8936,4.4627,2.7791
3283,2.9625,2.8894,2.668
3284,3.0314,2.6081,2.334
3285,3.1003,2.0677,1.9056
3286,3.1691,1.6655,2.736
3287,3.238,2.4983,2.1257
3288,3.3069,2.8654,2.7956
3289,3.3758,3.466,3.0283
3290,3.4447,4.9604,2.5638
3291,3.5136,5.871,3.5031
3292,3.5825,5.9119,3.5332
3293,3.6514,5.2198,4.1272
3294,3.7203,7.9055,5.1239
3295,3.7892,9.0731,5.4783
3296,3.8581,8.1814,5.4876
3297,3.927,6.0418,5.1236
3298,3.9959,6.8836,4.7856
3299,4.0648,8.45,5.7007
3300,4.1337,11.6334,6.5791
3301,4.2026,14.3823,8.4984
3302,4.2715,16.6541,9.6061
3303,4.3404,16.0611,10.6289
3304,4.4092,18.8484,10.9311
3305,4.4781,20.2572,11.5755
3306,4.547,23.3109,11.1855
3307,4.6159,23.7192,10.6298
3308,4.6848,17.4117,10.8453
3309,4.7537,12.2716,9.0492
3310,4.8226,10.3544,8.8326
3311,4.8915,10.6365,6.9244
3312,4.9604,10.2156,6.6575
3313,5.0293,10.5785,5.3917
3314,5.0982,9.1439,4.8613
3315,5.1671,4.9118,3.9892
3316,5.236,3.8368,3.2996
3317,5.3049,3.3134,3.2762
3318,5.3738,4.225,3.7967
3319,5.4427,4.3837,3.6759
3320,5.5116,2.577,3.7818
3321,5.5805,2.2538,4.3516
3322,5.6493,2.8672,3.6722
3323,5.7182,3.0819,4.0209
3324,5.7871,6.2827,5.2313
3325,5.856,8.1413,4.0838
3326,5.9249,11.773,4.3987
3327,5.9938,13.6844,4.4022
3328,6.0627,11.0131,4.6772
3329,6.1316,7.5914,4.7214
3330,6.2005,8.7779,4.1068
3331,6.2694,8.3159,3.8317
3332,6.3383,7.332,2.8522
3333,6.4072,5.6045,3.7017
3334,6.4761,4.3405,2.6229
3335,6.545,4.143,1.8834
3336,6.6139,7.6732,1.5998
3337,6.6828,7.2626,1.5841
3338,6.7517,7.8169,1.7012
3339,6.8206,6.9123,2.1564
3340,6.8894,4.7127,2.6199
3341,6.9583,3.2516,2.4533
3342,7.0272,3.3392,2.3102
3343,7.0961,4.5625,2.8136
3344,7.165,4.6435,2.272
3345,7.2339,5.2319,2.0486
3346,7.3028,5.2817,2.9109
3347,7.3717,3.7958,3.2583
3348,7.4406,4.9871,3.1879
3349,7.5095,4.1553,3.2398
3350,7.5784,4.7939,3.4439
3351,7.6473,6.3357,4.2549
3352,7.7162,5.9379,4.3141
3353,7.7851,5.0807,4.525
3354,7.854,4.8495,4.2228
3355,7.9229,4.6376,3.9708
3356,7.9918,2.903,4.6271
3357,8.0607,4.9119,5.1725
3358,8.1296,9.0313,4.6365
3359,8.1984,9.8324,5.0607
3360,8.2673,6.6626,5.4336
3361,8.3362,7.9578,6.9326
3362,8.4051,10.762,7.3263
3363,8.474,13.2658,8.9131
3364,8.5429,16.5322,11.3547
3365,8.6118,21.8165,12.0644
3366,8.6807,26.1573,11.3322
3367,8.7496,23.3442,10.8247
3368,8.8185,21.6541,9.9673
3369,8.8874,16.3907,8.7279
3370,8.9563,16.2697,7.6383
3371,9.0252,19.4706,7.1154
3372,9.0941,17.4839,5.864
3373,9.163,14.4501,5.154
3374,9.2319,12.1921,3.4426
3375,9.3008,11.0085,2.346
3376,9.3697,10.9493,2.1811
3377,9.4385,8.936,1.1694
3378,9.5074,7.4478,1.4132
3379,9.5763,6.1527,0.6713
3380,9.6452,3.7312,1.1003
3381,9.7141,4.2369,1.2901
3382,9.783,3.8174,1.7767
3383,9.8519,4.0934,1.6348
3384,9.9208,4.8957,1.3035
3385,9.9897,6.1574,1.4865
3386,10.0586,6.8974,1.168
3387,10.1275,6.9965,1.4855
3388,10.1964,5.181,1.3826
3389,10.2653,4.978,1.8918
3390,10.3342,4.3098,2.0092
3391,10.4031,4.0157,2.2345
3392,10.472,5.2237,2.6163
3393,10.5409,5.1638,1.8305
3394,10.6098,6.637,1.9807
3395,10.6786,8.111,1.5577
3396,10.7475,10.1695,1.6366
3397,10.8164,8.4593,2.1747
3398,10.8853,5.8384,3.3082
3399,10.9542,7.0908,2.7348
3400,11.0231,7.4588,3.0438
3401,11.092,10.4956,3.2052
3402,11.1609,12.4804,4.016
3403,11.2298,14.698,4.3132
3404,11.2987,14.0355,3.7812
3405,11.3676,13.5525,4.67
3406,11.4365,9.259,5.4335
3407,11.5054,11.0345,5.2495
3408,11.5743,11.2774,4.8558
3409,11.6432,13.2944,5.3425
3410,11.7121,13.2751,4.3284
3411,11.781,11.6829,3.5153
3412,11.8499,12.5447,4.7257
3413,11.9187,9.5175,3.8073
3414,11.9876,8.8284,3.2178
3415,12.0565,6.1121,3.0142
3416,12.1254,3.2169,2.84
3417,12.1943,2.1287,1.9502
3418,12.2632,3.9413,3.2578
3419,12.3321,4.2406,3.1544
3420,12.401,4.5405,2.9142
3421,12.4699,5.69,3.5199
3422,12.5388,6.4002,3.4502
3423,12.6077,6.3436,3.8347
3424,12.6766,5.1618,4.2217
3425,12.7455,6.6535,3.802
3426,12.8144,7.2665,4.2111
3427,12.8833,7.3174,3.8534
3428,12.9522,9.0551,5.5771
3429,13.0211,10.6771,6.166
3430,13.09,9.6215,6.1967
3431,13.1588,7.495,6.0748
3432,13.2277,6.8015,4.4565
3433,13.2966,6.3487,4.9915
3434,13.3655,6.456,5.8242
3435,13.4344,10.7455,6.8901
3436,13.5033,15.7386,9.7558
3437,13.5722,24.6285,11.0285
3438,13.6411,33.4134,9.8206
3439,13.71,42.6746,8.5203
3440,13.7789,44.5898,6.8514
3441,13.8478,31.6113,5.2904
3442,13.9167,16.3417,4.7122
3443,13.9856,7.3806,3.9502
3444,14.0545,4.9235,2.9001
3445,14.1234,5.184,3.3037
3446,14.1923,4.3545,3.6986
3447,14.2612,5.3401,3.5429
3448,14.3301,6.8217,3.3411
3449,14.3989,6.8332,1.765
3450,14.4678,5.687,1.9629
3451,14.5367,4.3158,3.0081
3452,14.6056,3.693,3.1995
3453,14.6745,6.6719,3.0267
3454,14.7434,7.888,2.3023
3455,14.8123,6.7165,2.5223
3456,14.8812,5.1923,2.7974
3457,14.9501,3.6193,3.6202
3458,15.019,2.9385,3.2437
3459,15.0879,2.2467,3.0688
3460,15.1568,1.9883,3.3109
3461,15.2257,2.3234,3.1843
3462,15.2946,1.8636,4.5587
3463,15.3635,2.7759,4.4301
3464,15.4324,4.1979,4.3978
3465,15.5013,4.7717,4.3811
3466,15.5702,6.3413,4.0058
3467,15.6391,5.9725,3.6489
3468,15.7079,6.9322,3.2749
3469,15.7768,6.6746,3.3601
3470,15.8457,6.157,2.7623
3471,15.9146,6.5882,3.2306
3472,15.9835,5.387,3.6245
3473,16.0524,6.9179,4.7052
3474,16.1213,7.4848,3.7381
3475,16.1902,11.5655,3.2523
3476,16.2591,12.2574,3.7704
3477,16.328,13.8824,4.2041
3478,16.3969,22.6261,5.597
3479,16.4658,28.1442,6.7032
3480,16.5347,26.0576,8.0347
3481,16.6036,20.6772,8.6632
3482,16.6725,16.9321,8.3438
3483,16.7414,13.9372,6.1596
3484,16.8103,11.6657,4.6531
3485,16.8792,11.193,4.3973
3486,16.948,9.6058,4.55
3487,17.0169,7.2953,5.6042
3488,17.0858,6.2925,6.2167
3489,17.1547,6.8018,6.0614
3490,17.2236,6.1223,4.068
3491,17.2925,5.3062,3.4327
3492,17.3614,6.2278,3.2305
3493,17.4303,6.0888,3.239
3494,17.4992,6.2979,3.5334
3495,17.5681,6.8351,3.1943
3496,17.637,7.3194,3.3623
3497,17.7059,7.1319,4.9779
3498,17.7748,6.7837,4.1027
3499,17.8437,5.8723,4.5304
3500,17.9126,10.7991,3.7333
3501,17.9815,15.0071,4.8732
3502,18.0504,12.8953,3.9572
3503,18.1193,14.4722,4.0066
3504,18.1881,10.5171,4.0635
3505,18.257,11.1762,3.643
3506,18.3259,9.7186,3.4608
3507,18.3948,6.9945,2.8142
3508,18.4637,6.5384,2.6354
3509,18.5326,9.0154,2.6889
3510,18.6015,6.759,2.5004
3511,18.6704,5.3612,4.4349
3512,18.7393,6.8122,4.0939
3513,18.8082,6.595,4.1793
3514,18.8771,6.0227,4.7842
3515,18.946,6.6949,5.2602
3516,19.0149,6.3498,5.6864
3517,19.0838,9.7364,5.4492
3518,19.1527,6.7218,5.8082
3519,19.2216,4.6895,5.1742
3520,19.2905,5.2625,4.298
3521,19.3594,4.9198,4.2341
3522,19.4282,6.1896,4.6112
3523,19.4971,7.5196,3.9221
3524,19.566,9.0689,3.3291
3525,19.6349,8.7659,3.1761
3526,19.7038,12.8354,3.3499
3527,19.7727,12.5458,4.1346
3528,19.8416,13.2897,4.4836
3529,19.9105,10.4837,3.6594
3530,19.9794,9.6366,4.216
3531,20.0483,12.475,4.8703
3532,20.1172,9.949,4.5582
3533,20.1861,11.2776,4.5007
3534,20.255,12.7501,5.209
3535,20.3239,15.9029,6.6462
3536,20.3928,24.2484,10.0949
3537,20.4617,28.9169,11.949
3538,20.5306,25.9504,12.6806
3539,20.5995,21.5167,12.5436
3540,20.6683,16.8504,11.7572
3541,20.7372,12.3627,11.3092
3542,20.8061,9.3142,11.9869
3543,20.875,6.8899,11.3705
3544,20.9439,9.173,9.9561
3545,21.0128,12.173,7.9451
3546,21.0817,13.8579,6.7304
3547,21.1506,13.1919,6.1096
3548,21.2195,12.1997,5.8733
3549,21.2884,12.5886,4.766
3550,21.3573,13.1952,4.1178
3551,21.4262,12.7904,3.9843
3552,21.4951,8.5327,4.0194
3553,21.564,6.474,3.6582
3554,21.6329,6.4448,3.482
3555,21.7018,8.4298,2.8842
3556,21.7707,9.2784,3.18
3557,21.8396,9.0143,3.7674
3558,21.9084,7.1289,3.6994
3559,21.9773,6.2279,3.6773
3560,22.0462,5.3416,4.2542
3561,22.1151,7.1331,4.3029
3562,22.184,9.0619,4.602
3563,22.2529,15.8469,6.152
3564,22.3218,19.4545,6.4554
3565,22.3907,18.4924,5.9363
3566,22.4596,16.3806,5.1767
3567,22.5285,12.463,4.7216
3568,22.5974,7.8049,4.1818
3569,22.6663,6.7637,3.1096
3570,22.7352,6.1178,1.9662
3571,22.8041,6.0361,2.551
3572,22.873,5.7062,3.1075
3573,22.9419,4.246,3.3139
3574,23.0108,6.3528,2.6374
3575,23.0797,7.686,2.5541
3576,23.1486,8.1191,3.1216
3577,23.2174,10.2577,4.0717
3578,23.2863,17.5758,5.4234
3579,23.3552,25.0321,6.8586
3580,23.4241,25.5544,7.3171
3581,23.493,15.6404,6.2576
3582,23.5619,8.778,3.9818
3583,23.6308,5.9109,3.5396
3584,23.6997,6.6631,2.4071
3585,23.7686,7.4476,2.4638
3586,23.8375,8.3408,2.4375
3587,23.9064,10.3575,2.9462
3588,23.9753,8.9435,3.1276
3589,24.0442,12.214,3.0558
3590,24.1131,14.0647,3.9695
3591,24.182,13.589,3.4827
3592,24.2509,14.0474,3.0587
3593,24.3198,12.5189,3.359
3594,24.3887,12.3961,2.4498
3595,24.4575,7.5772,2.2938
3596,24.5264,8.3323,2.6219
3597,24.5953,5.4677,3.1452
3598,24.6642,4.0367,2.4643
3599,24.7331,2.2685,2.2494
3600,24.802,2.5226,1.7527
3601,24.8709,2.7053,1.7405
3602,24.9398,2.2451,1.7802
3603,25.0087,2.125,1.1556
3604,25.0776,3.4335,1.8262
3605,25.1465,5.1177,2.5653
3606,25.2154,5.5564,2.326
3607,25.2843,4.4218,2.278
3608,25.3532,3.9636,1.9982
3609,25.4221,4.5162,2.532
3610,25.491,5.5143,2.2692
3611,25.5599,8.0129,3.7968
3612,25.6288,9.6665,3.8237
3613,25.6976,12.1794,5.9761
3614,25.7665,14.9684,6.0804
3615,25.8354,13.2988,4.9533
3616,25.9043,9.0075,4.6519
3617,25.9732,6.9891,3.9254
3618,26.0421,5.0211,3.8314
3619,26.111,4.3225,3.4031
3620,26.1799,5.1235,2.1752
3621,26.2488,5.3098,3.1878
3622,26.3177,4.5655,2.6399
3623,26.3866,4.802,2.3818
3624,26.4555,3.5078,2.8197
3625,26.5244,3.2276,3.0144
3626,26.5933,6.3254,3.2255
3627,26.6622,7.8684,3.1804
3628,26.7311,10.3128,4.1959
3629,26.8,10.8401,3.688
3630,26.8689,8.5393,2.5919
3631,26.9377,4.1461,2.9862
3632,27.0066,3.194,2.5693
3633,27.0755,5.5743,2.4452
3634,27.1444,6.8827,2.1673
3635,27.2133,6.1961,2.4963
3636,27.2822,8.1403,3.3295
3637,27.3511,9.089,3.1644
3638,27.42,14.2122,3.2388
3639,27.4889,16.327,3.1945
3640,27.5578,14.1335,3.1051
3641,27.6267,12.2538,3.3287
3642,27.6956,10.8128,3.1811
3643,27.7645,9.6788,4.6423
3644,27.8334,12.2605,5.3378
3645,27.9023,14.307,5.5507
3646,27.9712,17.1611,5.7795
3647,28.0401,19.2224,6.1967
3648,28.109,21.051,7.0894
3649,28.1778,23.6661,8.1015
3650,28.2467,20.6518,9.1902
3651,28.3156,20.0594,6.4884
3652,28.3845,19.7787,5.8014
3653,28.4534,17.6644,4.3921
3654,28.5223,16.9737,4.1264
3655,28.5912,15.1189,4.2185
3656,28.6601,9.0332,4.3225
3657,28.729,4.8802,3.3499
3658,28.7979,4.8509,3.3384
3659,28.8668,6.2437,3.074
3660,28.9357,5.8945,2.3458
3661,29.0046,5.7808,2.407
3662,29.0735,6.5234,2.7985
3663,29.1424,6.4993,2.7576
3664,29.2113,6.1004,2.7842
3665,29.2802,5.4747,3.0053
3666,29.3491,6.6113,2.382
3667,29.4179,7.6967,2.2223
3668,29.4868,6.8871,3.1348
3669,29.5557,6.349,2.6393
3670,29.6246,5.1187,2.3813
3671,29.6935,6.2955,3.517
3672,29.7624,6.9445,3.3238
3673,29.8313,5.2334,4.4075
3674,29.9002,6.2498,3.9345
3675,29.9691,5.8357,3.6751
3676,30.038,5.5224,3.6103
3677,30.1069,8.0698,3.6943
3678,30.1758,9.4067,3.3889
3679,30.2447,7.1552,3.8229
3680,30.3136,6.9562,3.6187
3681,30.3825,7.4289,4.417
3682,30.4514,7.7941,4.489
3683,30.5203,8.4721,4.4383
3684,30.5892,9.5948,4.2942
3685,30.6581,11.6751,4.3147
3686,30.7269,11.4082,5.148
3687,30.7958,11.9755,5.1542
3688,30.8647,14.8498,5.651
3689,30.9336,17.8993,6.3192
3690,31.0025,24.8333,6.1596
3691,31.0714,35.1533,7.6081
3692,31.1403,38.8743,11.2987
3693,31.2092,39.1373,15.7456
3694,31.2781,40.411,18.7824
3695,31.347,32.7015,20.3069
3696,31.4159,27.596,17.4081
3697,31.4848,12.7673,12.4463
3698,31.5537,5.4712,9.078
3699,31.6226,3.0068,5.4856
3700,31.6915,3.0756,3.1917
3701,31.7604,2.9742,2.6646
3702,31.8293,3.4376,2.4478
3703,31.8982,3.8451,1.95
3704,31.967,5.0743,1.6454
3705,32.0359,6.4358,1.7339
3706,32.1048,5.2022,2.6253
3707,32.1737,4.7131,3.6365
3708,32.2426,4.9566,4.7918
3709,32.3115,3.5594,5.443
3710,32.3804,4.422,5.3489
3711,32.4493,5.8103,5.4698
3712,32.5182,7.5797,5.8423
3713,32.5871,8.7813,6.1238
3714,32.656,6.054,4.3232
3715,32.7249,3.8052,4.3762
3716,32.7938,3.9019,4.3364
3717,32.8627,4.8773,3.7931
3718,32.9316,6.3149,4.1607
3719,33.0005,7.0742,4.8401
3720,33.0694,6.8542,3.4181
3721,33.1383,3.927,3.3043
3722,33.2071,3.0082,3.497
3723,33.276,5.1919,3.7311
3724,33.3449,8.483,2.5608
3725,33.4138,11.5637,3.3912
3726,33.4827,11.4355,3.6572
3727,33.5516,8.574,3.4382
3728,33.6205,8.5948,3.5679
3729,33.6894,5.7758,3.159
3730,33.7583,4.5065,2.5332
3731,33.8272,3.9138,2.0256
3732,33.8961,5.9327,2.2851
3733,33.965,6.8317,1.9256
3734,34.0339,5.8008,3.2377
3735,34.1028,7.5792,3.804
3736,34.1717,6.5195,2.991
3737,34.2406,4.2243,2.7046
3738,34.3095,7.6504,3.205
3739,34.3784,9.6005,4.3141
3740,34.4472,14.5067,4.5134
3741,34.5161,14.1544,5.8159
3742,34.585,17.7519,7.3999
3743,34.6539,19.8405,8.0536
3744,34.7228,21.8389,8.8904
3745,34.7917,21.8321,9.1589
3746,34.8606,22.9741,8.9666
3747,34.9295,17.0874,7.7745
3748,34.9984,11.5711,6.9713
3749,35.0673,9.0948,6.0411
3750,35.1362,7.3493,4.2012
3751,35.2051,7.0373,4.6158
3752,35.274,8.1447,6.4947
3753,35.3429,11.6896,8.1715
3754,35.4118,16.741,9.6374
3755,35.4807,19.5543,9.7489
3756,35.5496,20.219,7.6882
3757,35.6185,18.6533,8.7269
3758,35.6873,15.0844,6.9631
3759,35.7562,13.9413,5.7247
3760,35.8251,15.1204,5.6021
3761,35.894,17.6303,5.7673
3762,35.9629,14.3499,5.5296
3763,36.0318,12.9188,4.8741
3764,36.1007,13.4271,5.1037
3765,36.1696,11.6374,6.0461
3766,36.2385,12.2849,5.9772
3767,36.3074,10.2214,5.9254
3768,36.3763,12.1147,4.9383
3769,36.4452,15.7048,5.3272
3770,36.5141,17.4329,4.5191
3771,36.583,18.6905,4.1536
3772,36.6519,16.1439,4.3393
3773,36.7208,12.3035,4.0613
3774,36.7897,12.1515,4.2238
3775,36.8586,13.9552,4.0516
3776,36.9274,14.1602,3.9153
3777,36.9963,14.3138,4.8483
3778,37.0652,13.4909,4.114
3779,37.1341,9.5573,3.9504
3780,37.203,6.511,4.5658
3781,37.2719,6.3284,4.3616
3782,37.3408,6.8095,3.4839
3783,37.4097,5.1871,3.949
3784,37.4786,4.4511,5.0793
3785,37.5475,3.2115,4.1558
3786,37.6164,4.9667,4.4382
3787,37.6853,5.6769,4.6908
3788,37.7542,7.6326,4.7903
3789,37.8231,9.811,3.5852
3790,37.892,10.7126,3.644
3791,37.9609,6.9786,3.6641
3792,38.0298,8.6258,3.4746
3793,38.0987,4.5117,3.2743
3794,38.1675,4.6071,2.3816
3795,38.2364,6.9711,2.3137
3796,38.3053,5.9271,2.8743
3797,38.3742,7.849,3.1983
3798,38.4431,7.2637,1.926
3799,38.512,8.1576,1.8242
3800,38.5809,7.8848,3.0339
3801,38.6498,9.5154,2.8386
3802,38.7187,11.2599,2.7282
3803,38.7876,11.7802,4.0433
3804,38.8565,11.7249,4.292
3805,38.9254,13.0618,4.6745
3806,38.9943,12.7257,4.1992
3807,39.0632,11.9691,4.984
3808,39.1321,11.2536,5.6331
3809,39.201,11.7613,4.1305
3810,39.2699,11.4777,4.532
3811,39.3388,11.8823,5.2894
3812,39.4076,14.3928,5.9528
3813,39.4765,15.6995,5.5085
3814,39.5454,16.0483,5.6521
3815,39.6143,17.2244,7.1852
3816,39.6832,16.5064,7.9454
3817,39.7521,19.0649,8.1386
3818,39.821,17.7677,6.7269
3819,39.8899,17.878,9.1867
3820,39.9588,23.1334,12.046
3821,40.0277,24.6621,14.1877
3822,40.0966,25.9012,15.1183
3823,40.1655,18.6953,10.5222
3824,40.2344,4.658,5.9476
3825,40.3033,18.4489,12.2632
3826,40.3722,16.2192,10.3645
3827,40.4411,12.5825,8.6219
3828,40.51,13.0284,5.8234
3829,40.5789,14.1668,5.9959
3830,40.6478,14.0724,5.5641
3831,40.7166,15.1055,5.7048
3832,40.7855,12.8093,7.3985
3833,40.8544,12.4501,6.1187
3834,40.9233,10.2057,5.1962
3835,40.9922,8.3864,5.7338
3836,41.0611,6.5613,6.3153
3837,41.13,8.6332,6.2654
3838,41.1989,9.8374,5.1143
3839,41.2678,16.1995,4.8851
3840,41.3367,18.0736,5.6557
3841,41.4056,19.8496,5.7972
3842,41.4745,19.9368,6.499
3843,41.5434,18.0344,6.4712
3844,41.6123,14.1413,6.4153
3845,41.6812,10.2452,5.3623
3846,41.7501,7.9722,6.6157
3847,41.819,8.2019,4.8416
3848,41.8879,7.7923,5.4825
3849,41.9567,7.7556,5.193
3850,42.0256,9.2623,3.8265
3851,42.0945,11.3024,4.8613
3852,42.1634,10.5737,3.5856
3853,42.2323,9.314,2.6547
3854,42.3012,6.46,2.6079
3855,42.3701,5.955,2.495
3856,42.439,3.2808,4.1702
3857,42.5079,3.7887,4.4336
3858,42.5768,3.534,2.9731
3859,42.6457,3.3636,3.4754
3860,42.7146,2.852,2.9487
3861,42.7835,2.1124,2.9913
3862,42.8524,1.9717,2.9846
3863,42.9213,0.9081,2.9847
3864,42.9902,1.6507,2.1918
3865,43.0591,3.2789,2.8045
3866,43.128,3.9072,3.1634
3867,43.1968,5.4399,2.3781
3868,43.2657,4.2893,2.9183
3869,43.3346,2.3975,3.1149
3870,43.4035,2.9816,3.3338
3871,43.4724,4.3108,3.2538
3872,43.5413,4.548,2.9408
3873,43.6102,4.8636,3.2955
3874,43.6791,7.7823,3.2702
3875,43.748,10.0908,4.1579
3876,43.8169,11.721,4.2452
3877,43.8858,10.7637,3.563
3878,43.9547,8.6198,4.2481
3879,44.0236,7.6649,5.1664
3880,44.0925,9.256,5.4384
3881,44.1614,8.4518,7.1428
3882,44.2303,13.156,6.5385
3883,44.2992,11.8834,6.5556
3884,44.3681,10.9918,5.6365
3885,44.437,11.3086,6.0248
3886,44.5058,15.703,7.0131
3887,44.5747,19.6612,6.9626
3888,44.6436,24.2583,8.2644
3889,44.7125,26.1533,8.2383
3890,44.7814,23.7843,8.305
3891,44.8503,16.3777,7.4088
3892,44.9192,10.4656,8.0918
3893,44.9881,15.0536,8.4015
3894,45.057,12.7009,8.7357
3895,45.1259,9.1168,8.1254
3896,45.1948,9.6493,6.0996
3897,45.2637,11.3917,6.1548
3898,45.3326,17.4188,10.2494
3899,45.4015,19.4338,11.169
3900,45.4704,23.8123,14.8772
3901,45.5393,21.9369,15.2592
3902,45.6082,23.9235,16.0858
3903,45.6771,19.4215,13.7796
3904,45.7459,16.5511,12.6901
3905,45.8148,16.1406,11.003
3906,45.8837,11.8021,8.841
3907,45.9526,10.4951,5.9549
3908,46.0215,7.6998,4.9296
3909,46.0904,6.7858,3.3394
3910,46.1593,7.5506,3.2119
3911,46.2282,6.138,2.3651
3912,46.2971,3.3943,3.2833
3913,46.366,3.2171,3.1474
3914,46.4349,2.4729,3.856
3915,46.5038,1.9483,3.5702
3916,46.5727,2.9991,3.7524
3917,46.6416,3.2898,4.3637
3918,46.7105,2.527,4.6796
3919,46.7794,1.9305,3.4975
3920,46.8483,1.7014,2.7964
3921,46.9172,3.3159,3.2488
3922,46.986,3.0043,3.2438
3923,47.0549,4.701,2.3311
3924,47.1238,7.1093,2.4888
3925,47.1927,4.9324,2.0204
3926,47.2616,4.2679,1.8911
3927,47.3305,4.2723,2.2521
3928,47.3994,2.9251,2.3913
3929,47.4683,2.2869,2.7129
3930,47.5372,1.9344,2.5427
3931,47.6061,1.9107,2.4464
3932,47.675,2.8146,3.6405
3933,47.7439,3.7554,4.2319
3934,47.8128,3.7752,4.045
3935,47.8817,4.8586,3.7605
3936,47.9506,5.1628,4.4417
3937,48.0195,5.6251,4.8721
3938,48.0884,5.9535,5.0796
3939,48.1573,7.154,4.3224
3940,48.2261,8.855,5.0405
3941,48.295,10.3702,4.479
3942,48.3639,8.7841,5.1595
3943,48.4328,8.0979,4.6851
3944,48.5017,7.4111,3.9979
3945,48.5706,7.9443,4.2564
3946,48.6395,8.2565,3.9521
3947,48.7084,7.3062,4.422
3948,48.7773,6.9249,5.5797
3949,48.8462,7.5459,5.2645
3950,48.9151,8.8768,5.3606
3951,48.984,12.4195,5.3426
3952,49.0529,12.409,5.9465
3953,49.1218,14.1785,5.6045
3954,49.1907,14.6832,5.2337
3955,49.2596,14.119,5.3316
3956,49.3285,16.2185,5.1159
3957,49.3974,16.2244,5.2225
3958,49.4662,19.1381,5.9231
3959,49.5351,25.2166,5.96
3960,49.604,31.2043,6.8546
3961,49.6729,30.3873,8.3528
3962,49.7418,28.9097,9.0536
3963,49.8107,26.1861,8.8927
3964,49.8796,24.1278,9.8215
3965,49.9485,19.1891,9.2763
3966,50.0174,24.4352,9.4533
3967,50.0863,27.7967,7.5788
3968,50.1552,26.8828,7.8925
3969,50.2241,24.0082,6.7938
3970,50.293,19.0724,7.6473
3971,50.3619,14.5697,6.9867
3972,50.4308,12.8307,7.2529
3973,50.4997,12.2116,6.4252
3974,50.5686,14.7587,6.6448
3975,50.6375,17.7858,6.2714
3976,50.7063,18.1003,6.7497
3977,50.7752,14.0275,6.3508
3978,50.8441,13.7539,4.9185
3979,50.913,11.041,4.1911
3980,50.9819,8.8711,4.0662
3981,51.0508,7.4414,5.374
3982,51.1197,6.5891,4.0296
3983,51.1886,7.6973,3.3352
3984,51.2575,8.6597,4.5357
3985,51.3264,8.1622,5.1405
3986,51.3953,9.2264,4.0595
3987,51.4642,10.7407,4.7075
3988,51.5331,8.3979,5.3364
3989,51.602,9.0044,5.1821
3990,51.6709,8.3397,5.4977
3991,51.7398,7.3666,4.8946
3992,51.8087,10.5013,4.9497
3993,51.8776,10.7566,6.403
3994,51.9464,8.1643,5.5542
3995,52.0153,4.5547,4.2354
3996,52.0842,2.7454,3.6186
3997,52.1531,2.2824,3.3592
3998,52.222,1.4505,2.2349
3999,52.2909,1.6965,2.0736
4000,52.3598,1.3975,2.5638
4001,52.4287,1.1297,2.272
4002,52.4976,1.4399,2.3353
4003,52.5665,1.9513,2.6628
4004,52.6354,1.7116,2.4759
4005,52.7043,1.9428,2.3726
4006,52.7732,3.4036,2.9238
4007,52.8421,3.193,2.4972
4008,52.911,3.4217,2.9458
4009,52.9799,3.2679,3.6562
4010,53.0488,2.8488,3.5659
4011,53.1177,3.3776,3.6439
4012,53.1866,3.6336,3.5677
4013,53.2554,3.7605,3.0843
4014,53.3243,6.5986,2.3666
4015,53.3932,10.6653,3.3632
4016,53.4621,15.8416,3.7887
4017,53.531,16.7242,3.3139
4018,53.5999,12.0303,3.5133
4019,53.6688,9.113,3.2996
4020,53.7377,4.8353,4.0597
4021,53.8066,4.1082,4.4251
4022,53.8755,2.6468,4.4093
4023,53.9444,3.6916,5.0991
4024,54.0133,2.6152,5.1012
4025,54.0822,3.7008,6.267
4026,54.1511,6.6043,6.8127
4027,54.22,10.5624,7.6289
4028,54.2889,12.4334,8.6359
4029,54.3578,13.8162,8.3728
4030,54.4267,17.206,8.0779
4031,54.4955,11.6895,6.9451
4032,54.5644,6.8439,6.3299
4033,54.6333,4.6548,5.1935
4034,54.7022,6.1759,4.7617
4035,54.7711,7.7632,5.0067
4036,54.84,9.1146,4.7605
4037,54.9089,7.3726,3.5952
4038,54.9778,9.4028,2.6071
4039,55.0467,8.2347,3.6594
4040,55.1156,6.6529,3.909
4041,55.1845,6.2432,3.4223
4042,55.2534,5.3507,3.5815
4043,55.3223,5.5447,3.2552
4044,55.3912,5.6263,2.5803
4045,55.4601,5.3924,3.6967
4046,55.529,4.6328,3.7559
4047,55.5979,6.1248,3.6514
4048,55.6668,6.2152,3.8952
4049,55.7356,5.8241,3.786
4050,0.0,23.7572,10.0221
4051,0.0689,15.098,10.2161
4052,0.1378,11.2863,8.0048
4053,0.2067,8.4477,5.5489
4054,0.2756,11.031,5.0382
4055,0.3445,16.6125,5.8611
4056,0.4134,22.7203,5.7496
4057,0.4823,20.3905,6.4572
4058,0.5512,17.5314,5.4667
4059,0.6201,15.381,5.347
4060,0.6889,18.9071,4.676
4061,0.7578,16.7564,4.264
4062,0.8267,14.9477,4.8709
4063,0.8956,14.5506,5.5213
4064,0.9645,12.3843,6.2453
4065,1.0334,11.6204,6.3677
4066,1.1023,10.0648,6.4665
4067,1.1712,7.0599,6.2873
4068,1.2401,6.5814,5.6759
4069,1.309,5.1249,5.7803
4070,1.3779,4.35,5.2383
4071,1.4468,4.691,5.3099
4072,1.5157,5.3739,4.4634
4073,1.5846,4.3127,4.2705
4074,1.6535,3.8485,3.316
4075,1.7224,3.1743,4.1639
4076,1.7913,3.9178,5.7123
4077,1.8602,6.3754,5.9264
4078,1.929,7.8013,5.3
4079,1.9979,9.8461,5.6519
4080,2.0668,11.8263,5.817
4081,2.1357,11.9222,7.9188
4082,2.2046,11.5191,8.3427
4083,2.2735,13.2318,8.4678
4084,2.3424,11.6586,7.8043
4085,2.4113,12.3624,9.0226
4086,2.4802,12.7535,7.5829
4087,2.5491,15.2306,7.7647
4088,2.618,14.8292,9.0375
4089,2.6869,11.8508,9.4795
4090,2.7558,8.9922,7.7329
4091,2.8247,9.0923,7.808
4092,2.8936,8.9238,10.6888
4093,2.9625,8.754,11.5448
4094,3.0314,15.2118,13.118
4095,3.1003,17.5913,14.1486
4096,3.1691,18.0251,13.9449
4097,3.238,18.9081,15.2301
4098,3.3069,15.6538,15.092
4099,3.3758,22.5933,14.7649
4100,3.4447,28.7104,13.3408
4101,3.5136,31.5108,10.7413
4102,3.5825,32.107,9.311
4103,3.6514,27.2064,8.3839
4104,3.7203,17.1935,7.6823
4105,3.7892,14.5853,6.2723
4106,3.8581,15.0899,4.2894
4107,3.927,18.613,4.674
4108,3.9959,24.591,4.8072
4109,4.0648,29.4995,5.3949
4110,4.1337,29.6514,6.023
4111,4.2026,25.4184,6.432
4112,4.2715,20.0821,5.841
4113,4.3404,14.3666,5.1039
4114,4.4092,9.6849,6.1917
4115,4.4781,10.9873,6.0898
4116,4.547,7.4006,4.9561
4117,4.6159,7.7329,4.1077
4118,4.6848,8.9205,4.8959
4119,4.7537,8.612,4.749
4120,4.8226,11.1979,5.6466
4121,4.8915,11.4879,6.4854
4122,4.9604,13.5236,6.9154
4123,5.0293,19.123,7.7972
4124,5.0982,19.9158,8.0893
4125,5.1671,19.3308,9.9974
4126,5.236,19.4113,11.0541
4127,5.3049,19.3576,11.198
4128,5.3738,15.3693,9.2395
4129,5.4427,12.6315,8.6295
4130,5.5116,10.3406,7.5773
4131,5.5805,8.3109,7.4861
4132,5.6493,9.2575,4.4963
4133,5.7182,7.1738,3.9561
4134,5.7871,7.7319,4.5764
4135,5.856,8.4586,4.4782
4136,5.9249,7.9321,3.686
4137,5.9938,3.985,3.395
4138,6.0627,3.2258,2.9802
4139,6.1316,3.2372,2.571
4140,6.2005,4.4872,2.5679
4141,6.2694,4.0617,2.3137
4142,6.3383,2.6282,2.8773
4143,6.4072,3.2466,3.1328
4144,6.4761,2.7664,2.2304
4145,6.545,4.1747,2.8548
4146,6.6139,4.8014,3.1519
4147,6.6828,5.4704,2.6317
4148,6.7517,4.1819,3.1032
4149,6.8206,5.3507,3.5771
4150,6.8894,5.7485,4.7448
4151,6.9583,7.987,4.3393
4152,7.0272,10.095,4.6462
4153,7.0961,11.3906,5.2924
4154,7.165,14.0748,5.932
4155,7.2339,15.788,5.3557
4156,7.3028,12.9301,5.7737
4157,7.3717,9.2246,5.9213
4158,7.4406,6.0426,4.1599
4159,7.5095,5.242,4.2277
4160,7.5784,4.7486,3.881
4161,7.6473,5.6179,3.5325
4162,7.7162,4.8041,3.6945
4163,7.7851,5.0684,3.3465
4164,7.854,3.9407,4.1284
4165,7.9229,4.5176,4.413
4166,7.9918,5.8028,4.1553
4167,8.0607,6.3769,4.2689
4168,8.1296,9.9139,5.1429
4169,8.1984,12.0214,5.0133
4170,8.2673,17.1084,6.1802
4171,8.3362,18.2353,4.4201
4172,8.4051,18.7412,3.9943
4173,8.474,15.917,3.8275
4174,8.5429,17.1028,4.147
4175,8.6118,16.5468,5.9872
4176,8.6807,14.0934,5.9763
4177,8.7496,12.9883,6.3091
4178,8.8185,8.6752,7.3563
4179,8.8874,7.5024,7.7643
4180,8.9563,7.966,6.8867
4181,9.0252,8.8483,5.898
4182,9.0941,12.9731,6.955
4183,9.163,16.2245,8.5345
4184,9.2319,13.9604,7.0212
4185,9.3008,10.8708,6.577
4186,9.3697,6.0624,4.7636
4187,9.4385,4.3282,4.6709
4188,9.5074,6.0998,4.125
4189,9.5763,5.1244,3.6724
4190,9.6452,9.2948,3.8529
4191,9.7141,15.0392,3.4407
4192,9.783,19.6107,3.5984
4193,9.8519,17.7132,4.3791
4194,9.9208,12.6736,4.0896
4195,9.9897,9.0904,3.7387
4196,10.0586,6.2539,3.4686
4197,10.1275,7.3134,3.7167
4198,10.1964,9.6808,3.8262
4199,10.2653,9.8427,4.3595
4200,10.3342,8.6182,3.9213
4201,10.4031,8.3753,4.4673
4202,10.472,7.0844,5.3013
4203,10.5409,6.562,5.5314
4204,10.6098,8.6214,5.2506
4205,10.6786,10.1133,4.6632
4206,10.7475,13.1644,4.8519
4207,10.8164,14.4483,5.3236
4208,10.8853,15.507,5.9768
4209,10.9542,16.5953,6.568
4210,11.0231,16.2135,6.9802
4211,11.092,13.3986,6.6529
4212,11.1609,13.6221,6.9828
4213,11.2298,13.1804,6.8669
4214,11.2987,14.4551,6.8701
4215,11.3676,17.3949,6.7287
4216,11.4365,17.1066,5.0719
4217,11.5054,17.3058,5.3649
4218,11.5743,18.414,5.5761
4219,11.6432,17.6386,5.0628
4220,11.7121,17.5284,5.7207
4221,11.781,15.2635,6.6344
4222,11.8499,14.9592,6.4936
4223,11.9187,21.3349,8.04
4224,11.9876,34.0295,9.5633
4225,12.0565,44.0813,11.3574
4226,12.1254,41.5143,10.704
4227,12.1943,31.9434,9.7297
4228,12.2632,30.0648,9.7672
4229,12.3321,31.0935,11.5527
4230,12.401,36.0005,14.0384
4231,12.4699,47.0326,13.3045
4232,12.5388,43.2929,13.3304
4233,12.6077,34.5064,12.8565
4234,12.6766,25.3558,10.9532
4235,12.7455,15.3308,10.1496
4236,12.8144,16.8719,11.118
4237,12.8833,16.73,9.1473
4238,12.9522,14.1012,7.7083
4239,13.0211,19.7933,5.9534
4240,13.09,22.7128,5.3718
4241,13.1588,25.6576,5.0398
4242,13.2277,20.107,4.7025
4243,13.2966,15.3805,4.3995
4244,13.3655,10.5991,4.1629
4245,13.4344,6.5484,3.5821
4246,13.5033,7.6681,3.2214
4247,13.5722,4.8779,4.195
4248,13.6411,3.6424,3.3113
4249,13.71,4.9799,4.2751
4250,13.7789,5.2517,4.148
4251,13.8478,8.1845,4.6934
4252,13.9167,10.1198,3.5755
4253,13.9856,10.4332,4.3294
4254,14.0545,10.4787,4.9394
4255,14.1234,10.2851,5.3818
4256,14.1923,9.7401,4.205
4257,14.2612,7.7343,3.4014
4258,14.3301,4.2254,3.3544
4259,14.3989,6.0834,3.3718
4260,14.4678,7.2921,3.9527
4261,14.5367,8.0606,4.0003
4262,14.6056,11.1411,3.7934
4263,14.6745,12.3799,4.3674
4264,14.7434,11.3609,3.4568
4265,14.8123,10.0713,2.8011
4266,14.8812,7.7517,2.929
4267,14.9501,5.0266,3.6716
4268,15.019,6.1965,2.568
4269,15.0879,6.2136,3.2338
4270,15.1568,7.4216,3.6597
4271,15.2257,8.9865,3.8663
4272,15.2946,7.7292,3.7454
4273,15.3635,9.3909,4.2468
4274,15.4324,10.5079,3.9114
4275,15.5013,5.5792,3.4427
4276,15.5702,6.8327,4.3295
4277,15.6391,6.6316,4.3549
4278,15.7079,10.1357,4.9308
4279,15.7768,11.5924,5.9027
4280,15.8457,12.288,7.0193
4281,15.9146,20.4307,8.5153
4282,15.9835,29.0447,9.9637
4283,16.0524,36.7603,10.2144
4284,16.1213,25.1542,9.663
4285,16.1902,19.8771,9.5219
4286,16.2591,17.1425,8.6587
4287,16.328,16.7926,7.4924
4288,16.3969,15.825,5.8795
4289,16.4658,15.6708,5.8614
4290,16.5347,14.2271,6.2728
4291,16.6036,9.7369,5.5274
4292,16.6725,7.3579,5.5871
4293,16.7414,7.2968,6.1697
4294,16.8103,8.1211,4.7326
4295,16.8792,8.9493,4.9435
4296,16.948,10.2078,4.1744
4297,17.0169,8.6384,4.3475
4298,17.0858,7.0005,3.3628
4299,17.1547,7.4145,2.9205
4300,17.2236,7.2543,3.0638
4301,17.2925,8.2193,2.9742
4302,17.3614,7.6768,2.8462
4303,17.4303,8.618,3.1315
4304,17.4992,8.2568,3.1437
4305,17.5681,10.7327,3.635
4306,17.637,15.5013,3.5358
4307,17.7059,13.8923,4.0886
4308,17.7748,10.6485,3.8877
4309,17.8437,7.4185,2.5711
4310,17.9126,6.5276,3.8044
4311,17.9815,6.1404,3.3759
4312,18.0504,7.9311,4.0414
4313,18.1193,7.8417,4.708
4314,18.1881,6.6738,4.5696
4315,18.257,9.0436,4.8042
4316,18.3259,8.1496,3.9586
4317,18.3948,8.3174,5.0272
4318,18.4637,8.7239,4.4044
4319,18.5326,10.5482,3.9985
4320,18.6015,13.4017,4.2181
4321,18.6704,13.9681,4.6375
4322,18.7393,12.2948,4.7429
4323,18.8082,10.6826,5.3943
4324,18.8771,11.7756,5.2219
4325,18.946,12.2431,5.3327
4326,19.0149,13.3298,6.8451
4327,19.0838,16.0646,6.5758
4328,19.1527,15.4051,5.7067
4329,19.2216,15.3499,5.9608
4330,19.2905,11.4997,6.8499
4331,19.3594,11.4704,6.6277
4332,19.4282,10.4556,6.0949
4333,19.4971,11.3028,6.2825
4334,19.566,13.2904,6.4307
4335,19.6349,18.5599,6.6886
4336,19.7038,19.0885,7.1615
4337,19.7727,18.8057,8.3467
4338,19.8416,20.0549,7.4821
4339,19.9105,17.7456,7.4974
4340,19.9794,20.0708,7.1459
4341,20.0483,21.2858,7.2189
4342,20.1172,22.1356,7.0322
4343,20.1861,21.1654,6.3913
4344,20.255,18.3566,5.0598
4345,20.3239,11.529,4.4526
4346,20.3928,10.0936,3.7908
4347,20.4617,8.093,3.7406
4348,20.5306,7.7419,3.2196
4349,20.5995,9.5353,3.7267
4350,20.6683,8.8659,3.5174
4351,20.7372,12.7099,2.9446
4352,20.8061,13.0394,2.7718
4353,20.875,12.7786,3.4361
4354,20.9439,16.744,4.3075
4355,21.0128,18.7405,4.8015
4356,21.0817,21.664,6.1361
4357,21.1506,24.2106,6.1574
4358,21.2195,23.1589,5.2717
4359,21.2884,17.804,4.2565
4360,21.3573,16.5139,4.0334
4361,21.4262,13.0606,4.2698
4362,21.4951,8.9419,3.1388
4363,21.564,6.4589,3.1037
4364,21.6329,7.2579,3.6291
4365,21.7018,5.4774,3.1779
4366,21.7707,4.4917,3.036
4367,21.8396,3.1901,3.5015
4368,21.9084,5.1336,3.0358
4369,21.9773,4.4751,2.6674
4370,22.0462,4.7167,2.2833
4371,22.1151,5.5878,2.8484
4372,22.184,5.8112,4.1158
4373,22.2529,4.7208,4.0799
4374,22.3218,6.0368,3.7144
4375,22.3907,9.9154,4.0988
4376,22.4596,11.209,3.3901
4377,22.5285,11.9253,3.0041
4378,22.5974,11.892,3.0417
4379,22.6663,12.1763,1.659
4380,22.7352,9.6808,2.7985
4381,22.8041,9.0496,3.1446
4382,22.873,7.8298,3.3331
4383,22.9419,8.1684,2.4655
4384,23.0108,6.16,2.8688
4385,23.0797,5.1601,3.6067
4386,23.1486,5.6003,3.3435
4387,23.2174,6.722,3.7857
4388,23.2863,5.7904,3.8619
4389,23.3552,5.8963,3.8113
4390,23.4241,7.1891,4.3235
4391,23.493,8.9734,4.7892
4392,23.5619,8.8083,4.2413
4393,23.6308,5.233,4.0535
4394,23.6997,4.3949,6.0072
4395,23.7686,6.1321,5.0054
4396,23.8375,8.0777,4.5352
4397,23.9064,8.686,4.4709
4398,23.9753,10.9364,5.998
4399,24.0442,11.5789,6.0337
4400,24.1131,13.3316,6.0653
4401,24.182,18.0722,6.5262
4402,24.2509,21.4602,7.4747
4403,24.3198,22.6799,7.4753
4404,24.3887,24.7107,9.293
4405,24.4575,30.5575,9.5118
4406,24.5264,26.172,7.6457
4407,24.5953,22.7757,7.4253
4408,24.6642,13.4285,5.2308
4409,24.7331,7.2289,3.2173
4410,24.802,3.791,2.0814
4411,24.8709,1.8173,1.9172
4412,24.9398,1.1355,2.2595
4413,25.0087,1.271,2.3827
4414,25.0776,1.9132,2.2738
4415,25.1465,1.9272,2.0872
4416,25.2154,1.0746,1.8279
4417,25.2843,1.3345,1.8621
4418,25.3532,0.9867,2.2579
4419,25.4221,1.4725,2.4125
4420,25.491,1.9228,2.8034
4421,25.5599,1.2979,1.9946
4422,25.6288,0.5952,2.0866
4423,25.6976,0.4515,3.6966
4424,25.7665,1.074,3.0136
4425,25.8354,1.9467,2.1913
4426,25.9043,2.1333,3.2741
4427,25.9732,1.0389,3.3365
4428,26.0421,1.1701,2.7169
4429,26.111,1.7771,2.7677
4430,26.1799,3.2085,3.2541
4431,26.2488,3.4906,1.7569
4432,26.3177,3.0458,2.3148
4433,26.3866,3.0007,1.9022
4434,26.4555,3.01,2.8792
4435,26.5244,2.5017,3.7259
4436,26.5933,2.6879,2.4793
4437,26.6622,3.8868,2.4267
4438,26.7311,5.8971,2.1931
4439,26.8,7.1633,2.3223
4440,26.8689,8.388,1.751
4441,26.9377,8.1971,2.2806
4442,27.0066,9.8146,2.0653
4443,27.0755,10.1116,1.5517
4444,27.1444,7.724,2.1646
4445,27.2133,5.8013,2.2892
4446,27.2822,3.5305,2.3727
4447,27.3511,1.8372,1.761
4448,27.42,2.0186,1.6079
4449,27.4889,1.9231,2.5312
4450,27.5578,1.5383,2.4345
4451,27.6267,2.4379,2.1437
4452,27.6956,2.4713,2.6186
4453,27.7645,3.4848,2.8737
4454,27.8334,2.8981,2.5424
4455,27.9023,2.629,2.0376
4456,27.9712,2.7129,1.7493
4457,28.0401,2.8218,2.4116
4458,28.109,2.3831,2.2682
4459,28.1778,2.5915,1.9793
4460,28.2467,2.2331,2.2702
4461,28.3156,3.0187,1.783
4462,28.3845,3.8767,2.3431
4463,28.4534,4.7402,2.4494
4464,28.5223,4.395,2.1608
4465,28.5912,3.3673,3.1756
4466,28.6601,4.2428,2.5974
4467,28.729,3.3186,3.5399
4468,28.7979,4.5912,3.711
4469,28.8668,4.5669,2.9443
4470,28.9357,5.3591,3.6187
4471,29.0046,5.9406,3.0257
4472,29.0735,6.561,3.8631
4473,29.1424,12.0131,3.7208
4474,29.2113,15.4009,4.955
4475,29.2802,21.9462,8.8171
4476,29.3491,31.4179,11.3353
4477,29.4179,40.5617,16.6616
4478,29.4868,36.81,17.5092
4479,29.5557,27.041,15.622
4480,29.6246,18.3952,12.1083
4481,29.6935,10.9359,8.8431
4482,29.7624,8.2325,6.4365
4483,29.8313,7.9251,6.0222
4484,29.9002,7.1967,5.7033
4485,29.9691,7.9905,5.0426
4486,30.038,8.2098,5.4207
4487,30.1069,7.0182,5.1029
4488,30.1758,5.029,4.7742
4489,30.2447,4.0109,4.1831
4490,30.3136,3.445,3.888
4491,30.3825,2.5015,2.9677
4492,30.4514,2.4231,3.097
4493,30.5203,2.914,2.7008
4494,30.5892,4.1857,3.6438
4495,30.6581,7.3024,4.5944
4496,30.7269,10.8516,4.5066
4497,30.7958,11.4339,4.4882
4498,30.8647,11.8765,4.1034
4499,30.9336,10.6642,4.2352
4500,31.0025,10.7347,4.0468
4501,31.0714,7.9832,4.5062
4502,31.1403,7.2192,3.2028
4503,31.2092,6.9209,3.3238
4504,31.2781,7.6817,3.8778
4505,31.347,8.099,3.2521
4506,31.4159,8.9272,2.9935
4507,31.4848,10.792,2.8181
4508,31.5537,11.0504,3.5684
4509,31.6226,11.7551,2.8807
4510,31.6915,12.3672,3.4552
4511,31.7604,10.1692,2.8977
4512,31.8293,7.9084,2.434
4513,31.8982,9.6113,2.5357
4514,31.967,8.8535,2.798
4515,32.0359,7.2962,3.513
4516,32.1048,6.5585,3.6421
4517,32.1737,7.282,4.1881
4518,32.2426,11.5571,4.7469
4519,32.3115,13.7761,2.7173
4520,32.3804,17.3602,2.6687
4521,32.4493,20.5698,2.3833
4522,32.5182,29.4457,3.1758
4523,32.5871,37.1215,3.9279
4524,32.656,37.4901,4.8233
4525,32.7249,38.843,6.1257
4526,32.7938,39.7838,7.2589
4527,32.8627,37.1405,7.9018
4528,32.9316,33.2377,8.7787
4529,33.0005,23.6665,9.1196
4530,33.0694,22.1835,10.1323
4531,33.1383,21.7271,6.9669
4532,33.2071,16.5473,4.754
4533,33.276,15.8767,4.4546
4534,33.3449,13.7143,3.1542
4535,33.4138,10.3449,3.8734
4536,33.4827,12.0779,5.0268
4537,33.5516,12.7594,4.3195
4538,33.6205,15.8877,4.4148
4539,33.6894,14.8242,4.6774
4540,33.7583,14.5169,5.1163
4541,33.8272,18.0889,4.7626
4542,33.8961,19.8088,5.5239
4543,33.965,18.3836,4.9604
4544,34.0339,17.8257,6.1144
4545,34.1028,12.905,6.6085
4546,34.1717,9.5037,5.4489
4547,34.2406,7.6572,5.1299
4548,34.3095,7.5161,5.7778
4549,34.3784,9.0682,6.2476
4550,34.4472,10.7658,5.5454
4551,34.5161,11.3538,6.5011
4552,34.585,8.2953,5.2659
4553,34.6539,6.6361,4.5152
4554,34.7228,6.4948,3.93
4555,34.7917,9.4607,4.4091
4556,34.8606,12.337,5.0925
4557,34.9295,12.6594,4.2443
4558,34.9984,14.2118,3.2285
4559,35.0673,10.6682,4.4708
4560,35.1362,6.3842,5.2466
4561,35.2051,6.2814,6.1915
4562,35.274,4.6759,5.038
4563,35.3429,3.7151,5.4561
4564,35.4118,6.0165,4.7678
4565,35.4807,7.8667,5.2453
4566,35.5496,6.4041,5.6272
4567,35.6185,6.6316,4.7464
4568,35.6873,6.9775,6.336
4569,35.7562,7.7848,5.1877
4570,35.8251,6.0655,4.9106
4571,35.894,4.4219,4.7524
4572,35.9629,5.096,4.32
4573,36.0318,7.5531,4.9786
4574,36.1007,7.5864,4.9357
4575,36.1696,7.2626,4.6622
4576,36.2385,5.8039,4.8796
4577,36.3074,3.3346,4.1953
4578,36.3763,5.958,4.4246
4579,36.4452,6.8549,4.0679
4580,36.5141,5.3413,3.5383
4581,36.583,4.8028,3.3074
4582,36.6519,5.2163,4.1173
4583,36.7208,5.587,6.356
4584,36.7897,7.833,5.4372
4585,36.8586,7.7867,7.2495
4586,36.9274,8.6301,5.9947
4587,36.9963,7.9585,5.3887
4588,37.0652,8.9232,6.7509
4589,37.1341,8.0457,5.517
4590,37.203,9.1169,4.8959
4591,37.2719,9.5041,5.5156
4592,37.3408,7.4975,4.6098
4593,37.4097,6.7872,5.0616
4594,37.4786,7.1627,5.4546
4595,37.5475,8.5528,5.815
4596,37.6164,10.9689,6.1295
4597,37.6853,13.3629,6.6986
4598,37.7542,16.2126,7.5306
4599,37.8231,18.3317,8.5774
4600,37.892,16.5445,8.4296
4601,37.9609,15.9026,10.0108
4602,38.0298,16.7917,12.3216
4603,38.0987,21.5524,12.9587
4604,38.1675,21.2545,14.021
4605,38.2364,19.6354,11.529
4606,38.3053,17.1008,7.9115
4607,38.3742,12.3232,5.4591
4608,38.4431,11.983,5.35
4609,38.512,8.8119,5.8128
4610,38.5809,8.597,6.3026
4611,38.6498,9.1148,6.5069
4612,38.7187,8.1943,5.7206
4613,38.7876,7.1034,5.9414
4614,38.8565,7.7956,6.2995
4615,38.9254,6.5588,6.7663
4616,38.9943,8.8302,6.2967
4617,39.0632,12.2603,7.9803
4618,39.1321,16.301,9.389
4619,39.201,22.4619,11.7917
4620,39.2699,19.3604,13.3617
4621,39.3388,11.1584,11.2068
4622,39.4076,6.4219,10.2382
4623,39.4765,4.1067,6.8031
4624,39.5454,4.312,4.9518
4625,39.6143,3.6783,4.0266
4626,39.6832,3.6236,3.4992
4627,39.7521,5.5231,3.3527
4628,39.821,9.8502,4.5618
4629,39.8899,10.6545,4.8691
4630,39.9588,11.0237,6.1912
4631,40.0277,8.4036,6.0861
4632,40.0966,7.5045,6.3253
4633,40.1655,9.5106,6.8085
4634,40.2344,9.1343,5.7632
4635,40.3033,8.8727,5.6042
4636,40.3722,9.4678,6.2761
4637,40.4411,13.1163,5.7774
4638,40.51,16.0559,5.2282
4639,40.5789,16.5413,5.921
4640,40.6478,13.0633,5.8662
4641,40.7166,11.2951,5.5894
4642,40.7855,8.8419,4.8294
4643,40.8544,7.2708,3.7037
4644,40.9233,9.1955,2.6064
4645,40.9922,7.131,2.9902
4646,41.0611,8.0752,3.2634
4647,41.13,7.7596,4.0051
4648,41.1989,12.3247,5.2101
4649,41.2678,16.9694,5.2072
4650,41.3367,12.0153,6.0485
4651,41.4056,10.2813,6.202
4652,41.4745,8.5139,5.7711
4653,41.5434,6.6827,5.6595
4654,41.6123,6.8551,5.8866
4655,41.6812,5.8466,5.4541
4656,41.7501,5.1697,4.1303
4657,41.819,3.9345,6.1968
4658,41.8879,6.1409,7.1517
4659,41.9567,9.8751,7.5531
4660,42.0256,9.087,6.8446
4661,42.0945,10.8199,7.8186
4662,42.1634,12.9217,11.2018
4663,42.2323,16.4029,12.4503
4664,42.3012,15.0421,15.0936
4665,42.3701,20.149,16.2907
4666,42.439,24.4611,16.1029
4667,42.5079,28.4522,15.3925
4668,42.5768,28.874,15.3772
4669,42.6457,24.5067,13.4251
4670,42.7146,22.592,14.267
4671,42.7835,22.4931,12.575
4672,42.8524,20.2201,11.222
4673,42.9213,16.9606,9.1077
4674,42.9902,12.1593,6.7446
