,position (um),Ecad intensity,Abi intensity
0,0.0,23.6159,5.20586
1,0.0689,22.8285,5.28659
2,0.1378,23.1153,5.37045
3,0.2067,20.9499,5.64895
4,0.2756,19.2985,5.21432
5,0.3445,17.7573,3.72272
6,0.4134,18.8584,3.25603
7,0.4823,21.2941,2.40069
8,0.5512,19.5336,2.3878
9,0.6201,17.2855,3.51276
10,0.6889,15.8495,3.18801
11,0.7578,11.1851,3.3495
12,0.8267,10.0402,4.10081
13,0.8956,8.6531,3.80622
14,0.9645,8.9168,4.03854
15,1.0334,8.5898,3.25729
16,1.1023,8.9129,2.62355
17,1.1712,10.3779,2.61416
18,1.2401,10.5302,2.0983
19,1.309,7.851,2.16122
20,1.3779,6.7239,1.34412
21,1.4468,9.7813,1.43512
22,1.5157,9.6143,1.79515
23,1.5846,8.6615,3.00711
24,1.6535,10.5074,2.29327
25,1.7224,9.8545,1.70818
26,1.7913,10.3936,1.29238
27,1.8602,11.0784,0.98276
28,1.929,7.5455,0.66663
29,1.9979,7.4243,1.02305
30,2.0668,8.0456,1.14489
31,2.1357,8.7314,0.92038
32,2.2046,8.0973,0.77547
33,2.2735,9.1813,1.21769
34,2.3424,9.4297,1.37661
35,2.4113,9.0461,1.41061
36,2.4802,9.5924,1.63295
37,2.5491,11.107,1.74257
38,2.618,11.8795,2.36816
39,2.6869,11.2293,1.77113
40,2.7558,11.3028,1.62269
41,2.8247,10.4728,2.26092
42,2.8936,10.2494,2.68782
43,2.9625,9.1808,2.77262
44,3.0314,8.8804,3.1283
45,3.1003,11.3831,3.41881
46,3.1691,12.1052,4.17233
47,3.238,13.3454,3.74599
48,3.3069,16.8542,5.28358
49,3.3758,20.1429,7.18303
50,3.4447,20.9107,7.15101
51,3.5136,20.5577,6.03012
52,3.5825,19.0835,5.97516
53,3.6514,19.6965,4.18597
54,3.7203,20.3945,2.35122
55,3.7892,19.5658,1.41298
56,3.8581,17.2528,2.23024
57,3.927,19.2864,2.05456
58,3.9959,20.2287,1.67416
59,4.0648,18.3033,1.60857
60,4.1337,14.7421,1.66045
61,4.2026,12.4023,1.73159
62,4.2715,14.2209,1.25609
63,4.3404,14.4297,1.75572
64,4.4092,11.034,1.21285
65,4.4781,8.7929,1.36706
66,4.547,9.9474,1.60932
67,4.6159,10.5909,1.15573
68,4.6848,12.1057,1.28398
69,4.7537,9.852,0.91872
70,4.8226,10.3489,0.89461
71,4.8915,8.9187,1.21714
72,4.9604,8.3189,1.69648
73,5.0293,5.9734,1.17787
74,5.0982,5.5229,1.18418
75,5.1671,6.8376,0.91061
76,5.236,7.308,1.00264
77,5.3049,7.3835,1.33645
78,5.3738,6.664,1.67882
79,5.4427,7.7629,1.29686
80,5.5116,7.1798,1.73438
81,5.5805,8.4451,0.91444
82,5.6493,7.957,1.51432
83,5.7182,7.1587,1.2512
84,5.7871,8.1206,1.10323
85,5.856,9.0951,1.19751
86,5.9249,7.4747,1.63515
87,5.9938,9.8119,1.05482
88,6.0627,9.5248,1.04216
89,6.1316,10.17,0.72549
90,6.2005,10.3607,0.89069
91,6.2694,10.4666,1.05636
92,6.3383,11.7093,1.73466
93,6.4072,13.1432,1.98338
94,6.4761,11.9626,1.95785
95,6.545,16.589,2.10103
96,6.6139,14.592,1.78803
97,6.6828,16.1635,2.53412
98,6.7517,16.7401,2.8438
99,6.8206,16.2145,2.64091
100,6.8894,16.8182,2.83822
101,6.9583,15.4835,2.36111
102,7.0272,15.9943,2.33695
103,7.0961,16.0888,2.02536
104,7.165,18.4405,1.95867
105,7.2339,17.3973,2.90525
106,7.3028,16.9339,2.29629
107,7.3717,15.3861,2.41927
108,7.4406,18.7112,2.52468
109,7.5095,14.8817,3.12099
110,7.5784,14.5514,3.47838
111,7.6473,16.8535,3.26091
112,7.7162,19.456,3.15868
113,7.7851,16.8208,3.18884
114,7.854,17.8274,4.12239
115,7.9229,19.6024,5.67391
116,7.9918,17.1444,4.60288
117,8.0607,15.1632,4.08076
118,8.1296,13.7408,5.62976
119,8.1984,13.6865,5.72362
120,8.2673,13.624,4.48902
121,8.3362,12.4861,3.60716
122,8.4051,13.8588,3.31656
123,8.474,13.4618,2.75152
124,8.5429,12.078,2.01235
125,8.6118,13.3829,1.22766
126,8.6807,10.7656,1.14699
127,8.7496,9.9233,0.99886
128,8.8185,9.2948,1.05807
129,8.8874,10.0608,0.81271
130,8.9563,8.8519,0.70038
131,9.0252,10.1412,1.08824
132,9.0941,13.7215,0.4166
133,9.163,11.2367,0.59228
134,9.2319,11.8479,0.46784
135,9.3008,8.6939,0.56602
136,9.3697,6.9468,0.92467
137,9.4385,8.3833,0.45101
138,9.5074,8.5318,0.52498
139,9.5763,8.8552,0.32148
140,9.6452,9.0087,0.46129
141,9.7141,10.5778,0.33578
142,9.783,9.277,0.33029
143,9.8519,11.0187,0.66918
144,9.9208,11.5543,0.73959
145,9.9897,13.4501,0.92966
146,10.0586,13.6816,0.88162
147,10.1275,11.815,0.81145
148,10.1964,10.0768,0.53866
149,10.2653,9.936,0.52483
150,10.3342,8.8723,0.39434
151,10.4031,7.539,0.48459
152,10.472,7.2538,0.47335
153,10.5409,7.4822,0.39124
154,10.6098,8.4185,0.4677
155,10.6786,9.107,0.53321
156,10.7475,9.1771,0.57572
157,10.8164,7.504,0.34993
158,10.8853,7.8645,0.6039
159,10.9542,7.1231,0.53487
160,11.0231,7.9247,0.71799
161,11.092,7.3867,0.69783
162,11.1609,6.1468,0.47301
163,11.2298,6.6066,0.43929
164,11.2987,7.7104,0.47863
165,11.3676,6.9103,0.73868
166,11.4365,9.7092,0.51891
167,11.5054,11.2952,0.19931
168,11.5743,10.6779,0.6372
169,11.6432,10.2231,0.55611
170,11.7121,11.1812,0.56313
171,11.781,13.8893,0.6269
172,11.8499,15.1856,0.75273
173,11.9187,12.8077,0.39914
174,11.9876,10.9213,0.31886
175,12.0565,9.3561,0.50963
176,12.1254,10.5021,0.5856
177,12.1943,10.5206,1.30693
178,12.2632,10.8116,1.89378
179,12.3321,12.0621,2.08872
180,12.401,14.3555,2.45944
181,12.4699,14.0879,3.08637
182,12.5388,13.8811,3.72468
183,12.6077,14.4937,4.12665
184,12.6766,11.5971,3.91963
185,12.7455,12.9495,4.6142
186,12.8144,11.3046,4.29314
187,12.8833,11.8378,3.83431
188,12.9522,12.7858,2.74789
189,13.0211,10.6238,2.0787
190,13.09,8.2931,1.70432
191,13.1588,8.3579,1.30846
192,13.2277,6.6366,1.04135
193,13.2966,5.7237,0.68152
194,13.3655,6.5756,0.69417
195,13.4344,7.2082,0.68949
196,13.5033,7.008,0.8317
197,13.5722,7.6933,0.53488
198,13.6411,9.4987,0.67009
199,13.71,9.8472,0.41211
200,13.7789,9.3016,0.62364
201,13.8478,7.921,0.51404
202,13.9167,6.963,0.75328
203,13.9856,6.8626,0.81887
204,14.0545,6.3401,0.66218
205,14.1234,6.058,0.51513
206,14.1923,6.8605,0.37564
207,14.2612,5.7339,0.56089
208,14.3301,6.1814,0.71868
209,14.3989,5.2721,0.78534
210,14.4678,5.2513,0.65413
211,14.5367,5.5916,0.45756
212,14.6056,6.4343,0.45166
213,14.6745,7.3632,0.52768
214,14.7434,7.32,0.25146
215,14.8123,7.5748,0.54669
216,14.8812,4.4884,0.42098
217,14.9501,6.5523,0.38295
218,15.019,6.7692,0.59337
219,15.0879,6.6975,0.61373
220,15.1568,6.9121,0.84333
221,15.2257,7.8423,0.73319
222,15.2946,6.7531,0.29632
223,15.3635,7.0953,0.57443
224,15.4324,6.9273,0.53009
225,15.5013,6.887,0.83666
226,15.5702,6.0792,0.73346
227,15.6391,5.901,0.83116
228,15.7079,5.01,0.86795
229,15.7768,7.2279,0.78863
230,15.8457,7.4785,0.91234
231,15.9146,6.799,0.6345
232,15.9835,6.2621,0.93978
233,16.0524,7.7992,0.76932
234,16.1213,6.9641,0.79605
235,16.1902,8.7062,0.47397
236,16.2591,9.3482,0.39881
237,16.328,9.2231,0.48634
238,16.3969,11.0548,0.66714
239,16.4658,12.3412,0.77564
240,16.5347,15.5997,1.21616
241,16.6036,19.4694,1.13076
242,16.6725,21.0781,2.66274
243,16.7414,22.1595,3.06483
244,16.8103,21.4205,3.80974
245,16.8792,17.7708,3.56444
246,16.948,16.6409,2.95204
247,17.0169,16.1875,1.50817
248,17.0858,11.3884,1.15921
249,17.1547,10.879,1.04922
250,17.2236,9.3554,1.09894
251,17.2925,8.0393,0.75287
252,17.3614,8.8042,0.69337
253,17.4303,6.0816,1.06211
254,17.4992,6.1267,1.47104
255,17.5681,7.7134,1.0452
256,17.637,6.839,1.6655
257,17.7059,5.6054,1.62165
258,17.7748,7.3525,1.50889
259,17.8437,8.4045,1.44502
260,17.9126,10.2438,1.53753
261,17.9815,12.0402,1.86456
262,18.0504,13.2197,2.40342
263,18.1193,11.0689,2.18532
264,18.1881,9.7908,2.73859
265,18.257,9.3965,2.76982
266,18.3259,10.118,2.79994
267,18.3948,10.1626,2.73433
268,18.4637,14.4162,2.12649
269,18.5326,17.0611,2.56518
270,18.6015,18.1083,1.91513
271,18.6704,19.0422,3.21623
272,18.7393,15.9645,4.09061
273,18.8082,14.5178,5.18041
274,18.8771,15.1649,4.87297
275,18.946,13.7661,4.45222
276,19.0149,12.465,2.58282
277,19.0838,13.2145,1.93952
278,19.1527,15.0216,1.66492
279,19.2216,13.6471,1.28651
280,19.2905,10.89,0.91399
281,19.3594,9.5365,0.89123
282,19.4282,6.1434,0.90894
283,19.4971,7.0544,0.56755
284,19.566,6.3178,0.63904
285,19.6349,6.3848,0.75427
286,19.7038,7.2639,0.73373
287,19.7727,7.0379,0.94514
288,19.8416,6.4096,0.82915
289,19.9105,5.0646,0.83831
290,19.9794,3.8098,0.81036
291,20.0483,3.4446,0.64176
292,20.1172,5.2568,0.82637
293,20.1861,4.4161,0.74179
294,20.255,3.1076,1.17086
295,20.3239,3.5083,0.47975
296,20.3928,2.4556,0.57457
297,20.4617,2.7084,0.78637
298,20.5306,3.7954,0.86961
299,20.5995,3.9909,0.97425
300,20.6683,4.3871,1.3198
301,20.7372,6.8939,2.08067
302,20.8061,8.914,2.85982
303,20.875,9.7228,3.62372
304,20.9439,10.9134,4.35405
305,21.0128,12.1875,3.84474
306,21.0817,10.7543,2.81749
307,21.1506,7.3867,2.41024
308,21.2195,5.0487,1.95621
309,21.2884,4.7841,1.66358
310,21.3573,4.3191,1.74795
311,21.4262,4.8076,2.05155
312,21.4951,5.482,1.92066
313,21.564,4.9182,1.66351
314,21.6329,7.7749,1.86996
315,21.7018,10.7723,2.88556
316,21.7707,11.3939,3.15212
317,21.8396,12.4165,3.90261
318,21.9084,17.4088,4.68331
319,21.9773,18.1745,3.71795
320,22.0462,16.7717,3.38841
321,22.1151,16.0876,2.87702
322,22.184,18.4748,2.0525
323,22.2529,16.6459,1.76256
324,22.3218,18.1829,1.3362
325,22.3907,19.2222,2.08458
326,22.4596,19.3399,1.80986
327,22.5285,19.2145,2.09928
328,22.5974,17.3552,1.86049
329,22.6663,17.434,1.83107
330,22.7352,18.8521,1.65901
331,22.8041,16.3093,1.2332
332,22.873,15.4147,1.54089
333,22.9419,18.0573,1.38948
334,23.0108,15.5914,1.35854
335,23.0797,13.3194,1.68451
336,23.1486,11.8941,1.07163
337,23.2174,8.5828,0.61887
338,23.2863,8.8325,0.60448
339,23.3552,9.7994,0.61235
340,23.4241,9.0784,0.55807
341,23.493,9.7933,0.72568
342,23.5619,12.7944,0.88861
343,23.6308,11.9835,0.62466
344,23.6997,18.7275,0.59592
345,23.7686,18.2489,0.6864
346,23.8375,15.3051,0.81295
347,23.9064,13.6237,0.27827
348,23.9753,13.2098,0.50562
349,24.0442,14.7786,0.26267
350,24.1131,13.9563,0.32927
351,24.182,12.921,0.77137
352,24.2509,13.6313,1.16474
353,24.3198,13.9499,1.20321
354,24.3887,14.6015,1.03678
355,24.4575,12.6856,1.02591
356,24.5264,11.9542,0.98839
357,24.5953,9.626,0.60209
358,24.6642,9.6294,0.80185
359,24.7331,9.9369,0.66153
360,24.802,12.5093,0.93165
361,24.8709,13.671,0.93087
362,24.9398,12.2779,1.30175
363,25.0087,14.9826,1.44355
364,25.0776,14.2876,1.97987
365,25.1465,16.1639,2.51955
366,25.2154,19.786,2.54416
367,25.2843,18.8213,3.02396
368,25.3532,17.0424,4.1313
369,25.4221,18.6275,4.1292
370,25.491,22.9819,4.21261
371,25.5599,14.8807,4.09992
372,25.6288,18.1807,3.37242
373,25.6976,19.4485,3.21649
374,25.7665,24.6972,3.30872
375,25.8354,28.3616,4.69325
376,25.9043,25.5999,4.32863
377,25.9732,24.7135,3.66776
378,26.0421,19.8299,3.18576
379,26.111,13.1303,2.8305
380,26.1799,10.8683,2.13791
381,26.2488,9.7811,1.97401
382,26.3177,10.8165,1.35518
383,26.3866,11.3973,0.93323
384,26.4555,12.9552,1.16432
385,26.5244,14.4653,1.39453
386,26.5933,10.1652,1.02607
387,26.6622,8.3798,0.37423
388,26.7311,6.7532,0.32842
389,26.8,7.825,0.38282
390,26.8689,6.6191,0.6575
391,26.9377,8.5884,0.41038
392,27.0066,6.9494,0.63999
393,27.0755,6.3466,1.15952
394,27.1444,7.3094,1.30569
395,27.2133,7.1091,1.9764
396,27.2822,8.3829,1.8426
397,27.3511,8.5501,1.94588
398,27.42,8.4439,2.64949
399,27.4889,8.8123,2.12172
400,27.5578,8.5602,2.93325
401,27.6267,10.64,1.91788
402,27.6956,10.9301,1.45953
403,27.7645,10.8385,1.31041
404,27.8334,9.3829,1.22454
405,27.9023,7.9995,1.39337
406,27.9712,7.0526,1.02145
407,28.0401,6.2651,0.76645
408,28.109,5.7226,1.21068
409,28.1778,5.2715,1.67189
410,28.2467,3.9914,1.59072
411,28.3156,4.8328,1.0136
412,28.3845,4.5303,1.49318
413,28.4534,3.9505,1.40684
414,28.5223,4.4489,1.12175
415,28.5912,4.6212,1.50288
416,28.6601,6.1499,1.517
417,28.729,9.5415,1.74494
418,28.7979,9.082,1.86923
419,28.8668,11.2294,1.39829
420,28.9357,15.0055,1.34756
421,29.0046,16.0763,1.61116
422,29.0735,16.4656,1.33614
423,29.1424,16.3611,1.7783
424,29.2113,13.6296,1.71861
425,29.2802,11.3447,1.67927
426,29.3491,10.8287,2.31185
427,29.4179,13.488,1.7907
428,29.4868,12.3738,2.22134
429,29.5557,10.8879,2.33442
430,29.6246,13.7549,1.96915
431,29.6935,14.2607,1.87542
432,29.7624,17.5498,1.25139
433,29.8313,19.0735,1.81465
434,29.9002,21.3117,1.71242
435,29.9691,22.4483,1.8709
436,30.038,23.5385,1.70531
437,30.1069,28.9159,2.02915
438,30.1758,28.418,2.49646
439,30.2447,26.1692,2.52966
440,30.3136,23.7848,2.08992
441,30.3825,20.6124,1.07095
442,30.4514,19.5153,0.59213
443,30.5203,16.6986,0.76798
444,30.5892,16.9783,0.82338
445,30.6581,14.7817,1.15923
446,30.7269,14.6506,1.26588
447,30.7958,14.1859,0.77279
448,30.8647,15.3446,0.65662
449,30.9336,17.0363,0.70562
450,31.0025,14.9251,0.67485
451,31.0714,14.9681,1.20975
452,31.1403,16.0896,1.15967
453,31.2092,15.6541,0.84438
454,31.2781,15.2767,0.7735
455,31.347,12.1073,0.91112
456,31.4159,12.4721,0.87323
457,31.4848,13.0708,1.06132
458,31.5537,13.9465,0.79862
459,31.6226,17.8845,1.22264
460,31.6915,16.8157,1.04869
461,31.7604,13.8749,1.29866
462,31.8293,11.5239,0.41329
463,31.8982,10.3453,0.83145
464,31.967,10.845,0.93633
465,32.0359,13.5904,0.91988
466,32.1048,8.1215,0.84505
467,32.1737,11.808,0.88867
468,32.2426,15.8618,1.10935
469,32.3115,13.4945,1.4639
470,32.3804,16.5375,1.32196
471,32.4493,16.4645,1.71373
472,32.5182,15.6643,1.37446
473,32.5871,15.3088,1.28956
474,32.656,17.5642,1.09838
475,32.7249,20.3212,1.24154
476,32.7938,22.0174,1.6533
477,32.8627,20.0894,2.22328
478,32.9316,16.907,3.35802
479,33.0005,15.8871,4.42533
480,33.0694,19.3041,4.99212
481,33.1383,22.596,5.02769
482,33.2071,24.4117,5.21932
483,33.276,22.1032,4.87449
484,33.3449,17.1789,4.775
485,33.4138,17.5133,4.14179
486,33.4827,16.8888,3.89851
487,33.5516,16.6567,2.81421
488,33.6205,16.2137,2.93774
489,33.6894,16.5695,4.1387
490,33.7583,15.8024,3.72258
491,33.8272,16.1157,4.20446
492,33.8961,17.0449,3.94171
493,33.965,16.0697,3.68356
494,34.0339,14.6385,3.08926
495,34.1028,14.045,2.41444
496,34.1717,14.0669,1.55513
497,34.2406,15.3868,1.40227
498,34.3095,15.7734,1.74847
499,34.3784,15.337,0.98255
500,34.4472,15.0784,1.14635
501,34.5161,14.0674,1.31279
502,34.585,15.1035,1.20938
503,34.6539,15.0707,1.26365
504,34.7228,11.4592,0.74436
505,34.7917,10.2995,1.56886
506,34.8606,9.3788,0.90544
507,34.9295,10.2974,0.94183
508,34.9984,12.0614,1.48692
509,35.0673,12.061,1.85748
510,35.1362,14.4051,1.0394
511,35.2051,13.9143,1.26694
512,35.274,15.2981,1.82075
513,35.3429,15.7439,1.48604
514,35.4118,13.3707,0.94197
515,35.4807,14.1218,1.0638
516,35.5496,12.8547,0.75347
517,35.6185,11.235,0.79164
518,35.6873,11.0259,0.80496
519,35.7562,13.343,0.7857
520,35.8251,14.4013,0.75293
521,35.894,13.7728,0.93297
522,35.9629,15.332,1.11157
523,36.0318,16.3349,0.9673
524,36.1007,15.5914,1.55743
525,36.1696,16.4977,1.49529
526,36.2385,21.2233,1.78791
527,36.3074,24.234,2.31677
528,36.3763,22.5163,2.95835
529,36.4452,25.7387,4.223
530,36.5141,25.4146,4.95817
531,36.583,21.4055,4.98188
532,36.6519,18.161,3.88632
533,36.7208,17.1208,3.06835
534,36.7897,17.7795,2.70754
535,36.8586,15.2376,2.87288
536,36.9274,12.575,2.72473
537,36.9963,11.1507,2.3358
538,37.0652,11.1383,1.86122
539,37.1341,10.1675,1.81214
540,37.203,10.1644,1.65499
541,37.2719,8.9567,1.76556
542,37.3408,8.6638,1.60863
543,37.4097,9.4498,1.24068
544,37.4786,9.1747,1.46814
545,37.5475,10.2534,1.44974
546,37.6164,9.4247,1.40309
547,37.6853,10.8765,1.72515
548,37.7542,11.0816,2.00271
549,37.8231,13.0722,2.28065
550,37.892,15.272,1.80752
551,37.9609,18.1216,1.92375
552,38.0298,16.2722,2.24458
553,38.0987,13.916,1.0889
554,38.1675,12.3557,1.27002
555,38.2364,12.1426,1.8474
556,38.3053,13.3381,1.5855
557,38.3742,14.7232,1.63413
558,38.4431,14.5941,2.12013
559,38.512,12.0593,2.67748
560,38.5809,10.8973,3.05546
561,38.6498,10.2328,1.94594
562,38.7187,7.1467,1.50439
563,38.7876,6.8603,1.75172
564,38.8565,7.8683,1.96979
565,38.9254,8.2655,2.19095
566,38.9943,8.9331,1.71455
567,39.0632,10.6905,1.93449
568,39.1321,12.695,1.67499
569,39.201,13.3546,1.29414
570,39.2699,13.3819,0.92917
571,39.3388,13.5937,0.74721
572,39.4076,11.305,0.92402
573,39.4765,11.0574,1.19529
574,39.5454,9.5715,0.88213
575,39.6143,10.9411,1.17582
576,39.6832,11.8759,1.27822
577,39.7521,12.8582,1.05171
578,39.821,12.6945,1.06837
579,39.8899,10.3902,0.7505
580,39.9588,11.3257,1.12862
581,40.0277,10.1156,1.64211
582,40.0966,9.4657,1.7755
583,40.1655,13.185,1.81485
584,40.2344,14.8227,1.6108
585,40.3033,14.739,1.6502
586,40.3722,11.6732,1.28513
587,40.4411,12.5181,1.5632
588,40.51,11.3432,1.76138
589,40.5789,10.0123,1.47634
590,40.6478,8.9059,1.54483
591,40.7166,11.7387,1.92654
592,40.7855,14.0105,1.35376
593,40.8544,16.6216,1.63696
594,40.9233,18.4159,1.55213
595,40.9922,18.5053,2.01117
596,41.0611,21.2193,2.50103
597,41.13,21.5084,3.26322
598,41.1989,22.3616,3.84771
599,41.2678,21.6626,3.86845
600,41.3367,19.778,4.09554
601,41.4056,19.1437,3.43845
602,41.4745,18.6525,2.85234
603,41.5434,20.2524,2.48613
604,41.6123,21.4911,2.9318
605,41.6812,21.4933,2.69533
606,41.7501,16.9557,2.2576
607,41.819,15.8067,2.32865
608,41.8879,14.3384,2.076
609,41.9567,10.3933,1.88259
610,42.0256,10.0219,1.76504
611,42.0945,8.5453,1.8966
612,42.1634,9.32,1.85859
613,42.2323,8.7906,1.03232
614,42.3012,9.5275,0.90757
615,42.3701,7.8878,1.39553
616,42.439,8.2276,1.21788
617,42.5079,7.3585,1.23975
618,42.5768,7.1756,1.03902
619,42.6457,7.1179,0.63509
620,42.7146,5.8322,0.78344
621,42.7835,4.5629,0.80101
622,42.8524,5.0208,1.0437
623,42.9213,6.9376,1.44558
624,42.9902,6.2566,1.05529
625,43.0591,7.5979,1.36348
626,43.128,8.6826,0.91546
627,43.1968,7.1219,0.90113
628,43.2657,8.0551,1.41563
629,43.3346,10.1641,1.16309
630,43.4035,10.3579,0.96267
631,43.4724,12.7191,0.71075
632,43.5413,11.8565,0.88917
633,43.6102,13.2552,1.41858
634,43.6791,6.1497,1.24797
635,43.748,7.3802,0.45474
636,43.8169,6.3167,0.60525
637,43.8858,5.7477,0.56758
638,43.9547,4.0705,0.70899
639,44.0236,4.319,0.44466
640,44.0925,5.344,0.28386
641,44.1614,5.0705,0.57309
642,44.2303,4.7374,0.56816
643,44.2992,3.4763,0.77314
644,44.3681,5.5938,0.58434
645,44.437,8.0929,0.70779
646,44.5058,7.795,0.57794
647,44.5747,7.2434,0.52689
648,44.6436,7.234,0.63932
649,44.7125,5.4726,1.00939
650,44.7814,6.2985,0.85793
651,44.8503,6.042,1.13514
652,44.9192,4.2344,1.18907
653,44.9881,4.4283,0.64469
654,45.057,4.4107,0.67211
655,45.1259,3.6863,1.20385
656,45.1948,4.5256,0.81411
657,45.2637,5.7422,1.1944
658,45.3326,5.785,0.77502
659,45.4015,8.4333,1.25487
660,45.4704,9.6227,2.62094
661,45.5393,8.8489,4.22056
662,45.6082,8.4845,4.46995
663,45.6771,10.1586,3.90369
664,45.7459,10.39,2.48353
665,45.8148,11.5916,2.54478
666,45.8837,11.0777,2.39537
667,45.9526,6.9113,2.38479
668,46.0215,8.4942,2.04079
669,46.0904,11.4721,2.32081
670,46.1593,14.5354,2.15699
671,46.2282,17.6681,2.52887
672,46.2971,19.2738,2.15738
673,46.366,22.5763,2.26217
674,46.4349,23.0604,1.91756
675,46.5038,21.0425,2.26036
676,46.5727,19.9607,1.43585
677,46.6416,19.6174,0.97712
678,46.7105,18.7767,1.163
679,46.7794,15.6754,1.02038
680,46.8483,13.278,1.20503
681,46.9172,14.0868,1.151
682,46.986,12.733,1.01495
683,47.0549,13.5931,0.91176
684,47.1238,10.0034,0.89042
685,47.1927,9.8373,1.03632
686,47.2616,10.4562,1.03025
687,47.3305,10.3487,0.92263
688,47.3994,10.0624,0.8522
689,47.4683,9.924,0.76916
690,47.5372,11.7683,0.9098
691,47.6061,10.3244,1.01291
692,47.675,10.956,1.09078
693,47.7439,8.9951,1.10874
694,47.8128,9.5151,0.83918
695,47.8817,9.0405,1.09958
696,47.9506,9.8681,0.72292
697,48.0195,10.0737,1.26839
698,48.0884,12.1658,1.25783
699,48.1573,11.1455,1.01528
700,48.2261,10.9733,1.23396
701,48.295,9.0809,0.93502
702,48.3639,7.8119,1.23942
703,48.4328,5.9953,1.00446
704,48.5017,7.251,0.75744
705,48.5706,7.4849,0.78525
706,48.6395,7.8253,1.00842
707,48.7084,7.1659,0.7138
708,48.7773,7.0462,0.96785
709,48.8462,7.787,0.33154
710,48.9151,8.3769,0.71542
711,48.984,10.3775,0.80659
712,49.0529,10.3208,0.61896
713,49.1218,8.6476,0.71673
714,49.1907,8.7078,0.86073
715,49.2596,11.4606,1.01301
716,49.3285,12.5048,1.22209
717,49.3974,14.5559,1.24009
718,49.4662,14.9392,1.28073
719,49.5351,16.1908,1.66144
720,49.604,16.9435,1.16555
721,49.6729,19.309,1.62365
722,49.7418,18.1142,1.63867
723,49.8107,18.7203,2.5814
724,49.8796,18.3907,3.44467
725,49.9485,15.5725,3.30709
726,50.0174,15.0185,2.76976
727,50.0863,15.2889,2.97621
728,50.1552,13.152,2.58774
729,50.2241,16.2079,2.39465
730,50.293,14.208,2.2835
731,50.3619,16.149,1.90113
732,50.4308,18.1924,1.82905
733,50.4997,17.019,1.6286
734,50.5686,14.6836,2.28117
735,50.6375,17.468,3.06537
736,50.7063,17.6888,3.63341
737,50.7752,19.2551,3.10416
738,50.8441,16.6139,3.66415
739,50.913,17.0791,3.18764
740,50.9819,13.1621,3.94279
741,51.0508,13.4877,3.18736
742,51.1197,12.6609,3.12844
743,51.1886,15.1735,3.30416
744,51.2575,14.4603,3.15513
745,51.3264,12.8994,2.40237
746,51.3953,15.0754,1.91369
747,51.4642,12.6199,1.92966
748,51.5331,9.4222,1.0205
749,51.602,6.3445,1.08722
750,51.6709,7.6105,1.03077
751,51.7398,11.0785,0.93108
752,51.8087,10.4807,1.19195
753,51.8776,13.3869,1.04867
754,51.9464,15.6705,0.98855
755,52.0153,15.9653,1.43627
756,52.0842,15.443,1.20275
757,52.1531,16.1024,1.1714
758,52.222,17.6091,0.97776
759,52.2909,16.597,0.83191
760,52.3598,17.5474,1.19753
761,52.4287,15.6162,1.30352
762,52.4976,12.8399,1.20181
763,52.5665,13.746,1.01327
764,52.6354,15.3586,1.1793
765,52.7043,11.2403,1.46106
766,52.7732,11.9694,1.42833
767,52.8421,12.9648,2.43858
768,52.911,12.1472,2.67659
769,52.9799,12.7309,1.81166
770,53.0488,13.252,1.92722
771,53.1177,13.9421,1.91247
772,53.1866,14.2052,2.14394
773,53.2554,14.4159,1.5619
774,53.3243,16.5988,1.1667
775,53.3932,15.692,1.02168
776,53.4621,14.9446,0.83007
777,53.531,12.3262,0.7935
778,53.5999,9.9822,0.85035
779,53.6688,10.1919,1.34181
780,53.7377,13.0289,1.65031
781,53.8066,14.9279,1.29218
782,53.8755,18.4074,1.35747
783,53.9444,16.9066,1.20393
784,54.0133,17.1834,1.17092
785,54.0822,13.5637,1.40232
786,54.1511,11.7552,0.68466
787,54.22,15.3604,0.84927
788,54.2889,14.7973,0.81112
789,54.3578,13.7263,1.27993
790,54.4267,13.7381,2.18564
791,54.4955,14.4421,3.87158
792,54.5644,14.1395,3.48832
793,54.6333,14.2395,2.83465
794,54.7022,13.838,2.98093
795,54.7711,15.6691,2.58894
796,54.84,16.5764,2.14591
797,54.9089,20.1946,1.68255
798,54.9778,20.4015,1.41233
799,55.0467,18.6416,1.16972
942,0.0,18.976,3.59544
943,0.0689,18.2489,3.57225
944,0.1378,20.5486,3.6168
945,0.2067,17.8897,3.13372
946,0.2756,16.7898,2.45686
947,0.3445,16.1381,2.5483
948,0.4134,13.9824,1.72623
949,0.4823,15.8319,1.75453
950,0.5512,14.0631,1.86389
951,0.6201,15.0549,1.92813
952,0.6889,15.2431,2.07337
953,0.7578,14.902,1.7731
954,0.8267,15.6219,1.46061
955,0.8956,16.7106,1.71258
956,0.9645,18.3195,1.49848
957,1.0334,15.0271,2.14387
958,1.1023,12.4063,2.10843
959,1.1712,13.1618,2.15436
960,1.2401,15.5974,1.92753
961,1.309,14.8406,2.06001
962,1.3779,16.5023,2.35722
963,1.4468,20.5417,2.34834
964,1.5157,23.7848,3.0345
965,1.5846,24.1376,3.676
966,1.6535,24.7938,3.81999
967,1.7224,21.3508,3.64301
968,1.7913,17.8786,3.68384
969,1.8602,19.0805,3.79597
970,1.929,17.3761,2.61005
971,1.9979,14.8073,2.49227
972,2.0668,14.9048,2.174
973,2.1357,14.17,2.28451
974,2.2046,12.0181,1.39542
975,2.2735,10.3319,1.18432
976,2.3424,9.4148,1.2522
977,2.4113,10.7664,1.57846
978,2.4802,11.0937,1.49129
979,2.5491,10.5983,1.73359
980,2.618,13.8983,1.66759
981,2.6869,16.0341,1.36328
982,2.7558,18.589,1.5864
983,2.8247,14.2354,1.65958
984,2.8936,11.0318,2.1831
985,2.9625,8.1385,2.1696
986,3.0314,9.018,2.01179
987,3.1003,9.6918,2.30698
988,3.1691,9.2104,2.0385
989,3.238,8.3001,2.46123
990,3.3069,7.2,1.97722
991,3.3758,6.7694,1.25346
992,3.4447,6.8055,1.7449
993,3.5136,7.2675,1.42774
994,3.5825,6.3371,1.20839
995,3.6514,7.658,1.11188
996,3.7203,10.583,1.50688
997,3.7892,11.1803,1.45612
998,3.8581,10.1599,1.66037
999,3.927,9.5596,2.19441
1000,3.9959,8.1856,3.30797
1001,4.0648,8.565,3.76148
1002,4.1337,11.058,3.72875
1003,4.2026,9.7382,2.87784
1004,4.2715,10.5686,2.43839
1005,4.3404,10.8142,2.32397
1006,4.4092,11.2686,2.29231
1007,4.4781,12.4735,2.79066
1008,4.547,15.0467,3.48656
1009,4.6159,15.6603,3.24441
1010,4.6848,15.1214,3.5637
1011,4.7537,12.0676,3.15449
1012,4.8226,12.0005,1.58486
1013,4.8915,13.3603,1.91706
1014,4.9604,9.4951,1.6972
1015,5.0293,8.5885,1.84223
1016,5.0982,7.2604,1.46135
1017,5.1671,6.1564,1.19172
1018,5.236,6.9119,2.28416
1019,5.3049,7.3866,1.67703
1020,5.3738,7.8393,1.72534
1021,5.4427,9.2172,1.93152
1022,5.5116,10.9674,2.26498
1023,5.5805,12.173,1.77733
1024,5.6493,12.6955,1.37682
1025,5.7182,11.0513,1.51561
1026,5.7871,9.2436,1.77923
1027,5.856,11.2493,2.07001
1028,5.9249,10.2974,2.32404
1029,5.9938,10.5083,2.99891
1030,6.0627,10.5823,2.39225
1031,6.1316,11.1434,2.06492
1032,6.2005,10.2483,2.18951
1033,6.2694,11.8677,2.20104
1034,6.3383,11.1135,2.2953
1035,6.4072,10.8509,2.23063
1036,6.4761,11.1821,2.14046
1037,6.545,9.8909,1.85766
1038,6.6139,11.9944,2.22886
1039,6.6828,12.1036,1.78623
1040,6.7517,14.453,2.16073
1041,6.8206,17.1186,2.48612
1042,6.8894,16.3751,3.16902
1043,6.9583,17.2384,3.52204
1044,7.0272,19.4765,3.90761
1045,7.0961,17.743,4.01936
1046,7.165,19.3221,4.29549
1047,7.2339,17.3794,4.60077
1048,7.3028,15.8444,4.01079
1049,7.3717,11.8434,3.11924
1050,7.4406,10.092,3.06156
1051,7.5095,9.1917,2.48959
1052,7.5784,7.5904,2.32992
1053,7.6473,6.1385,1.14162
1054,7.7162,7.4432,1.28301
1055,7.7851,8.1428,1.29931
1056,7.854,7.465,0.52726
1057,7.9229,9.0683,0.47619
1058,7.9918,7.0331,0.88188
1059,8.0607,6.6433,0.57435
1060,8.1296,7.4796,0.45252
1061,8.1984,8.2558,0.88964
1062,8.2673,9.959,1.28402
1063,8.3362,10.7809,2.01786
1064,8.4051,8.3591,1.05097
1065,8.474,9.0362,1.40458
1066,8.5429,9.4865,1.08058
1067,8.6118,8.9986,0.64928
1068,8.6807,10.4533,0.8879
1069,8.7496,9.7783,0.60334
1070,8.8185,9.2543,0.59397
1071,8.8874,9.7555,0.65918
1072,8.9563,11.0099,0.4263
1073,9.0252,11.8865,0.74565
1074,9.0941,11.1008,1.03064
1075,9.163,10.1933,1.22446
1076,9.2319,9.408,0.85682
1077,9.3008,10.9839,0.85378
1078,9.3697,13.7142,1.03962
1079,9.4385,11.4514,0.96881
1080,9.5074,11.5289,0.80212
1081,9.5763,12.2331,0.79179
1082,9.6452,12.3007,0.75194
1083,9.7141,15.7428,0.9311
1084,9.783,18.2233,1.19577
1085,9.8519,14.4471,1.03921
1086,9.9208,15.806,1.2857
1087,9.9897,16.8509,1.23547
1088,10.0586,14.9777,1.63669
1089,10.1275,14.9403,1.15122
1090,10.1964,16.8352,1.22989
1091,10.2653,15.7787,0.90628
1092,10.3342,14.3453,0.82018
1093,10.4031,13.1543,0.75165
1094,10.472,16.5376,0.92988
1095,10.5409,16.6268,0.93528
1096,10.6098,16.5504,1.0959
1097,10.6786,16.9191,0.99395
1098,10.7475,16.5637,0.70928
1099,10.8164,14.0776,0.628
1100,10.8853,11.75,0.95108
1101,10.9542,11.4426,1.12111
1102,11.0231,11.4355,1.25901
1103,11.092,11.3715,0.76672
1104,11.1609,16.0746,1.1103
1105,11.2298,14.6235,0.81104
1106,11.2987,14.7518,0.69905
1107,11.3676,19.2697,0.70029
1108,11.4365,19.1751,1.58756
1109,11.5054,19.7425,2.21481
1110,11.5743,14.0984,2.95911
1111,11.6432,10.569,2.64936
1112,11.7121,10.5654,2.84075
1113,11.781,11.0117,3.93112
1114,11.8499,12.8822,3.56441
1115,11.9187,20.6434,2.62277
1116,11.9876,22.0263,2.84347
1117,12.0565,23.4516,3.55471
1118,12.1254,22.5357,4.3777
1119,12.1943,20.2235,4.04707
1120,12.2632,17.1315,3.15795
1121,12.3321,14.2632,2.34982
1122,12.401,11.8185,1.85373
1123,12.4699,10.7587,2.11557
1124,12.5388,9.6484,2.20933
1125,12.6077,10.8284,2.32545
1126,12.6766,12.4003,2.6638
1127,12.7455,16.9872,2.58941
1128,12.8144,18.3682,2.36234
1129,12.8833,22.0203,2.17339
1130,12.9522,25.0793,2.63866
1131,13.0211,24.037,2.82238
1132,13.09,21.6661,3.00154
1133,13.1588,15.6579,2.5141
1134,13.2277,14.0401,1.7503
1135,13.2966,13.993,1.66669
1136,13.3655,12.7196,1.23301
1137,13.4344,14.6722,1.48379
1138,13.5033,13.8949,0.91558
1139,13.5722,13.2045,0.89629
1140,13.6411,14.1987,0.80394
1141,13.71,12.3139,0.78406
1142,13.7789,8.1759,0.63191
1143,13.8478,6.8789,0.51215
1144,13.9167,6.6855,0.60964
1145,13.9856,6.2943,1.02221
1146,14.0545,5.155,0.91574
1147,14.1234,4.8277,0.62956
1148,14.1923,5.7813,0.57887
1149,14.2612,7.0623,0.63515
1150,14.3301,6.3234,0.70701
1151,14.3989,5.6291,0.81732
1152,14.4678,8.6046,0.67327
1153,14.5367,6.3154,0.44936
1154,14.6056,6.7264,0.62679
1155,14.6745,7.5688,0.9319
1156,14.7434,7.7264,0.94547
1157,14.8123,8.2765,1.02909
1158,14.8812,10.804,0.996
1159,14.9501,11.1565,1.03778
1160,15.019,11.2272,1.21527
1161,15.0879,11.9632,0.9525
1162,15.1568,12.4306,1.20233
1163,15.2257,13.6458,1.5318
1164,15.2946,13.9345,1.69852
1165,15.3635,14.1692,1.66266
1166,15.4324,13.8002,1.49443
1167,15.5013,14.987,2.53185
1168,15.5702,16.3697,1.95576
1169,15.6391,18.5514,2.19902
1170,15.7079,17.3342,2.92744
1171,15.7768,17.3527,2.45692
1172,15.8457,20.4253,2.49281
1173,15.9146,20.3861,2.73643
1174,15.9835,20.3544,3.29962
1175,16.0524,19.5644,3.29643
1176,16.1213,22.663,3.61891
1177,16.1902,20.9871,5.09733
1178,16.2591,22.0463,5.82653
1179,16.328,23.0524,6.10609
1180,16.3969,21.4815,6.10493
1181,16.4658,18.8509,4.75983
1182,16.5347,20.2702,4.26141
1183,16.6036,18.5312,2.34936
1184,16.6725,18.8817,2.06534
1185,16.7414,16.4812,1.86562
1186,16.8103,14.4694,1.79363
1187,16.8792,18.0512,1.65914
1188,16.948,19.4439,1.92309
1189,17.0169,19.6522,2.33806
1190,17.0858,21.1019,2.6123
1191,17.1547,17.8218,3.18184
1192,17.2236,18.5531,3.67863
1193,17.2925,17.6096,4.89505
1194,17.3614,13.7937,5.58918
1195,17.4303,10.5106,6.77163
1196,17.4992,8.609,6.40838
1197,17.5681,10.9151,5.72675
1198,17.637,8.5874,4.32769
1199,17.7059,7.3463,3.93805
1200,17.7748,8.1271,4.17979
1201,17.8437,9.9154,4.38857
1202,17.9126,7.3867,3.63029
1203,17.9815,7.1319,3.62619
1204,18.0504,5.962,4.16408
1205,18.1193,5.8837,4.34744
1206,18.1881,7.2149,3.53007
1207,18.257,8.1954,3.06055
1208,18.3259,7.1126,2.47342
1209,18.3948,8.686,2.55273
1210,18.4637,7.1757,2.11388
1211,18.5326,6.7449,2.27737
1212,18.6015,7.0938,2.86807
1213,18.6704,9.2216,2.81054
1214,18.7393,12.6138,1.59136
1215,18.8082,13.4196,1.54778
1216,18.8771,11.7431,1.7918
1217,18.946,10.7972,1.66317
1218,19.0149,10.1776,1.91544
1219,19.0838,12.1155,0.86448
1220,19.1527,14.339,1.46174
1221,19.2216,12.0371,1.26912
1222,19.2905,13.5724,2.24516
1223,19.3594,13.5995,1.7637
1224,19.4282,13.1734,2.00943
1225,19.4971,11.6827,2.47362
1226,19.566,11.0243,2.28911
1227,19.6349,13.4154,1.55079
1228,19.7038,15.8757,2.20972
1229,19.7727,13.5735,1.79767
1230,19.8416,14.2597,1.57634
1231,19.9105,15.4279,0.96627
1232,19.9794,16.4168,1.11647
1233,20.0483,15.7811,1.43056
1234,20.1172,17.4468,1.75276
1235,20.1861,16.5165,1.79683
1236,20.255,13.1986,1.7932
1237,20.3239,12.1588,2.21909
1238,20.3928,11.8999,2.36606
1239,20.4617,10.8073,2.42576
1240,20.5306,12.4414,2.56914
1241,20.5995,13.2723,2.19338
1242,20.6683,14.6268,2.62678
1243,20.7372,14.1548,2.86147
1244,20.8061,16.8935,2.48322
1245,20.875,14.9831,2.72799
1246,20.9439,16.2282,3.01071
1247,21.0128,14.2856,3.14639
1248,21.0817,14.1724,3.5081
1249,21.1506,18.008,3.50422
1250,21.2195,17.8259,3.21277
1251,21.2884,19.1824,3.57389
1252,21.3573,18.0738,4.3179
1253,21.4262,18.342,4.63387
1254,21.4951,18.8596,3.26666
1255,21.564,15.7185,2.51297
1256,21.6329,16.7504,1.67048
1257,21.7018,18.5834,1.59683
1258,21.7707,16.2073,1.09284
1259,21.8396,15.8904,1.42508
1260,21.9084,15.0012,1.84576
1261,21.9773,14.0644,1.88703
1262,22.0462,12.5706,1.74837
1263,22.1151,12.7829,2.32666
1264,22.184,11.0354,2.66765
1265,22.2529,10.7724,1.89713
1266,22.3218,9.9107,2.23115
1267,22.3907,10.908,3.04107
1268,22.4596,12.7496,3.10038
1269,22.5285,13.1866,2.99358
1270,22.5974,16.1486,2.2246
1271,22.6663,16.6852,2.91626
1272,22.7352,17.7762,3.15799
1273,22.8041,18.6782,2.524
1274,22.873,18.6098,3.26753
1275,22.9419,19.3584,3.70693
1276,23.0108,20.8179,3.32172
1277,23.0797,20.4883,3.4135
1278,23.1486,18.0326,3.17054
1279,23.2174,16.4853,3.0547
1280,23.2863,17.7482,3.96384
1281,23.3552,14.3683,3.24176
1282,23.4241,15.4308,2.99477
1283,23.493,11.9562,2.91053
1284,23.5619,11.2253,3.31236
1285,23.6308,11.9918,3.29835
1286,23.6997,12.0115,2.46587
1287,23.7686,13.9543,1.97348
1288,23.8375,13.5961,1.89417
1289,23.9064,11.8884,1.72406
1290,23.9753,11.545,2.02218
1291,24.0442,9.9863,1.72087
1292,24.1131,10.0839,1.03158
1293,24.182,10.872,1.06179
1294,24.2509,11.8498,0.6862
1295,24.3198,12.9173,0.97632
1296,24.3887,12.0242,0.85502
1297,24.4575,12.0656,0.78345
1298,24.5264,9.7101,0.37626
1299,24.5953,9.9928,0.60032
1300,24.6642,11.1518,0.95291
1301,24.7331,12.3929,0.94934
1302,24.802,9.8414,0.84654
1303,24.8709,12.2125,0.75971
1304,24.9398,11.6339,0.89599
1305,25.0087,13.268,0.99868
1306,25.0776,14.6667,1.28272
1307,25.1465,11.771,1.54769
1308,25.2154,13.6486,1.66698
1309,25.2843,13.7715,1.25589
1310,25.3532,11.3111,2.11259
1311,25.4221,9.9709,1.44479
1312,25.491,10.7957,1.61702
1313,25.5599,11.6404,1.53374
1314,25.6288,10.9496,1.11833
1315,25.6976,10.2599,1.07838
1316,25.7665,8.0385,1.06272
1317,25.8354,10.4283,1.19206
1318,25.9043,11.2373,1.01141
1319,25.9732,10.3125,1.23257
1320,26.0421,11.5617,1.42243
1321,26.111,13.1541,2.04378
1322,26.1799,14.9473,2.5284
1323,26.2488,14.0822,2.61386
1324,26.3177,12.2128,2.80471
1325,26.3866,11.398,2.79266
1326,26.4555,12.6134,2.81828
1327,26.5244,16.82,2.50466
1328,26.5933,21.3619,1.92915
1329,26.6622,20.0425,1.96447
1330,26.7311,21.2793,2.63548
1331,26.8,21.5869,2.88905
1332,26.8689,21.3506,2.31481
1333,26.9377,20.1893,2.70171
1334,27.0066,18.5263,3.77962
1335,27.0755,15.2421,4.14191
1336,27.1444,14.8074,4.91389
1337,27.2133,18.2482,4.56515
1338,27.2822,20.3737,5.50175
1339,27.3511,21.3058,5.18845
1340,27.42,21.7228,4.87197
1341,27.4889,20.5261,4.62131
1342,27.5578,16.6476,3.97737
1343,27.6267,14.7199,4.72845
1344,27.6956,15.9322,4.0087
1345,27.7645,14.8608,3.39164
1346,27.8334,14.5357,3.91117
1347,27.9023,16.1982,2.868
1348,27.9712,16.0789,2.84327
1349,28.0401,16.1806,3.192
1350,28.109,14.5918,2.98193
1351,28.1778,10.9204,2.20785
1352,28.2467,8.0018,2.00763
1353,28.3156,7.2548,2.48786
1354,28.3845,9.0402,2.74415
1355,28.4534,11.623,2.84987
1356,28.5223,9.731,2.85489
1357,28.5912,10.8908,3.13601
1358,28.6601,10.2488,2.60459
1359,28.729,10.9654,2.16799
1360,28.7979,11.6807,2.22354
1361,28.8668,12.7651,2.59753
1362,28.9357,14.5605,3.05107
1363,29.0046,15.7942,2.96991
1364,29.0735,19.647,2.93621
1365,29.1424,19.9494,2.55924
1366,29.2113,19.5076,1.88665
1367,29.2802,19.8797,1.52916
1368,29.3491,18.1785,2.19444
1369,29.4179,15.2103,1.8601
1370,29.4868,12.7054,1.93229
1371,29.5557,9.1394,1.29927
1372,29.6246,8.8618,0.8459
1373,29.6935,7.2984,0.74663
1374,29.7624,5.6578,0.86319
1375,29.8313,5.2072,0.75492
1376,29.9002,5.4317,0.5608
1377,29.9691,4.5527,0.84501
1378,30.038,3.8591,0.44944
1379,30.1069,3.272,0.68313
1380,30.1758,3.5399,0.37396
1381,30.2447,3.3419,0.1215
1382,30.3136,4.1506,0.50247
1383,30.3825,6.4069,0.53216
1384,30.4514,6.8944,0.68806
1385,30.5203,6.5733,0.67176
1386,30.5892,4.1929,0.51762
1387,30.6581,4.5827,0.3551
1388,30.7269,5.8577,1.01036
1389,30.7958,5.3428,0.63283
1390,30.8647,4.6136,1.01922
1391,30.9336,6.1595,1.30931
1392,31.0025,6.4746,1.58975
1393,31.0714,7.2634,2.11364
1394,31.1403,9.0953,1.84572
1395,31.2092,7.6905,1.4572
1396,31.2781,6.0945,1.33117
1397,31.347,5.5481,0.99212
1398,31.4159,6.3535,1.57929
1399,31.4848,6.7367,1.77381
1400,31.5537,7.2285,1.61631
1401,31.6226,6.182,0.99833
1402,31.6915,7.0048,0.92646
1403,31.7604,7.9652,1.02041
1404,31.8293,8.1644,1.82569
1405,31.8982,8.1766,1.69117
1406,31.967,6.4535,1.37772
1407,32.0359,9.1886,0.8872
1408,32.1048,10.7098,0.81616
1409,32.1737,9.2616,0.62405
1410,32.2426,11.5804,0.70083
1411,32.3115,9.4793,1.70095
1412,32.3804,9.6647,1.64053
1413,32.4493,7.2932,1.45426
1414,32.5182,6.6462,2.14252
1415,32.5871,7.0366,1.61767
1416,32.656,8.2786,1.81932
1417,32.7249,10.2969,1.42504
1418,32.7938,10.4579,0.77271
1419,32.8627,9.8896,1.18841
1420,32.9316,10.5817,0.99035
1421,33.0005,10.5996,0.7981
1422,33.0694,12.193,1.03726
1423,33.1383,13.437,1.03284
1424,33.2071,12.0167,1.3714
1425,33.276,11.4965,1.4981
1426,33.3449,11.7257,1.98264
1427,33.4138,13.0189,2.19352
1428,33.4827,14.0604,2.05959
1429,33.5516,13.8849,1.84226
1430,33.6205,16.3963,3.04432
1431,33.6894,15.7708,3.72439
1432,33.7583,16.1936,3.40916
1433,33.8272,18.8678,3.06749
1434,33.8961,19.2378,2.66558
1435,33.965,19.6315,2.21704
1436,34.0339,18.5014,2.19086
1437,34.1028,16.8728,1.75648
1438,34.1717,14.299,1.18
1439,34.2406,11.7348,1.02421
1440,34.3095,11.238,0.88389
1441,34.3784,12.0184,0.88216
1442,34.4472,12.1486,0.68229
1443,34.5161,13.3023,0.53163
1444,34.585,11.562,0.3274
1445,34.6539,11.0362,0.55606
1446,34.7228,10.7033,0.42968
1447,34.7917,12.0897,0.60658
1448,34.8606,9.8608,0.6989
1449,34.9295,9.0594,0.82783
1450,34.9984,9.9535,0.85613
1451,35.0673,9.5134,0.77929
1452,35.1362,9.5635,0.9832
1453,35.2051,9.8075,1.27067
1454,35.274,9.0401,1.46487
1455,35.3429,8.2516,1.36682
1456,35.4118,8.7611,1.2424
1457,35.4807,8.8473,1.51931
1458,35.5496,12.1808,2.09748
1459,35.6185,10.5317,1.37863
1460,35.6873,11.4075,1.31558
1461,35.7562,15.2244,1.02068
1462,35.8251,13.1021,1.17539
1463,35.894,14.701,1.76931
1464,35.9629,13.6172,2.05653
1465,36.0318,15.6918,1.8185
1466,36.1007,16.006,1.66
1467,36.1696,13.4934,1.42841
1468,36.2385,13.1259,1.44451
1469,36.3074,15.5188,0.72313
1470,36.3763,14.0911,0.41311
1471,36.4452,11.2209,0.79578
1472,36.5141,10.5598,0.99267
1473,36.583,10.3307,0.56302
1474,36.6519,10.0307,0.8007
1475,36.7208,9.8512,1.0502
1476,36.7897,9.6662,1.47904
1477,36.8586,11.3264,0.82301
1478,36.9274,12.2579,0.86745
1479,36.9963,12.8519,0.79725
1480,37.0652,14.9794,1.17946
1481,37.1341,14.3024,0.88774
1482,37.203,12.649,1.20639
1483,37.2719,14.2111,0.973
1484,37.3408,15.7957,1.00452
1485,37.4097,13.9415,1.28809
1486,37.4786,15.1863,1.36669
1487,37.5475,14.8776,1.06465
1488,37.6164,15.1404,2.32556
1489,37.6853,13.839,2.12379
1490,37.7542,11.7114,1.90939
1491,37.8231,13.8148,2.30192
1492,37.892,13.8511,2.25983
1493,37.9609,14.9885,2.27473
1494,38.0298,14.8001,2.57142
1495,38.0987,16.9801,2.16209
1496,38.1675,16.1734,1.79866
1497,38.2364,15.2192,1.27408
1498,38.3053,14.1161,1.13325
1499,38.3742,12.1056,0.74577
1500,38.4431,11.2429,0.9498
1501,38.512,12.6909,0.92133
1502,38.5809,13.7548,0.7693
1503,38.6498,13.3712,1.02967
1504,38.7187,8.0413,0.82178
1505,38.7876,7.6342,0.56761
1506,38.8565,7.0301,0.43794
1507,38.9254,8.1029,0.4837
1508,38.9943,8.8673,0.37244
1509,39.0632,6.7681,0.49978
1510,39.1321,6.9232,0.3504
1511,39.201,5.6886,0.28816
1512,39.2699,5.0698,0.25637
1513,39.3388,7.0569,0.33919
1514,39.4076,8.3402,0.14025
1515,39.4765,11.0704,0.21923
1516,39.5454,10.1463,0.5116
1517,39.6143,8.2367,0.51576
1518,39.6832,7.0289,0.75705
1519,39.7521,6.2963,0.52373
1520,39.821,9.4518,0.59568
1521,39.8899,11.0442,0.50891
1522,39.9588,12.0288,0.49031
1523,40.0277,10.4391,0.69515
1524,40.0966,12.4051,1.23063
1525,40.1655,11.0739,0.88638
1526,40.2344,10.7147,0.54015
1527,40.3033,10.2215,0.5203
1528,40.3722,11.4852,0.78444
1529,40.4411,9.9719,1.04202
1530,40.51,12.8956,1.11383
1531,40.5789,13.1219,1.1373
1532,40.6478,14.5471,0.96005
1533,40.7166,15.147,1.66737
1534,40.7855,15.8615,2.06113
1535,40.8544,15.7243,2.80537
1536,40.9233,15.286,3.45427
1537,40.9922,15.7699,4.45287
1538,41.0611,12.8501,4.24739
1539,41.13,15.1637,3.35101
1540,41.1989,12.7168,2.04993
1884,0.0,17.0884,3.94264
1885,0.0689,14.9362,3.36837
1886,0.1378,17.7951,2.91598
1887,0.2067,15.3446,2.22136
1888,0.2756,17.5461,2.06461
1889,0.3445,16.7953,1.56551
1890,0.4134,15.3758,1.29731
1891,0.4823,16.3961,1.48618
1892,0.5512,20.1254,1.58508
1893,0.6201,24.4389,2.08872
1894,0.6889,28.872,1.60879
1895,0.7578,23.1584,1.11667
1896,0.8267,18.1656,1.02083
1897,0.8956,15.8753,0.75855
1898,0.9645,13.3077,0.90873
1899,1.0334,11.9776,1.04352
1900,1.1023,14.5281,1.14448
1901,1.1712,12.132,0.94957
1902,1.2401,13.1615,1.12572
1903,1.309,14.9244,1.43532
1904,1.3779,16.1953,0.73514
1905,1.4468,15.7746,1.51381
1906,1.5157,12.9068,1.20702
1907,1.5846,15.8416,1.2767
1908,1.6535,15.3227,1.37263
1909,1.7224,18.5435,2.01036
1910,1.7913,13.404,1.20044
1911,1.8602,12.9154,1.12505
1912,1.929,10.0943,1.16304
1913,1.9979,9.7221,1.32508
1914,2.0668,9.8389,1.43994
1915,2.1357,9.5269,1.02331
1916,2.2046,15.0962,0.99651
1917,2.2735,14.4282,0.98286
1918,2.3424,13.4089,1.03905
1919,2.4113,9.5084,0.82892
1920,2.4802,8.6244,1.15456
1921,2.5491,8.2114,1.07839
1922,2.618,9.1853,1.35745
1923,2.6869,9.4997,1.54513
1924,2.7558,9.6481,1.32724
1925,2.8247,8.9059,1.12515
1926,2.8936,8.3161,1.01611
1927,2.9625,8.4751,1.26669
1928,3.0314,9.3772,1.56911
1929,3.1003,7.9178,1.58369
1930,3.1691,6.1543,1.42192
1931,3.238,6.3784,1.14465
1932,3.3069,5.8833,0.6098
1933,3.3758,5.6464,0.55576
1934,3.4447,5.2362,0.77528
1935,3.5136,6.4528,0.67289
1936,3.5825,5.5914,0.4634
1937,3.6514,6.5826,0.5838
1938,3.7203,7.6974,1.01077
1939,3.7892,8.4465,0.81806
1940,3.8581,7.7396,0.63838
1941,3.927,6.7179,1.0829
1942,3.9959,10.1289,0.82912
1943,4.0648,8.7983,0.53909
1944,4.1337,10.5789,0.95019
1945,4.2026,10.5327,0.97684
1946,4.2715,9.5962,1.75669
1947,4.3404,8.4381,1.84691
1948,4.4092,7.5688,1.46116
1949,4.4781,9.5411,1.08984
1950,4.547,9.3882,1.01417
1951,4.6159,9.6357,1.03479
1952,4.6848,8.8394,1.68347
1953,4.7537,9.8676,1.54674
1954,4.8226,10.1571,1.56601
1955,4.8915,14.6577,1.48313
1956,4.9604,15.8141,2.18488
1957,5.0293,16.505,2.95124
1958,5.0982,19.1197,3.12627
1959,5.1671,22.1885,3.55893
1960,5.236,23.8843,3.9933
1961,5.3049,23.3494,3.9639
1962,5.3738,20.0942,3.5367
1963,5.4427,18.6277,3.40749
1964,5.5116,19.1244,2.44675
1965,5.5805,18.394,1.75153
1966,5.6493,14.6224,1.33886
1967,5.7182,9.4934,1.17002
1968,5.7871,6.7994,1.29582
1969,5.856,4.6663,1.15273
1970,5.9249,4.5336,1.06614
1971,5.9938,4.7304,0.66124
1972,6.0627,4.5368,0.98416
1973,6.1316,5.0412,2.24701
1974,6.2005,4.7917,1.73977
1975,6.2694,5.4325,2.43722
1976,6.3383,6.9667,3.19762
1977,6.4072,5.3949,3.03391
1978,6.4761,6.6331,3.17858
1979,6.545,7.0816,2.62321
1980,6.6139,5.8152,2.3861
1981,6.6828,4.3502,2.15346
1982,6.7517,5.5629,2.24163
1983,6.8206,3.5887,2.35069
1984,6.8894,3.3345,1.68185
1985,6.9583,4.1915,1.94342
1986,7.0272,5.2112,2.0371
1987,7.0961,3.5115,1.78475
1988,7.165,4.4403,1.98162
1989,7.2339,4.8794,1.98864
1990,7.3028,5.8952,2.86855
1991,7.3717,5.4222,3.16856
1992,7.4406,6.714,3.23404
1993,7.5095,7.327,2.56768
1994,7.5784,9.259,2.32246
1995,7.6473,7.9134,1.84137
1996,7.7162,6.3348,2.2196
1997,7.7851,6.9146,1.71476
1998,7.854,8.4556,1.70774
1999,7.9229,9.3379,1.46882
2000,7.9918,7.9556,1.12679
2001,8.0607,6.9146,1.33617
2002,8.1296,5.59,0.96158
2003,8.1984,5.0639,1.26089
2004,8.2673,5.1577,1.726
2005,8.3362,4.796,2.38376
2006,8.4051,5.0902,1.75215
2007,8.474,6.9857,1.99778
2008,8.5429,7.4439,2.53134
2009,8.6118,7.3323,1.80288
2010,8.6807,7.8448,1.62585
2011,8.7496,7.7186,1.58712
2012,8.8185,6.7815,1.9618
2013,8.8874,6.1136,2.52157
2014,8.9563,5.2014,2.36543
2015,9.0252,6.2344,2.447
2016,9.0941,8.4681,1.99455
2017,9.163,10.6224,1.72187
2018,9.2319,11.2663,1.46148
2019,9.3008,9.7509,1.1745
2020,9.3697,9.3827,1.14821
2021,9.4385,10.9706,1.40619
2022,9.5074,10.4846,2.23135
2023,9.5763,10.2548,3.52217
2024,9.6452,9.5939,3.53801
2025,9.7141,11.7095,4.12523
2026,9.783,14.0889,3.88362
2027,9.8519,16.1463,3.5669
2028,9.9208,18.5906,3.48156
2029,9.9897,17.0813,4.87167
2030,10.0586,20.7401,7.30156
2031,10.1275,23.2499,8.24674
2032,10.1964,21.8303,7.7494
2033,10.2653,16.0314,6.01648
2034,10.3342,14.6632,5.0716
2035,10.4031,14.7364,5.50068
2036,10.472,15.0402,6.81185
2037,10.5409,13.3928,7.39445
2038,10.6098,12.5329,5.1949
2039,10.6786,10.4606,4.53785
2040,10.7475,11.032,3.43707
2041,10.8164,12.0069,2.18813
2042,10.8853,11.9675,2.20441
2043,10.9542,13.9977,1.75939
2044,11.0231,13.7617,1.85327
2045,11.092,12.3575,1.6883
2046,11.1609,11.6581,2.40585
2047,11.2298,11.7672,2.29148
2048,11.2987,9.2116,2.56314
2049,11.3676,8.7463,2.63799
2050,11.4365,12.1473,2.72288
2051,11.5054,14.1255,1.91777
2052,11.5743,12.7592,2.11337
2053,11.6432,12.7141,2.35441
2054,11.7121,12.2672,2.66264
2055,11.781,10.1875,2.38557
2056,11.8499,9.1675,2.35018
2057,11.9187,12.2055,2.35856
2058,11.9876,12.373,2.36571
2059,12.0565,13.1535,2.40281
2060,12.1254,13.8596,2.04443
2061,12.1943,12.3963,1.44918
2062,12.2632,12.4932,1.57394
2063,12.3321,12.7334,1.75275
2064,12.401,12.8067,1.69093
2065,12.4699,12.4761,2.06119
2066,12.5388,13.2973,2.03188
2067,12.6077,12.6542,2.35465
2068,12.6766,12.7812,1.80209
2069,12.7455,14.9565,1.42876
2070,12.8144,16.2293,1.51866
2071,12.8833,16.0764,1.09069
2072,12.9522,17.5552,1.54132
2073,13.0211,18.7946,1.41929
2074,13.09,15.7761,0.888
2075,13.1588,16.3748,1.00729
2076,13.2277,18.7554,1.0431
2077,13.2966,16.0579,0.72325
2078,13.3655,16.204,0.49231
2079,13.4344,16.4136,1.12695
2080,13.5033,16.0935,1.20366
2081,13.5722,16.2081,2.06566
2082,13.6411,14.8139,1.77876
2083,13.71,16.0412,1.60756
2084,13.7789,16.9862,1.64372
2085,13.8478,17.7797,1.9325
2086,13.9167,18.8006,2.76263
2087,13.9856,19.9089,3.02791
2088,14.0545,17.001,2.43192
2089,14.1234,16.9497,3.39687
2090,14.1923,14.6499,3.78062
2091,14.2612,12.9766,3.07584
2092,14.3301,11.3257,1.95314
2093,14.3989,10.8865,2.45095
2094,14.4678,9.2947,2.5784
2095,14.5367,10.4834,2.09024
2096,14.6056,7.9266,2.40276
2097,14.6745,7.785,1.65574
2098,14.7434,6.8181,1.07605
2099,14.8123,7.6399,0.83901
2100,14.8812,6.1042,0.95286
2101,14.9501,6.2066,0.82431
2102,15.019,5.3998,0.85124
2103,15.0879,6.0934,0.64906
2104,15.1568,7.2399,0.55329
2105,15.2257,6.0958,0.57626
2106,15.2946,4.8022,0.42573
2107,15.3635,5.5048,0.4278
2108,15.4324,4.0175,0.65008
2109,15.5013,5.0434,0.79028
2110,15.5702,6.4552,0.79641
2111,15.6391,6.4801,0.39491
2112,15.7079,7.0257,0.33777
2113,15.7768,8.3346,0.34791
2114,15.8457,4.7356,0.46981
2115,15.9146,5.0384,0.16967
2116,15.9835,4.4059,0.18919
2117,16.0524,5.0233,0.5724
2118,16.1213,5.5504,0.30803
2119,16.1902,7.0134,0.5465
2120,16.2591,6.2489,1.14739
2121,16.328,5.2724,0.85471
2122,16.3969,5.5702,0.66146
2123,16.4658,6.3309,0.90022
2124,16.5347,6.3121,1.06935
2125,16.6036,7.4667,0.61456
2126,16.6725,8.1362,0.71189
2127,16.7414,7.1339,0.79478
2128,16.8103,5.7984,0.87913
2129,16.8792,6.3526,0.75518
2130,16.948,5.4243,1.11591
2131,17.0169,5.2106,0.53265
2132,17.0858,4.9946,0.27897
2133,17.1547,5.4607,0.55383
2134,17.2236,6.5383,0.68661
2135,17.2925,5.5508,0.39942
2136,17.3614,5.457,0.1855
2137,17.4303,4.7963,0.39063
2138,17.4992,3.2138,0.65979
2139,17.5681,4.5961,0.80804
2140,17.637,3.8214,0.83379
2141,17.7059,4.3737,1.1841
2142,17.7748,4.4074,0.87616
2143,17.8437,5.0736,1.00249
2144,17.9126,6.0101,0.83158
2145,17.9815,7.4796,0.96276
2146,18.0504,7.9421,1.16483
2147,18.1193,9.3284,1.31018
2148,18.1881,10.565,0.61605
2149,18.257,14.2164,1.07054
2150,18.3259,15.0937,1.72677
2151,18.3948,15.9104,2.52093
2152,18.4637,17.4413,2.76273
2153,18.5326,16.6608,2.43755
2154,18.6015,13.3539,2.93687
2155,18.6704,18.2557,3.7518
2156,18.7393,17.5281,3.66819
2157,18.8082,16.5295,3.91632
2158,18.8771,16.7062,4.78597
2159,18.946,14.8077,3.34114
2160,19.0149,13.1327,2.1455
2161,19.0838,10.9076,1.62945
2162,19.1527,10.0329,1.42036
2163,19.2216,12.0543,1.02202
2164,19.2905,11.0486,1.10354
2165,19.3594,12.8743,1.79866
2166,19.4282,13.7172,2.9432
2167,19.4971,15.7794,4.33079
2168,19.566,18.4978,4.40213
2169,19.6349,17.8552,5.17249
2170,19.7038,18.5443,5.17022
2171,19.7727,18.3809,4.24419
2172,19.8416,17.5892,4.24869
2173,19.9105,21.3464,4.8631
2174,19.9794,21.9819,4.44136
2175,20.0483,24.2122,3.59453
2176,20.1172,21.663,3.32183
2177,20.1861,20.2747,3.62676
2178,20.255,19.7103,3.67321
2179,20.3239,13.6777,3.2438
2180,20.3928,17.8946,3.28823
2181,20.4617,22.376,3.86006
2182,20.5306,18.2147,3.77384
2183,20.5995,15.395,4.17486
2184,20.6683,13.1519,3.06854
2185,20.7372,14.0015,3.08731
2186,20.8061,15.1275,3.15642
2187,20.875,14.4683,2.86841
2188,20.9439,15.6506,2.66993
2189,21.0128,16.5202,2.96535
2190,21.0817,14.9073,2.61183
2191,21.1506,12.0325,2.43288
2192,21.2195,12.7991,3.15658
2193,21.2884,11.3395,3.61457
2194,21.3573,11.3494,3.95482
2195,21.4262,10.2555,3.59107
2196,21.4951,8.2571,3.31553
2197,21.564,7.8199,2.90536
2198,21.6329,8.5938,2.07037
2199,21.7018,9.638,1.52079
2200,21.7707,9.7145,2.15878
2201,21.8396,11.7672,2.59756
2202,21.9084,11.3462,1.95943
2203,21.9773,9.7308,1.83537
2204,22.0462,10.2401,1.96681
2205,22.1151,10.0356,1.70604
2206,22.184,9.3953,2.14502
2207,22.2529,8.3377,2.20226
2208,22.3218,9.8303,2.21008
2209,22.3907,11.5704,2.93824
2210,22.4596,11.6182,2.19292
2211,22.5285,11.7239,2.62994
2212,22.5974,11.3244,3.43596
2213,22.6663,10.2708,4.21931
2214,22.7352,8.7594,3.24912
2215,22.8041,8.8506,2.61492
2216,22.873,10.9468,2.54029
2217,22.9419,10.911,2.20226
2218,23.0108,7.4616,1.87502
2219,23.0797,5.7028,3.16454
2220,23.1486,5.7897,3.00298
2221,23.2174,5.0943,2.45764
2222,23.2863,5.5647,3.01005
2223,23.3552,7.0228,2.19674
2224,23.4241,8.0139,1.26887
2225,23.493,6.6914,1.56232
2226,23.5619,7.7893,1.09566
2227,23.6308,6.424,1.40851
2228,23.6997,5.2518,1.37944
2229,23.7686,4.6934,1.29611
2230,23.8375,4.673,1.0533
2231,23.9064,4.9192,0.53174
2232,23.9753,6.3063,0.1831
2233,24.0442,5.9831,0.35791
2234,24.1131,5.1082,0.44254
2235,24.182,5.8301,0.47774
2236,24.2509,7.9367,0.62138
2237,24.3198,7.0817,1.19589
2238,24.3887,6.4271,0.69972
2239,24.4575,8.0631,0.85119
2240,24.5264,6.1875,0.62182
2241,24.5953,7.4805,0.85022
2242,24.6642,9.171,0.54415
2243,24.7331,13.3354,0.76878
2244,24.802,14.8056,1.46076
2245,24.8709,18.5243,3.2383
2246,24.9398,18.6296,5.22816
2247,25.0087,22.7171,7.56512
2248,25.0776,24.3546,9.74625
2249,25.1465,22.2073,8.48593
2250,25.2154,20.4699,5.46974
2251,25.2843,19.6876,4.2009
2252,25.3532,13.9501,2.75173
2253,25.4221,14.6663,1.68619
2254,25.491,14.9553,1.59382
2255,25.5599,11.9626,0.75401
2256,25.6288,8.9257,0.63417
2257,25.6976,9.9138,0.87498
2258,25.7665,10.4506,0.63107
2259,25.8354,8.8334,1.21804
2260,25.9043,8.0007,1.48227
2261,25.9732,11.9983,2.26568
2262,26.0421,13.6421,1.73419
2263,26.111,12.3582,1.3431
2264,26.1799,12.5893,1.12966
2265,26.2488,11.9172,1.67912
2266,26.3177,10.6446,1.74429
2267,26.3866,8.8622,2.29957
2268,26.4555,8.6575,2.54427
2269,26.5244,9.5868,2.02204
2270,26.5933,10.7427,1.51636
2271,26.6622,11.5441,1.5592
2272,26.7311,11.1401,1.57804
2273,26.8,12.0897,1.49331
2274,26.8689,10.0693,1.62406
2275,26.9377,11.6366,1.5102
2276,27.0066,12.8405,1.65164
2277,27.0755,13.4941,1.3564
2278,27.1444,13.1729,1.89064
2279,27.2133,10.2363,1.76545
2280,27.2822,10.0391,1.363
2281,27.3511,10.2271,1.18371
2282,27.42,9.8107,1.18725
2283,27.4889,9.842,0.71077
2284,27.5578,10.1702,1.00431
2285,27.6267,11.3437,1.01083
2286,27.6956,12.8318,1.15812
2287,27.7645,14.2917,1.18493
2288,27.8334,16.1598,1.38101
2289,27.9023,17.6189,1.8239
2290,27.9712,19.1695,1.82188
2291,28.0401,24.1535,1.92447
2292,28.109,25.2056,1.86906
2293,28.1778,25.0859,1.73802
2294,28.2467,22.5448,1.46661
2295,28.3156,23.1498,1.99947
2296,28.3845,22.6583,1.93618
2297,28.4534,19.7895,2.17483
2298,28.5223,21.3149,2.54841
2299,28.5912,21.1383,3.54981
2300,28.6601,19.7963,3.49772
2301,28.729,22.9652,3.4735
2302,28.7979,26.3231,3.20262
2303,28.8668,25.1302,3.34092
2304,28.9357,24.5173,2.62679
2305,29.0046,18.8991,2.49948
2306,29.0735,15.3756,1.72619
2307,29.1424,14.8638,1.85936
2308,29.2113,17.3504,1.95913
2309,29.2802,15.7567,1.30144
2310,29.3491,17.6461,1.64505
2311,29.4179,16.8175,1.85573
2312,29.4868,17.0756,2.18608
2313,29.5557,17.5664,2.60336
2314,29.6246,14.565,2.65611
2315,29.6935,17.889,2.44322
2316,29.7624,16.6985,2.44267
2317,29.8313,14.9253,1.82639
2318,29.9002,12.6591,1.97658
2319,29.9691,13.3136,1.96135
2320,30.038,15.6541,1.12179
2321,30.1069,14.5621,1.0232
2322,30.1758,13.5773,1.30407
2323,30.2447,17.998,1.50073
2324,30.3136,15.4148,1.67778
2325,30.3825,12.9535,2.07351
2326,30.4514,11.0859,1.65864
2327,30.5203,12.9069,1.66198
2328,30.5892,15.0132,1.55175
2329,30.6581,13.0842,1.93929
2330,30.7269,9.0461,1.6665
2331,30.7958,9.8335,2.13684
2332,30.8647,10.9602,3.21108
2333,30.9336,9.0222,3.01714
2334,31.0025,9.5598,2.4304
2335,31.0714,8.3262,3.15099
2336,31.1403,8.7157,2.16913
2337,31.2092,9.7656,1.56482
2338,31.2781,12.015,1.75665
2339,31.347,11.7451,1.32326
2340,31.4159,9.5719,1.06018
2341,31.4848,10.3379,0.83321
2342,31.5537,11.9008,0.96323
2343,31.6226,11.0548,0.92841
2344,31.6915,9.9099,1.2033
2345,31.7604,7.6458,1.17391
2346,31.8293,6.8593,1.26245
2347,31.8982,5.3659,1.6045
2348,31.967,6.4468,1.53904
2349,32.0359,6.8733,2.44723
2350,32.1048,8.6509,2.26686
2351,32.1737,6.9629,2.04082
2352,32.2426,6.6963,1.17415
2353,32.3115,6.1991,1.06817
2354,32.3804,7.3512,0.76635
2355,32.4493,6.3329,1.1307
2356,32.5182,6.0978,1.71168
2357,32.5871,6.7554,1.50973
2358,32.656,4.9745,1.45913
2359,32.7249,4.5916,2.03196
2360,32.7938,4.4094,2.47131
2361,32.8627,5.0878,2.23599
2362,32.9316,5.1396,1.87605
2363,33.0005,4.5949,1.75611
2364,33.0694,4.5486,1.719
2365,33.1383,5.044,1.71043
2366,33.2071,4.6317,1.2086
2367,33.276,4.7287,1.18914
2368,33.3449,3.7166,1.25095
2369,33.4138,3.6017,1.57793
2370,33.4827,4.4011,2.48854
2371,33.5516,6.0676,2.23632
2372,33.6205,5.3455,2.87033
2373,33.6894,6.1888,2.15317
2374,33.7583,7.479,1.51002
2375,33.8272,8.6269,1.47935
2376,33.8961,7.9407,1.46332
2377,33.965,9.2215,1.1076
2378,34.0339,10.317,1.27956
2379,34.1028,10.952,1.32916
2380,34.1717,11.7375,1.49714
2381,34.2406,14.1352,1.56452
2382,34.3095,15.0935,1.76125
2383,34.3784,12.6937,1.81623
2384,34.4472,15.152,1.77969
2385,34.5161,12.8719,2.17062
2386,34.585,11.6217,2.23982
2387,34.6539,14.9134,2.37289
2388,34.7228,16.6618,2.91231
2389,34.7917,16.0913,2.84172
2390,34.8606,17.3527,2.96844
2391,34.9295,18.2855,3.03582
2392,34.9984,19.5896,3.65339
2393,35.0673,22.0482,4.37634
2394,35.1362,17.4817,4.12584
2395,35.2051,16.3617,3.79687
2396,35.274,15.5338,3.26957
2397,35.3429,14.6081,3.01604
2398,35.4118,12.6365,2.11113
2399,35.4807,10.3445,1.8106
2400,35.5496,10.6212,1.37832
2401,35.6185,12.4181,0.68694
2402,35.6873,13.295,0.58057
2403,35.7562,14.3311,1.05424
2404,35.8251,12.0292,0.86691
2405,35.894,11.8738,1.08097
2826,0.0,21.3139,1.65406
2827,0.0689,25.6707,2.6686
2828,0.1378,27.3456,3.03223
2829,0.2067,26.0154,3.48727
2830,0.2756,23.9003,3.28642
2831,0.3445,21.8857,2.34926
2832,0.4134,18.9089,2.50958
2833,0.4823,21.0013,2.54435
2834,0.5512,17.6369,2.06685
2835,0.6201,16.1282,1.47357
2836,0.6889,12.8404,2.15655
2837,0.7578,13.8451,1.8798
2838,0.8267,14.3768,1.98039
2839,0.8956,13.2135,1.56709
2840,0.9645,14.2273,1.57941
2841,1.0334,12.8862,1.49364
2842,1.1023,12.5019,1.03078
2843,1.1712,15.0046,0.9876
2844,1.2401,19.055,0.77207
2845,1.309,17.1648,1.58327
2846,1.3779,16.6263,2.13271
2847,1.4468,15.0316,1.41908
2848,1.5157,14.7906,2.12435
2849,1.5846,15.1061,2.17704
2850,1.6535,15.7268,1.41523
2851,1.7224,14.9275,1.45743
2852,1.7913,16.5075,0.99089
2853,1.8602,14.0003,1.45131
2854,1.929,16.2124,1.67161
2855,1.9979,15.5733,1.57924
2856,2.0668,19.572,2.13981
2857,2.1357,18.3199,1.82207
2858,2.2046,15.297,1.76618
2859,2.2735,16.309,2.04635
2860,2.3424,17.5187,1.7904
2861,2.4113,15.8881,1.61871
2862,2.4802,12.5592,1.73306
2863,2.5491,12.9048,1.69662
2864,2.618,11.84,1.55993
2865,2.6869,11.5866,1.1085
2866,2.7558,11.0817,1.67942
2867,2.8247,11.8351,1.57162
2868,2.8936,11.5532,1.43218
2869,2.9625,11.4383,1.57987
2870,3.0314,11.8575,1.60207
2871,3.1003,10.1177,0.94368
2872,3.1691,10.6435,1.19524
2873,3.238,9.722,1.14758
2874,3.3069,11.8625,1.53367
2875,3.3758,11.7151,1.63989
2876,3.4447,10.2669,2.15472
2877,3.5136,10.7137,1.84593
2878,3.5825,9.0232,1.47972
2879,3.6514,7.4668,1.18852
2880,3.7203,7.1855,0.59713
2881,3.7892,8.6615,0.82982
2882,3.8581,7.7124,0.4996
2883,3.927,6.5639,0.6435
2884,3.9959,7.0919,0.48845
2885,4.0648,8.7186,0.77115
2886,4.1337,9.4036,0.36874
2887,4.2026,11.071,0.49606
2888,4.2715,11.0452,0.66192
2889,4.3404,10.635,0.92065
2890,4.4092,12.8442,1.95406
2891,4.4781,12.2113,2.45776
2892,4.547,13.9056,2.49318
2893,4.6159,16.3026,3.34507
2894,4.6848,19.188,4.10149
2895,4.7537,20.9425,4.02802
2896,4.8226,21.825,5.47353
2897,4.8915,24.529,6.53289
2898,4.9604,24.352,6.46084
2899,5.0293,22.5134,5.03854
2900,5.0982,18.4295,4.4857
2901,5.1671,16.1463,3.57473
2902,5.236,14.9908,2.48247
2903,5.3049,16.6817,2.20528
2904,5.3738,17.5319,2.4362
2905,5.4427,19.6323,2.64601
2906,5.5116,20.1457,2.64149
2907,5.5805,16.6998,2.55687
2908,5.6493,17.0649,2.41902
2909,5.7182,15.9459,2.04534
2910,5.7871,14.6269,1.85729
2911,5.856,15.2216,1.39213
2912,5.9249,16.1892,1.36974
2913,5.9938,14.352,1.49102
2914,6.0627,15.7474,1.36949
2915,6.1316,16.3188,1.62678
2916,6.2005,16.3894,1.65526
2917,6.2694,18.598,1.45962
2918,6.3383,18.0227,1.79313
2919,6.4072,16.826,1.92029
2920,6.4761,19.5565,2.39868
2921,6.545,22.1293,2.48237
2922,6.6139,22.2422,3.12331
2923,6.6828,26.8979,4.72275
2924,6.7517,29.9876,5.45957
2925,6.8206,28.3095,5.80819
2926,6.8894,27.8526,5.90996
2927,6.9583,26.46,4.692
2928,7.0272,26.8142,2.20021
2929,7.0961,23.2164,2.31161
2930,7.165,18.3511,2.31589
2931,7.2339,16.5552,1.80064
2932,7.3028,15.6007,1.48211
2933,7.3717,16.8314,1.58654
2934,7.4406,16.1859,1.83908
2935,7.5095,17.4294,1.59957
2936,7.5784,18.8237,1.89936
2937,7.6473,16.8283,2.56113
2938,7.7162,16.4627,1.65481
2939,7.7851,18.692,1.35591
2940,7.854,16.3947,1.48962
2941,7.9229,19.0658,1.82423
2942,7.9918,18.0198,1.71552
2943,8.0607,20.9405,1.98064
2944,8.1296,23.1123,1.19471
2945,8.1984,23.1348,1.85623
2946,8.2673,21.3299,1.94189
2947,8.3362,17.9694,2.22507
2948,8.4051,17.6592,2.27122
2949,8.474,19.5572,2.29774
2950,8.5429,16.9476,2.36496
2951,8.6118,14.7705,2.77883
2952,8.6807,15.5545,2.93155
2953,8.7496,11.8306,2.48262
2954,8.8185,12.8349,2.11291
2955,8.8874,16.7057,1.45862
2956,8.9563,15.6009,1.43641
2957,9.0252,18.1039,0.91567
2958,9.0941,17.0733,1.29949
2959,9.163,17.9941,1.6859
2960,9.2319,15.7191,2.03251
2961,9.3008,16.416,1.93631
2962,9.3697,14.7478,1.56678
2963,9.4385,14.391,1.97997
2964,9.5074,14.6412,2.28872
2965,9.5763,14.02,2.43499
2966,9.6452,16.2447,1.42125
2967,9.7141,15.4148,1.69916
2968,9.783,11.6249,2.65348
2969,9.8519,14.1268,2.80419
2970,9.9208,12.5145,1.60742
2971,9.9897,13.5383,1.7183
2972,10.0586,15.0584,1.85774
2973,10.1275,12.7062,1.52166
2974,10.1964,14.2336,1.85427
2975,10.2653,17.5151,2.02604
2976,10.3342,23.833,1.60647
2977,10.4031,29.5842,1.67875
2978,10.472,29.9464,1.14596
2979,10.5409,29.9175,1.82455
2980,10.6098,33.7899,1.65256
2981,10.6786,33.6621,2.53634
2982,10.7475,35.8862,2.3817
2983,10.8164,31.2563,2.43022
2984,10.8853,27.5893,2.70561
2985,10.9542,22.5148,3.9889
2986,11.0231,17.6615,3.50216
2987,11.092,14.8371,2.57846
2988,11.1609,11.7763,1.72653
2989,11.2298,11.3671,1.0258
2990,11.2987,10.5017,1.22404
2991,11.3676,10.9354,1.00541
2992,11.4365,10.4295,0.91302
2993,11.5054,9.7723,0.83272
2994,11.5743,10.2172,0.80077
2995,11.6432,12.3945,0.76004
2996,11.7121,12.0815,0.6578
2997,11.781,10.6935,0.87984
2998,11.8499,9.7146,1.59439
2999,11.9187,7.2016,2.12597
3000,11.9876,7.3793,2.62094
3001,12.0565,9.4356,2.55174
3002,12.1254,11.9993,2.06006
3003,12.1943,11.7638,2.07299
3004,12.2632,11.7829,1.4615
3005,12.3321,11.6931,1.94055
3006,12.401,9.9799,1.37932
3007,12.4699,9.4176,1.45628
3008,12.5388,9.9181,1.37284
3009,12.6077,10.6054,1.99525
3010,12.6766,11.6271,1.46093
3011,12.7455,11.7913,1.25798
3012,12.8144,12.7198,1.65541
3013,12.8833,13.2432,1.65263
3014,12.9522,14.4704,1.55125
3015,13.0211,15.1376,2.30146
3016,13.09,16.549,2.147
3017,13.1588,18.1872,2.44175
3018,13.2277,15.8461,2.73596
3019,13.2966,15.4296,2.39437
3020,13.3655,13.8328,2.82487
3021,13.4344,12.265,3.37418
3022,13.5033,13.7457,2.99676
3023,13.5722,13.963,3.35311
3024,13.6411,13.0349,3.09522
3025,13.71,11.4794,2.71904
3026,13.7789,14.125,2.37747
3027,13.8478,15.3229,2.17017
3028,13.9167,15.7737,1.90009
3029,13.9856,15.5049,2.2454
3030,14.0545,12.8917,1.40451
3031,14.1234,15.0203,1.39734
3032,14.1923,14.1889,1.29898
3033,14.2612,14.0814,1.53318
3034,14.3301,15.8014,2.11429
3035,14.3989,15.5033,2.16277
3036,14.4678,14.8388,1.97086
3037,14.5367,15.1863,2.22885
3038,14.6056,17.8289,2.67836
3039,14.6745,17.3307,1.9356
3040,14.7434,20.6498,1.80406
3041,14.8123,25.2027,2.92958
3042,14.8812,27.8773,2.97108
3043,14.9501,32.5414,2.87287
3044,15.019,33.6468,3.31454
3045,15.0879,32.5245,3.73387
3046,15.1568,28.3456,4.44512
3047,15.2257,24.1208,4.74597
3048,15.2946,19.1329,4.61315
3049,15.3635,16.7521,4.14817
3050,15.4324,15.0718,3.55538
3051,15.5013,15.3612,3.4997
3052,15.5702,13.3356,2.35471
3053,15.6391,16.8045,1.70102
3054,15.7079,18.3064,2.14038
3055,15.7768,20.9164,2.22245
3056,15.8457,18.3604,2.2229
3057,15.9146,15.0123,2.41223
3058,15.9835,14.238,1.62732
3059,16.0524,15.2926,1.81185
3060,16.1213,16.3047,1.72526
3061,16.1902,18.525,1.15008
3062,16.2591,17.6518,1.19482
3063,16.328,17.0264,1.05065
3064,16.3969,16.0177,1.14051
3065,16.4658,14.034,1.21309
3066,16.5347,12.4472,1.30457
3067,16.6036,12.1568,1.34841
3068,16.6725,13.0786,1.03588
3069,16.7414,13.8167,0.83299
3070,16.8103,13.9367,1.37313
3071,16.8792,12.3784,1.13153
3072,16.948,11.7872,1.48754
3073,17.0169,9.1968,0.88535
3074,17.0858,11.7875,1.65238
3075,17.1547,13.0153,1.11504
3076,17.2236,13.183,1.55662
3077,17.2925,13.2833,1.23654
3078,17.3614,12.9575,0.95388
3079,17.4303,13.738,0.60422
3080,17.4992,11.8438,0.47539
3081,17.5681,14.2024,0.85898
3082,17.637,12.7567,0.51001
3083,17.7059,13.0532,0.27935
3084,17.7748,14.2021,0.28148
3085,17.8437,16.5157,0.70507
3086,17.9126,19.2355,0.93544
3087,17.9815,19.9782,1.24436
3088,18.0504,21.1737,1.5442
3089,18.1193,26.5907,1.69311
3090,18.1881,31.1933,1.88541
3091,18.257,31.7913,2.66109
3092,18.3259,31.1965,2.62152
3093,18.3948,32.3666,2.53107
3094,18.4637,32.2501,2.63985
3095,18.5326,29.0192,2.39701
3096,18.6015,25.0685,2.02168
3097,18.6704,19.5423,1.54189
3098,18.7393,14.3217,1.07568
3099,18.8082,12.8678,1.00562
3100,18.8771,13.5478,1.07539
3101,18.946,14.1678,1.79906
3102,19.0149,15.5465,1.61364
3103,19.0838,13.6575,1.92261
3104,19.1527,12.4356,1.48997
3105,19.2216,10.5847,1.76482
3106,19.2905,12.723,1.44469
3107,19.3594,13.1678,1.36642
3108,19.4282,14.2886,1.98667
3109,19.4971,15.695,1.53959
3110,19.566,12.4894,1.87993
3111,19.6349,12.3606,2.14553
3112,19.7038,13.6484,2.16988
3113,19.7727,15.284,1.60566
3114,19.8416,13.5077,1.38294
3115,19.9105,15.4376,1.09946
3116,19.9794,15.7076,1.04003
3117,20.0483,14.047,0.51632
3118,20.1172,13.9245,0.98091
3119,20.1861,11.6341,1.0326
3120,20.255,11.1391,0.77247
3121,20.3239,11.1918,1.38433
3122,20.3928,9.587,1.77574
3123,20.4617,11.3189,1.77704
3124,20.5306,10.5825,1.85377
3125,20.5995,10.6837,1.7838
3126,20.6683,13.3636,2.21758
3127,20.7372,13.5323,1.80938
3128,20.8061,12.2034,2.77987
3129,20.875,11.953,2.19303
3130,20.9439,11.5331,2.38794
3131,21.0128,12.0568,2.04126
3132,21.0817,17.0269,2.10194
3133,21.1506,18.6204,2.51606
3134,21.2195,16.7391,1.52237
3135,21.2884,15.7294,1.72552
3136,21.3573,15.8568,1.91656
3137,21.4262,16.8134,1.93998
3138,21.4951,18.8712,2.32265
3139,21.564,19.6832,1.78157
3140,21.6329,23.4221,2.13977
3141,21.7018,27.1489,2.53664
3142,21.7707,31.3372,3.63671
3143,21.8396,32.4657,5.02721
3144,21.9084,30.2527,4.95186
3145,21.9773,29.3614,3.90459
3146,22.0462,24.3711,3.38194
3147,22.1151,20.8303,3.15219
3148,22.184,16.9547,2.42804
3149,22.2529,13.9693,2.24277
3150,22.3218,14.1181,1.69381
3151,22.3907,12.1828,2.23119
3152,22.4596,9.5393,2.29807
3153,22.5285,9.192,2.4886
3154,22.5974,9.173,1.94693
3155,22.6663,9.6862,1.28583
3156,22.7352,9.9421,0.67601
3157,22.8041,9.788,1.0117
3158,22.873,9.2868,1.28059
3159,22.9419,7.8312,0.9882
3160,23.0108,7.5011,0.9527
3161,23.0797,7.1925,0.65987
3162,23.1486,6.0508,0.42552
3163,23.2174,8.1679,0.82452
3164,23.2863,7.971,0.97039
3165,23.3552,7.4749,0.77908
3166,23.4241,9.4111,0.97043
3167,23.493,12.636,1.30929
3168,23.5619,11.0504,1.0957
3169,23.6308,14.2784,1.00901
3170,23.6997,13.3755,0.97894
3171,23.7686,13.3169,0.89355
3172,23.8375,13.7172,1.19623
3173,23.9064,12.3418,1.56305
3174,23.9753,12.4084,1.42228
3175,24.0442,13.1525,1.62596
3176,24.1131,13.8004,1.99404
3177,24.182,11.9617,1.53891
3178,24.2509,11.1681,1.51259
3179,24.3198,12.4481,1.91341
3180,24.3887,12.0546,1.78795
3181,24.4575,12.6031,2.24169
3182,24.5264,11.9528,2.66415
3183,24.5953,14.7093,2.13455
3184,24.6642,13.7025,1.35886
3185,24.7331,13.2244,1.89951
3186,24.802,13.2615,2.28012
3187,24.8709,11.3551,2.05579
3188,24.9398,10.352,1.71467
3189,25.0087,10.4075,1.26151
3190,25.0776,10.9721,1.63506
3191,25.1465,9.7847,2.07485
3192,25.2154,11.1096,1.78282
3193,25.2843,13.552,3.29697
3194,25.3532,14.9836,3.81002
3195,25.4221,11.5525,3.2665
3196,25.491,10.3834,2.96411
3197,25.5599,10.8488,3.5587
3198,25.6288,12.1336,2.46084
3199,25.6976,10.2295,2.1233
3200,25.7665,9.553,1.73565
3201,25.8354,10.788,1.76514
3202,25.9043,13.4673,2.22882
3203,25.9732,11.672,1.562
3204,26.0421,14.9138,1.54155
3205,26.111,17.7663,1.69477
3206,26.1799,19.3156,2.035
3207,26.2488,16.3095,2.22355
3208,26.3177,17.364,2.3204
3209,26.3866,17.9563,2.09531
3210,26.4555,16.2554,1.99191
3211,26.5244,16.3242,2.41982
3212,26.5933,17.3488,2.14077
3213,26.6622,16.6481,2.44182
3214,26.7311,14.0367,3.30203
3215,26.8,13.5718,2.91001
3216,26.8689,15.819,2.86722
3217,26.9377,16.2362,2.12788
3218,27.0066,14.8578,1.73719
3219,27.0755,12.4369,1.40887
3220,27.1444,11.456,1.1111
3221,27.2133,8.9085,0.59341
3222,27.2822,7.5046,0.57435
3223,27.3511,7.4174,0.57434
3224,27.42,6.7766,0.65533
3225,27.4889,6.5339,0.63641
3226,27.5578,6.5743,0.62686
3227,27.6267,9.1597,0.50542
3228,27.6956,8.3129,0.73544
3229,27.7645,9.0804,0.80706
3230,27.8334,7.7218,0.94578
3231,27.9023,9.1108,0.97594
3232,27.9712,11.2971,1.52511
3233,28.0401,12.4534,1.75782
3234,28.109,14.2276,2.87498
3235,28.1778,17.6507,3.07116
3236,28.2467,20.296,3.40626
3237,28.3156,22.0576,3.969
3238,28.3845,24.1619,4.31546
3239,28.4534,25.0809,5.1744
3240,28.5223,23.285,5.65444
3241,28.5912,25.2294,5.4216
3242,28.6601,23.3399,5.69118
3243,28.729,22.5209,6.31857
3244,28.7979,21.2817,6.26525
3245,28.8668,17.6403,6.00828
3246,28.9357,13.897,3.8637
3247,29.0046,11.9448,3.33923
3248,29.0735,10.8991,3.14237
3249,29.1424,10.0417,2.36727
3250,29.2113,7.3397,2.03169
3251,29.2802,8.9907,2.27543
3252,29.3491,9.8912,2.58593
3253,29.4179,10.288,1.69385
3254,29.4868,8.9033,1.43174
3255,29.5557,8.1347,1.55628
3256,29.6246,7.4669,0.98305
3257,29.6935,7.7928,0.88059
3258,29.7624,8.0611,1.14645
3259,29.8313,9.8953,1.18607
3260,29.9002,8.9149,1.09507
3261,29.9691,9.8239,1.16476
3262,30.038,11.4383,1.23168
3263,30.1069,9.3305,1.3577
3264,30.1758,8.7924,1.72394
3265,30.2447,8.1282,1.57244
3266,30.3136,10.0162,2.28524
3267,30.3825,10.9221,2.47436
3268,30.4514,9.5749,2.57267
3269,30.5203,12.1253,2.12826
3270,30.5892,14.368,1.62864
3271,30.6581,13.3956,1.25101
3272,30.7269,11.0035,1.21614
3273,30.7958,14.1057,1.23919
3274,30.8647,12.0416,1.00939
3275,30.9336,13.0102,1.10152
3276,31.0025,11.7694,1.41373
3277,31.0714,10.3082,1.63386
3278,31.1403,8.102,1.22056
3279,31.2092,7.6727,0.4796
3280,31.2781,6.0132,0.84935
3281,31.347,7.4952,0.68126
3282,31.4159,7.985,0.99314
3283,31.4848,8.7922,1.88179
3284,31.5537,12.8987,2.18349
3285,31.6226,13.4126,1.81492
3286,31.6915,14.0449,1.13337
3287,31.7604,13.7908,1.64069
3288,31.8293,15.365,1.75797
3289,31.8982,14.3445,1.67303
3290,31.967,13.64,1.89257
3291,32.0359,12.3069,1.65692
3292,32.1048,13.9484,1.42246
3293,32.1737,18.7503,1.93833
3294,32.2426,19.1085,2.4678
3295,32.3115,19.7433,2.16784
3296,32.3804,17.9003,2.04608
3297,32.4493,15.6695,1.98046
3298,32.5182,12.9841,1.41973
3299,32.5871,13.9545,1.65492
3300,32.656,14.4418,2.23471
3301,32.7249,13.9226,2.41336
3302,32.7938,13.8084,2.63119
3303,32.8627,10.5996,2.18351
3304,32.9316,9.5556,1.59701
3305,33.0005,10.1325,1.54288
3306,33.0694,12.5238,1.09622
3307,33.1383,12.0254,1.05296
3308,33.2071,12.5389,1.55338
3309,33.276,17.8024,1.23184
3310,33.3449,18.8865,1.20242
3311,33.4138,21.265,1.65045
3312,33.4827,20.4143,1.46933
3313,33.5516,21.0974,2.32003
3314,33.6205,20.5046,2.53393
3315,33.6894,17.6369,2.35291
3316,33.7583,17.4866,1.11349
3317,33.8272,19.1613,1.58378
3318,33.8961,19.9302,2.35304
3319,33.965,19.8752,2.56459
3320,34.0339,22.5746,4.41448
3321,34.1028,27.1961,5.44471
3322,34.1717,30.5357,6.06258
3323,34.2406,31.0299,6.74684
3324,34.3095,29.7511,5.08534
3325,34.3784,28.7278,3.45082
3326,34.4472,26.1179,3.117
3327,34.5161,22.54,2.82957
3328,34.585,23.1293,2.21642
3329,34.6539,21.2476,2.48044
3330,34.7228,24.8636,2.08935
3331,34.7917,26.3218,2.82607
3332,34.8606,28.167,2.84093
3333,34.9295,32.2054,2.85669
3334,34.9984,35.8294,3.21974
3335,35.0673,38.05,3.23259
3336,35.1362,41.4215,3.40502
3337,35.2051,40.8305,3.42422
3338,35.274,32.225,2.62916
3339,35.3429,24.4705,1.43111
3340,35.4118,18.0045,2.04682
3341,35.4807,11.6085,2.04287
3342,35.5496,9.3906,2.43525
3343,35.6185,10.0125,2.5417
3344,35.6873,10.0139,1.90745
3345,35.7562,10.7227,1.6805
3346,35.8251,12.197,1.24458
3347,35.894,10.1886,1.15567
3348,35.9629,7.3906,0.72687
3349,36.0318,9.1122,0.62015
3350,36.1007,7.2819,0.72861
3351,36.1696,7.0695,0.96834
3352,36.2385,7.2757,1.11762
3353,36.3074,8.4422,1.09887
3354,36.3763,8.6949,1.02135
3355,36.4452,10.9655,0.8127
3356,36.5141,11.4656,0.73927
3357,36.583,9.3672,1.14781
3358,36.6519,10.5723,0.64606
3359,36.7208,11.4,0.9939
3360,36.7897,15.9619,1.78748
3361,36.8586,18.4286,2.21745
3362,36.9274,16.8216,2.63821
3363,36.9963,11.3786,2.26534
3364,37.0652,12.8257,2.98733
3365,37.1341,14.0852,1.96919
3366,37.203,16.155,2.33566
3367,37.2719,14.3315,2.3546
3368,37.3408,17.1468,2.26197
3369,37.4097,18.3075,1.79529
3370,37.4786,21.9079,1.16612
3371,37.5475,18.7893,1.2318
3372,37.6164,18.1203,1.80962
3373,37.6853,16.1541,1.51342
3374,37.7542,14.0381,1.94927
3375,37.8231,17.7485,1.46291
3376,37.892,20.3057,1.44349
3377,37.9609,18.904,1.43133
3378,38.0298,16.0848,0.96167
3379,38.0987,12.8598,1.23706
3380,38.1675,13.7717,1.32688
3381,38.2364,15.1104,1.25467
3382,38.3053,17.0506,1.30057
3383,38.3742,16.5993,0.98032
3384,38.4431,22.7562,1.38708
3385,38.512,20.209,0.89897
3386,38.5809,17.1106,1.21387
3387,38.6498,18.7564,1.39244
3388,38.7187,18.3963,1.63158
3389,38.7876,19.5927,1.38754
3390,38.8565,17.8871,1.48938
3391,38.9254,20.16,1.78413
3392,38.9943,21.5463,2.1499
3393,39.0632,20.3768,2.33223
3394,39.1321,20.2572,2.51796
3395,39.201,18.6692,3.03577
3396,39.2699,19.6322,3.68048
3397,39.3388,19.342,4.8629
3398,39.4076,19.1717,4.84299
3399,39.4765,20.8112,5.04682
3400,39.5454,18.7056,5.09017
3401,39.6143,17.6329,3.88965
3402,39.6832,16.7429,4.07126
3403,39.7521,16.5049,3.79807
3404,39.821,14.2878,3.26836
3405,39.8899,14.8128,3.81517
3406,39.9588,13.5109,4.11954
3407,40.0277,14.3771,3.57102
3408,40.0966,12.2831,3.79053
3409,40.1655,10.5172,2.59086
3410,40.2344,10.7121,1.74468
3411,40.3033,9.4586,1.67195
3412,40.3722,10.6082,1.33923
3413,40.4411,11.8177,1.50938
3414,40.51,11.6115,1.55107
3415,40.5789,15.859,2.16813
3416,40.6478,17.1145,2.16802
3417,40.7166,21.3122,2.34097
3418,40.7855,25.5926,3.20061
3419,40.8544,24.1635,3.33542
3420,40.9233,19.8273,3.28216
3421,40.9922,22.2722,3.0678
3422,41.0611,20.1797,2.68762
3423,41.13,20.0825,2.13601
3424,41.1989,23.085,1.87145
3425,41.2678,23.5692,1.75668
3426,41.3367,21.9827,2.45965
3427,41.4056,21.4866,2.54542
3428,41.4745,24.3425,2.88251
3429,41.5434,23.0167,3.28127
3430,41.6123,23.4134,3.19747
3431,41.6812,22.1145,3.17816
3432,41.7501,22.97,2.83014
3433,41.819,19.8201,2.61397
3434,41.8879,16.934,2.78234
3435,41.9567,14.8942,3.76523
3436,42.0256,17.6482,4.97969
3437,42.0945,18.2633,6.46469
3438,42.1634,20.2391,6.24212
3439,42.2323,18.9945,6.17877
3440,42.3012,17.2714,5.30029
3441,42.3701,15.1941,3.31476
3442,42.439,12.2475,2.18741
3443,42.5079,10.0946,1.6454
3444,42.5768,9.5805,1.10794
3445,42.6457,7.7856,0.85692
3446,42.7146,8.5211,0.95831
3447,42.7835,10.1416,0.74766
3448,42.8524,10.5954,1.12637
3449,42.9213,11.8078,1.22274
3450,42.9902,10.0664,1.94598
3451,43.0591,8.8989,2.06464
3452,43.128,9.562,1.82605
3453,43.1968,11.7247,0.99811
3454,43.2657,11.998,1.19534
3455,43.3346,15.407,1.04408
3456,43.4035,15.9661,0.90171
3457,43.4724,15.6473,0.78651
3458,43.5413,17.1637,1.13602
3459,43.6102,16.2383,0.74682
3460,43.6791,13.6544,0.89631
3461,43.748,13.3942,0.91299
3462,43.8169,12.0092,0.70047
3463,43.8858,8.6427,0.6378
3464,43.9547,10.2822,0.7167
3465,44.0236,10.2104,0.74138
3466,44.0925,9.9592,0.94018
3467,44.1614,12.0442,1.02782
3468,44.2303,9.8687,0.86282
3469,44.2992,12.6705,0.70712
3470,44.3681,11.5578,0.48919
3471,44.437,12.1816,0.89926
3472,44.5058,11.5107,1.56401
3473,44.5747,10.1378,1.51141
3474,44.6436,11.4664,1.18801
3475,44.7125,12.7268,1.62553
3476,44.7814,10.0133,1.36319
3477,44.8503,10.9625,1.62128
3478,44.9192,11.2967,1.14884
3479,44.9881,8.762,1.63984
3480,45.057,8.3304,1.48083
3481,45.1259,9.3375,1.03472
3482,45.1948,8.6342,1.46178
3483,45.2637,8.8432,1.26735
3484,45.3326,9.8782,1.45869
3485,45.4015,13.5128,1.94056
3486,45.4704,14.7048,1.96653
3487,45.5393,16.1742,2.25053
3488,45.6082,19.7126,3.11265
3489,45.6771,19.8681,3.92148
3490,45.7459,18.8085,4.1846
3491,45.8148,14.328,3.51979
3492,45.8837,14.1907,2.87888
3493,45.9526,13.2228,2.26205
3494,46.0215,10.5834,2.52579
3495,46.0904,10.283,2.0153
3496,46.1593,9.3406,2.37231
3497,46.2282,10.9602,2.02004
3498,46.2971,11.6411,1.70764
3499,46.366,9.9557,1.83263
3500,46.4349,10.8706,2.24915
3501,46.5038,13.6602,3.21031
3502,46.5727,13.1898,3.47
3503,46.6416,14.7631,2.84952
3504,46.7105,12.0606,3.16009
3505,46.7794,9.4477,1.89802
3506,46.8483,10.2393,1.9313
3507,46.9172,12.6641,2.04308
3508,46.986,12.9991,1.92471
3509,47.0549,11.3462,1.57439
3510,47.1238,11.0038,1.61043
3511,47.1927,11.7842,1.04483
3512,47.2616,13.9437,0.97839
3513,47.3305,16.7991,1.1978
3514,47.3994,16.7814,1.13705
3515,47.4683,19.2719,1.21133
3516,47.5372,18.5759,1.07198
3517,47.6061,19.3878,1.58718
3518,47.675,20.2695,1.50867
3519,47.7439,22.035,1.35955
3520,47.8128,25.6889,0.99029
3521,47.8817,26.3895,1.63527
3522,47.9506,28.4557,2.09803
3523,48.0195,23.9469,3.03919
3524,48.0884,20.7036,2.38844
3525,48.1573,17.9536,2.08783
3526,48.2261,20.2039,2.29868
3527,48.295,19.6069,2.65855
3528,48.3639,18.036,2.41338
3529,48.4328,13.1784,2.22183
3530,48.5017,14.5535,1.72541
3531,48.5706,18.5455,2.10274
3532,48.6395,15.4961,2.1047
3533,48.7084,16.3918,2.67508
3534,48.7773,16.6457,2.77241
3535,48.8462,20.9311,2.39261
3536,48.9151,21.2983,1.64501
3537,48.984,21.9066,1.52614
3538,49.0529,22.0439,2.40304
3539,49.1218,21.8943,3.03089
3540,49.1907,21.2654,3.2842
3541,49.2596,20.6743,3.99707
3542,49.3285,21.9729,4.74717
3543,49.3974,20.3892,4.90239
3544,49.4662,21.073,4.26168
3545,49.5351,18.0788,4.37314
3546,49.604,14.8179,3.19345
3547,49.6729,14.4834,2.11689
3548,49.7418,16.4004,1.81206
3549,49.8107,15.0584,1.47908
3550,49.8796,12.0994,0.88561
3551,49.9485,12.3089,1.28
3552,50.0174,14.8641,1.29806
3553,50.0863,16.6493,2.24309
3554,50.1552,18.994,2.05122
3555,50.2241,23.0043,1.86437
3556,50.293,22.666,1.78693
3557,50.3619,19.4293,1.6829
3558,50.4308,15.3312,2.12093
3559,50.4997,16.5683,1.29177
3560,50.5686,17.4419,1.6245
3561,50.6375,16.0366,1.19961
3562,50.7063,17.8332,1.13837
3563,50.7752,18.9756,0.76131
3564,50.8441,17.5428,0.91168
3565,50.913,14.639,0.61853
3566,50.9819,13.4387,0.88487
3567,51.0508,12.5624,1.11939
3568,51.1197,12.898,1.88487
3569,51.1886,13.3741,1.85582
3570,51.2575,15.3552,2.15356
3571,51.3264,17.4889,2.2553
3572,51.3953,18.7125,2.19305
3573,51.4642,17.228,1.99722
3574,51.5331,18.185,1.40743
3575,51.602,17.492,1.5322
3576,51.6709,16.2291,1.56372
3577,51.7398,18.344,1.11746
3578,51.8087,18.0964,1.80385
3579,51.8776,15.8195,2.0833
3580,51.9464,20.1992,1.90263
3581,52.0153,20.866,1.67561
3582,52.0842,21.5775,1.54423
3583,52.1531,20.448,2.19999
3584,52.222,16.3514,2.13469
3585,52.2909,11.6482,2.07705
3586,52.3598,11.7823,2.07604
3587,52.4287,11.4007,1.77884
3588,52.4976,8.9726,1.04937
3589,52.5665,10.5605,1.18773
3590,52.6354,11.0007,1.67566
3591,52.7043,11.4168,2.57416
3592,52.7732,13.0794,3.16461
3593,52.8421,12.0802,2.53061
3594,52.911,11.7634,1.66056
3595,52.9799,12.8717,1.11904
3596,53.0488,14.0807,0.97419
3597,53.1177,13.9157,0.72494
3598,53.1866,14.9874,1.12612
3599,53.2554,18.0946,1.39744
3600,53.3243,18.1125,1.55817
3601,53.3932,16.0998,1.05828
3602,53.4621,12.9929,0.98655
3603,53.531,12.9999,1.58505
3604,53.5999,12.212,1.7022
3605,53.6688,10.6993,1.41992
3606,53.7377,9.3249,1.26028
3607,53.8066,8.9512,1.44121
3608,53.8755,7.5863,1.3097
3609,53.9444,8.1394,1.29929
3610,54.0133,9.7728,1.37451
3611,54.0822,10.1096,1.76124
3612,54.1511,15.2786,1.64331
3613,54.22,16.8155,1.45283
3614,54.2889,15.019,1.25814
3615,54.3578,16.3439,1.76978
3616,54.4267,16.073,1.35666
3617,54.4955,15.7675,1.43165
3618,54.5644,14.2948,1.46527
3619,54.6333,14.4235,1.55764
3620,54.7022,14.6822,1.53313
3621,54.7711,17.5789,1.37062
3622,54.84,19.8501,1.76205
3623,54.9089,24.5565,1.84133
3624,54.9778,22.316,2.19692
3625,55.0467,21.142,1.53715
3626,55.1156,19.966,1.82225
3627,55.1845,20.283,1.81559
3628,55.2534,21.0717,1.32321
3629,55.3223,20.2628,2.05345
3630,55.3912,21.1845,1.59593
3631,55.4601,23.8662,2.13247
3632,55.529,24.7581,2.68616
3633,55.5979,27.8619,2.83575
3634,55.6668,24.8353,3.11151
3635,55.7356,22.5992,3.72413
3636,55.8045,19.3724,3.07323
3637,55.8734,17.921,3.81598
3638,55.9423,12.9307,3.68698
3639,56.0112,12.0543,2.91659
3640,56.0801,15.973,2.41862
3641,56.149,15.5285,2.14393
3642,56.2179,12.3142,3.2546
3643,56.2868,13.0108,2.71835
3644,56.3557,13.0202,2.4811
3645,56.4246,14.424,1.81743
3646,56.4935,15.0057,2.01044
3647,56.5624,17.9194,3.44785
3648,56.6313,15.6605,2.94835
3649,56.7002,13.5376,2.54877
3650,56.7691,14.5589,1.91483
3651,56.838,14.0638,1.80402
3652,56.9069,16.8203,1.52402
3653,56.9757,17.104,2.53391
3654,57.0446,17.5981,2.6708
3655,57.1135,17.5555,3.03741
3656,57.1824,18.1398,3.39137
3657,57.2513,19.3283,3.48897
3658,57.3202,19.1866,3.48336
3659,57.3891,19.1476,3.30022
3660,57.458,14.9237,2.44968
3661,57.5269,12.5442,1.81585
3662,57.5958,12.891,2.03813
3663,57.6647,13.7463,2.05106
3664,57.7336,12.9918,1.66926
3665,57.8025,10.8957,1.23265
3666,57.8714,11.6225,1.54301
3667,57.9403,11.4555,1.03222
3668,58.0092,10.8407,1.55065
3669,58.0781,12.0849,1.54377
3670,58.147,12.9743,2.36818
3671,58.2159,14.6642,1.45215
3672,58.2847,13.6094,1.81085
3673,58.3536,13.3854,2.02331
3674,58.4225,15.6922,1.88077
3675,58.4914,14.9394,3.18743
3676,58.5603,12.0735,3.14178
3677,58.6292,11.2889,3.26041
3678,58.6981,9.3856,3.44659
3679,58.767,8.9362,3.41816
3680,58.8359,8.2727,4.25806
3681,58.9048,8.0011,3.11408
3682,58.9737,7.4723,2.40865
3683,59.0426,7.513,1.28765
3684,59.1115,6.9489,1.38289
3685,59.1804,8.7117,1.43774
3686,59.2493,8.9106,1.11695
3687,59.3182,10.0915,1.47433
3688,59.3871,10.4948,1.20482
3689,59.456,12.1557,1.26177
3690,59.5248,17.7201,2.66233
3691,59.5937,21.3924,3.79305
3692,59.6626,25.1458,5.23135
3693,59.7315,23.7093,4.7215
3694,59.8004,18.7533,3.87586
3695,59.8693,20.7297,3.2335
3696,59.9382,23.2334,2.9202
3697,60.0071,25.403,2.22547
3698,60.076,22.2924,2.35665
3699,60.1449,20.0208,2.30802
3700,60.2138,20.5733,1.93685
3701,60.2827,19.1329,2.47704
3702,60.3516,16.1198,2.46914
3703,60.4205,12.8306,2.22732
3704,60.4894,11.4857,1.41031
3705,60.5583,10.8304,1.01162
3706,60.6272,12.8195,1.04545
3707,60.6961,10.7889,0.88828
3708,60.7649,10.3979,0.99011
3709,60.8338,9.9416,1.04491
3710,60.9027,10.0557,0.65227
3711,60.9716,10.2716,1.07554
3712,61.0405,11.7663,0.89161
3713,61.1094,12.6466,1.2403
3714,61.1783,16.2202,1.08537
3715,61.2472,16.3449,1.10915
3716,61.3161,15.3752,1.09607
3717,61.385,13.003,1.32708
3718,61.4539,9.332,1.7213
3719,61.5228,10.0242,1.8261
3720,61.5917,9.2133,1.63327
3721,61.6606,7.0453,1.49182
3722,61.7295,8.7179,1.61694
3723,61.7984,9.9183,1.53792
3724,61.8673,10.1758,1.72743
3725,61.9362,12.9862,1.06889
3726,62.005,12.2315,0.79391
3727,62.0739,11.3547,1.29389
3728,62.1428,13.1827,1.67646
3729,62.2117,14.0122,1.28887
3730,62.2806,12.1518,1.32005
3731,62.3495,12.7908,1.29062
3732,62.4184,14.7594,1.87346
3733,62.4873,13.1956,1.66443
3734,62.5562,14.3843,1.54428
3735,62.6251,13.9522,2.02004
3736,62.694,10.7812,2.42235
3737,62.7629,10.3301,1.84926
3738,62.8318,10.6978,1.22325
3739,62.9007,10.9902,1.12947
3740,62.9696,10.098,0.90449
3741,63.0385,10.477,1.08083
3742,63.1074,8.7432,0.85818
3743,63.1763,8.781,0.88195
3744,63.2451,10.1075,1.13231
3745,63.314,9.9255,1.02982
3746,63.3829,10.7569,1.58685
3747,63.4518,11.8083,1.90813
3748,63.5207,12.2045,2.00841
3749,63.5896,14.0861,1.52294
3750,63.6585,14.3938,1.27931
3751,63.7274,14.0327,0.85712
3752,63.7963,12.7271,0.63604
3753,63.8652,12.9858,0.37905
3754,63.9341,14.2101,0.62644
3755,64.003,13.8576,0.7525
3756,64.0719,14.4378,0.81047
3757,64.1408,15.9245,0.73247
3758,64.2097,17.8305,0.87823
3759,64.2786,19.7054,0.89279
3760,64.3475,20.0523,1.31468
3761,64.4164,21.7879,0.73607
3762,64.4852,23.3859,0.74513
3763,64.5541,19.5535,1.09112
3764,64.623,19.2226,0.77539
3765,64.6919,17.6798,0.73718
3766,64.7608,17.9924,0.53676
3767,64.8297,18.1936,0.62531
