,position (um),Fat2 intensity,Abi intensity
0,0.0,16.6609,2.28286
1,0.0689,14.5956,2.18423
2,0.1378,12.7806,1.69935
3,0.2067,13.1676,1.06964
4,0.2756,12.5806,0.81355
5,0.3445,14.6245,1.17187
6,0.4134,16.0003,1.16285
7,0.4823,18.9982,1.01304
8,0.5512,22.7387,0.8766
9,0.6201,25.6374,1.10734
10,0.6889,23.6853,0.55158
11,0.7578,22.1161,0.63584
12,0.8267,15.9669,1.14058
13,0.8956,17.1168,0.94717
14,0.9645,19.994,0.6486
15,1.0334,19.661,1.14138
16,1.1023,16.1992,1.34453
17,1.1712,10.638,0.72031
18,1.2401,8.4705,0.78482
19,1.309,8.7246,0.88307
20,1.3779,8.8307,0.55995
21,1.4468,7.4936,0.71371
22,1.5157,7.4828,0.69064
23,1.5846,8.6985,0.48769
24,1.6535,9.0094,0.46633
25,1.7224,10.062,0.62359
26,1.7913,14.2491,0.7983
27,1.8602,18.2382,1.16442
28,1.929,17.5707,1.10522
29,1.9979,18.341,0.95628
30,2.0668,19.4402,0.84029
31,2.1357,22.8779,1.22947
32,2.2046,29.8928,1.64096
33,2.2735,40.0796,1.77613
34,2.3424,41.128,2.15199
35,2.4113,45.7038,2.18057
36,2.4802,36.8728,2.08784
37,2.5491,28.8151,2.44146
38,2.618,17.3969,2.19389
39,2.6869,10.5225,1.82658
40,2.7558,6.8243,1.72474
41,2.8247,6.7254,1.31057
42,2.8936,9.2974,1.19848
43,2.9625,13.0486,1.41294
44,3.0314,13.4912,1.50222
45,3.1003,13.1592,1.40873
46,3.1691,13.6637,1.6724
47,3.238,11.7108,1.61475
48,3.3069,10.7282,1.72514
49,3.3758,11.2306,1.32888
50,3.4447,8.1228,1.33999
51,3.5136,6.6111,0.92312
52,3.5825,9.2136,0.62471
53,3.6514,10.8232,0.35148
54,3.7203,10.4599,0.64942
55,3.7892,11.146,0.63399
56,3.8581,9.4653,0.97042
57,3.927,9.3205,1.18243
58,3.9959,8.0874,0.92971
59,4.0648,8.8903,1.46726
60,4.1337,8.7167,1.254
61,4.2026,10.0479,1.24741
62,4.2715,11.4064,1.13207
63,4.3404,13.7991,1.14232
64,4.4092,13.7463,0.86215
65,4.4781,17.7513,1.15384
66,4.547,22.871,1.24865
67,4.6159,24.521,2.12647
68,4.6848,32.5003,1.7486
69,4.7537,40.716,2.35362
70,4.8226,42.3343,2.89318
71,4.8915,34.8706,3.08012
72,4.9604,22.4144,2.32127
73,5.0293,16.4552,2.13085
74,5.0982,17.6611,1.51142
75,5.1671,22.7451,1.17383
76,5.236,25.9991,1.27352
77,5.3049,23.9566,0.71641
78,5.3738,22.5082,0.88031
79,5.4427,28.0383,0.90024
80,5.5116,39.3083,1.0919
81,5.5805,50.6275,1.82911
82,5.6493,46.5339,1.19365
83,5.7182,36.3069,1.14144
84,5.7871,23.1292,1.0952
85,5.856,15.703,0.99555
86,5.9249,18.3471,1.18287
87,5.9938,20.6234,1.09982
88,6.0627,24.5061,1.76376
89,6.1316,26.2209,2.15522
90,6.2005,26.9013,2.34778
91,6.2694,19.0135,2.29598
92,6.3383,20.8084,2.34224
93,6.4072,13.2395,1.95838
94,6.4761,12.7622,1.56932
95,6.545,9.2498,1.32194
96,6.6139,8.9524,0.96826
97,6.6828,11.0147,1.40031
98,6.7517,14.1725,1.27346
99,6.8206,24.1021,1.25179
100,6.8894,26.1352,1.3042
101,6.9583,29.2166,1.33553
102,7.0272,24.1768,2.17562
103,7.0961,24.4053,2.32782
104,7.165,21.7,2.20514
105,7.2339,12.7188,1.82485
106,7.3028,7.8495,1.55758
107,7.3717,7.4731,1.12703
108,7.4406,7.2296,1.14435
109,7.5095,8.2339,0.91144
110,7.5784,8.7659,0.95875
111,7.6473,7.6214,0.79382
112,7.7162,8.6657,1.02418
113,7.7851,8.9274,1.37528
114,7.854,11.5019,2.11969
115,7.9229,13.0503,1.38875
116,7.9918,13.0198,2.3219
117,8.0607,10.4124,1.77208
118,8.1296,7.7063,1.35073
119,8.1984,6.3552,1.55219
120,8.2673,5.8245,0.90493
121,8.3362,4.1194,0.99768
122,8.4051,4.2708,0.90489
123,8.474,5.4508,1.06849
124,8.5429,5.3614,1.10525
125,8.6118,5.339,1.11196
126,8.6807,4.5797,1.09098
127,8.7496,5.4448,0.84235
128,8.8185,6.2116,1.13581
129,8.8874,5.8892,1.00106
130,8.9563,5.2433,0.82947
131,9.0252,6.9836,1.01114
132,9.0941,8.3987,1.18252
133,9.163,9.5263,1.15265
134,9.2319,12.5332,1.17726
135,9.3008,12.3557,1.11632
136,9.3697,9.7088,1.22391
137,9.4385,7.3878,1.08017
138,9.5074,5.7392,1.14258
139,9.5763,4.5037,1.60838
140,9.6452,3.2176,1.26675
141,9.7141,4.1515,1.08918
142,9.783,5.6422,0.71959
143,9.8519,5.5352,0.88539
144,9.9208,6.3794,0.95417
145,9.9897,7.8221,1.57855
146,10.0586,6.6531,1.16945
147,10.1275,7.4722,1.69458
148,10.1964,7.1728,1.06302
149,10.2653,7.6052,1.18082
150,10.3342,10.0245,1.78256
151,10.4031,17.4886,2.1444
152,10.472,25.0566,2.47666
153,10.5409,26.6715,2.50987
154,10.6098,27.6892,2.80465
155,10.6786,22.1735,2.60536
156,10.7475,20.0751,2.61933
157,10.8164,18.9358,2.09049
158,10.8853,19.4493,2.20059
159,10.9542,18.9069,2.32516
160,11.0231,17.3729,1.8168
161,11.092,15.8651,2.8655
162,11.1609,16.207,2.7841
163,11.2298,14.5594,2.65917
164,11.2987,11.6862,2.23351
165,11.3676,11.7893,2.66308
166,11.4365,11.1509,1.97305
167,11.5054,12.9396,1.94641
168,11.5743,14.684,2.42732
169,11.6432,16.2441,2.35315
170,11.7121,19.2553,1.55971
171,11.781,23.4497,1.90449
172,11.8499,25.0092,2.33328
173,11.9187,23.4022,2.24503
174,11.9876,19.0229,2.50297
175,12.0565,19.2513,2.15302
176,12.1254,18.1507,2.12296
177,12.1943,14.636,1.89374
178,12.2632,11.1657,1.63128
179,12.3321,10.2581,2.13708
180,12.401,9.1383,2.66259
181,12.4699,9.7864,2.72158
182,12.5388,7.5553,1.89841
183,12.6077,6.8773,1.82277
184,12.6766,11.4159,1.51465
185,12.7455,15.4636,1.26465
186,12.8144,14.9985,1.01729
187,12.8833,11.3149,0.47938
188,12.9522,7.401,0.62046
189,13.0211,9.3526,0.97353
190,13.09,9.0457,0.77127
191,13.1588,11.5638,0.90886
192,13.2277,14.6876,1.45684
193,13.2966,15.2349,1.41002
194,13.3655,17.7075,1.40074
195,13.4344,21.7678,2.07996
196,13.5033,24.5146,1.74681
197,13.5722,30.2026,1.94821
198,13.6411,31.4477,1.44157
199,13.71,26.4126,1.77833
200,13.7789,20.6536,1.70497
201,13.8478,14.2591,1.04948
202,13.9167,12.071,0.58337
203,13.9856,12.9055,0.72262
204,14.0545,13.5186,1.14923
205,14.1234,9.1556,0.66415
206,14.1923,6.1028,0.89513
207,14.2612,4.3217,0.89068
208,14.3301,3.5074,0.71128
209,14.3989,4.1287,1.27299
210,14.4678,4.8074,1.28291
211,14.5367,5.2667,0.83369
212,14.6056,4.5325,0.76464
213,14.6745,3.844,1.14538
214,14.7434,3.2733,0.89104
215,14.8123,5.1411,1.13099
216,14.8812,6.2775,1.06877
217,14.9501,6.581,1.44526
218,15.019,6.8522,1.01397
219,15.0879,5.627,1.10324
220,15.1568,3.5865,1.65524
221,15.2257,5.1194,1.55967
222,15.2946,9.0019,1.87447
223,15.3635,8.8413,1.83355
224,15.4324,8.2877,2.12819
225,15.5013,8.0474,1.87935
226,15.5702,6.2473,1.32438
227,15.6391,6.3481,1.7385
228,15.7079,5.5737,1.49426
229,15.7768,9.5438,1.65785
230,15.8457,11.6838,1.76571
231,15.9146,7.3884,1.94744
232,15.9835,7.2196,1.50933
233,16.0524,7.1633,1.58964
234,16.1213,6.8822,1.70444
235,16.1902,10.1072,1.79224
236,16.2591,10.7331,1.85545
237,16.328,11.7871,2.0171
238,16.3969,10.9408,1.55407
239,16.4658,13.6077,2.62801
240,16.5347,16.0035,1.77839
241,16.6036,21.0166,1.77433
242,16.6725,19.9654,2.33575
243,16.7414,16.057,1.28411
244,16.8103,14.0949,1.05463
245,16.8792,15.0563,0.97819
246,16.948,18.545,1.23115
247,17.0169,21.5465,1.38283
248,17.0858,23.3586,1.71951
249,17.1547,28.5843,1.93523
250,17.2236,32.3148,2.56851
251,17.2925,38.6256,3.26326
252,17.3614,34.6517,3.09717
253,17.4303,30.5046,3.41477
254,17.4992,29.3205,3.92517
255,17.5681,29.7147,3.42212
256,17.637,23.0865,2.58988
257,17.7059,16.6066,2.12158
258,17.7748,12.4329,2.09776
259,17.8437,9.479,1.83777
260,17.9126,8.9931,1.40543
261,17.9815,9.2126,1.58908
262,18.0504,10.6048,1.69204
263,18.1193,10.7676,2.16931
264,18.1881,10.6428,1.7712
265,18.257,9.5529,1.38085
266,18.3259,11.3714,1.3023
267,18.3948,12.8201,1.30055
268,18.4637,11.8718,1.74921
269,18.5326,10.2487,1.5174
270,18.6015,9.2286,1.5192
271,18.6704,10.7771,1.4579
272,18.7393,10.1529,1.97262
273,18.8082,8.4752,1.97402
274,18.8771,9.1906,1.81574
275,18.946,8.308,1.46729
276,19.0149,6.6787,1.75155
277,19.0838,5.6182,1.44108
278,19.1527,6.9325,1.11593
279,19.2216,5.6096,0.89842
280,19.2905,7.7287,0.91619
281,19.3594,10.1458,1.10886
282,19.4282,12.9181,1.36764
283,19.4971,15.8511,1.1969
284,19.566,14.1304,1.66329
285,19.6349,14.3101,1.71004
286,19.7038,11.2972,1.41582
287,19.7727,10.3719,1.59274
288,19.8416,9.1164,2.03685
289,19.9105,8.1189,1.76882
290,19.9794,10.5356,1.60509
291,20.0483,18.4606,2.36299
292,20.1172,22.026,1.95259
293,20.1861,23.0958,1.40086
294,20.255,21.7148,1.56807
295,20.3239,21.5362,1.37891
296,20.3928,21.3105,1.56469
297,20.4617,16.9691,1.51534
298,20.5306,15.9729,1.34797
299,20.5995,16.1506,1.58779
300,20.6683,16.9277,1.90368
301,20.7372,21.7743,1.7684
302,20.8061,33.417,1.59219
303,20.875,42.1762,2.1654
304,20.9439,51.3113,2.56759
305,21.0128,60.9958,2.75099
306,21.0817,68.1791,3.52523
307,21.1506,72.0185,3.04653
308,21.2195,66.0773,2.676
309,21.2884,56.5003,3.31205
310,21.3573,45.0749,3.49605
311,21.4262,42.8034,3.09523
312,21.4951,46.0182,3.50953
313,21.564,48.6411,3.08366
314,21.6329,45.5466,3.51076
315,21.7018,37.9491,2.71694
316,21.7707,29.2487,2.95936
317,21.8396,20.3832,2.64118
318,21.9084,14.5442,1.9943
319,21.9773,10.1147,2.43743
320,22.0462,9.1449,2.46903
321,22.1151,11.196,2.0178
322,22.184,9.303,1.70603
323,22.2529,5.9965,1.53547
324,22.3218,7.1785,1.35346
325,22.3907,7.0046,1.89167
326,22.4596,6.9459,1.6425
327,22.5285,6.4773,1.76105
328,22.5974,6.9794,1.58552
329,22.6663,6.0218,1.21972
330,22.7352,7.3639,1.54297
331,22.8041,8.6943,1.28911
332,22.873,10.9904,0.97482
333,22.9419,13.2822,1.5437
334,23.0108,15.2199,1.87338
335,23.0797,13.5403,2.16157
336,23.1486,11.3781,1.63538
337,23.2174,13.5221,1.73634
338,23.2863,15.3891,2.13493
339,23.3552,19.7724,1.7109
340,23.4241,18.6004,1.2391
341,23.493,16.244,1.76534
342,23.5619,15.3831,2.35182
343,23.6308,14.0301,2.2241
344,23.6997,16.8985,2.16231
345,23.7686,16.1339,1.97698
346,23.8375,12.4799,1.3284
347,23.9064,9.6321,1.52813
348,23.9753,8.0111,1.70332
349,24.0442,7.2909,1.88779
350,24.1131,10.4725,2.58721
351,24.182,17.3681,2.34026
352,24.2509,23.5587,3.02877
353,24.3198,26.6768,2.83742
354,24.3887,24.8499,3.0061
773,0.0,46.0729,2.79406
774,0.0689,48.2907,2.93359
775,0.1378,47.1705,3.16025
776,0.2067,43.7684,4.62214
777,0.2756,29.3782,3.77013
778,0.3445,19.6202,2.64252
779,0.4134,12.6786,2.19643
780,0.4823,11.3194,1.97686
781,0.5512,9.6306,1.7667
782,0.6201,10.6303,1.52191
783,0.6889,8.2597,1.37701
784,0.7578,6.537,1.27825
785,0.8267,5.6256,1.0776
786,0.8956,4.9199,0.51757
787,0.9645,5.6923,0.60578
788,1.0334,7.6847,0.7196
789,1.1023,9.4781,0.96149
790,1.1712,9.9716,1.39121
791,1.2401,11.7341,1.5811
792,1.309,10.8487,1.38595
793,1.3779,9.72,1.2522
794,1.4468,6.8957,1.24705
795,1.5157,7.3592,1.33477
796,1.5846,5.5508,1.03499
797,1.6535,5.9134,0.92248
798,1.7224,8.4606,1.00529
799,1.7913,10.5914,0.69221
800,1.8602,10.4939,1.06871
801,1.929,13.1684,1.44903
802,1.9979,12.8746,1.4647
803,2.0668,9.4609,1.00025
804,2.1357,6.4868,1.11625
805,2.2046,5.8438,0.97706
806,2.2735,6.1827,1.9333
807,2.3424,7.6059,1.29427
808,2.4113,8.7688,0.75052
809,2.4802,11.1831,1.19885
810,2.5491,11.6088,1.35052
811,2.618,12.4263,1.16587
812,2.6869,14.0931,1.65782
813,2.7558,15.0466,2.15043
814,2.8247,15.0244,1.6328
815,2.8936,13.0483,1.87882
816,2.9625,11.5338,2.16157
817,3.0314,10.7024,2.03604
818,3.1003,9.8679,2.05488
819,3.1691,11.8241,1.71335
820,3.238,11.3645,1.80807
821,3.3069,11.6611,1.95665
822,3.3758,10.9011,2.38684
823,3.4447,15.2117,2.184
824,3.5136,23.8422,2.11274
825,3.5825,28.5057,2.30884
826,3.6514,23.8433,3.23406
827,3.7203,16.3417,2.65939
828,3.7892,10.6047,2.01379
829,3.8581,12.6308,1.79527
830,3.927,12.9721,1.99015
831,3.9959,10.5214,1.74519
832,4.0648,7.4623,1.22574
833,4.1337,7.5086,1.28085
834,4.2026,5.4695,1.87566
835,4.2715,5.7674,1.74574
836,4.3404,5.0605,1.9632
837,4.4092,5.3671,1.85045
838,4.4781,7.9046,1.76969
839,4.547,10.1527,1.30989
840,4.6159,9.957,1.84102
841,4.6848,13.074,2.24476
842,4.7537,16.8665,2.21112
843,4.8226,17.4775,2.41698
844,4.8915,19.2312,2.21462
845,4.9604,27.6215,1.8919
846,5.0293,37.9538,2.28053
847,5.0982,59.8021,3.17195
848,5.1671,81.7403,2.87088
849,5.236,78.2555,3.28838
850,5.3049,69.4018,3.93568
851,5.3738,52.2337,3.42543
852,5.4427,39.7586,2.75365
853,5.5116,33.7158,2.11933
854,5.5805,31.0041,2.02448
855,5.6493,29.9757,1.75001
856,5.7182,26.9435,1.05339
857,5.7871,25.9698,1.33768
858,5.856,21.1834,1.09224
859,5.9249,19.4846,1.60814
860,5.9938,19.7622,1.33732
861,6.0627,14.4992,1.96282
862,6.1316,11.9342,1.37458
863,6.2005,11.6943,1.70398
864,6.2694,10.5386,1.81648
865,6.3383,10.3119,1.55224
866,6.4072,7.7866,1.43967
867,6.4761,5.7051,1.06046
868,6.545,5.7386,1.11295
869,6.6139,8.2062,1.22866
870,6.6828,9.2712,1.48905
871,6.7517,12.4313,1.24066
872,6.8206,11.9204,1.58224
873,6.8894,12.4542,1.376
874,6.9583,13.0224,1.09746
875,7.0272,8.4409,1.23354
876,7.0961,11.7891,1.33493
877,7.165,15.885,0.91688
878,7.2339,16.1047,0.87139
879,7.3028,15.9707,1.08875
880,7.3717,13.6186,0.73832
881,7.4406,10.6271,1.20588
882,7.5095,9.0921,1.2609
883,7.5784,8.7025,1.29469
884,7.6473,8.278,1.32334
885,7.7162,9.8596,0.74269
886,7.7851,10.3369,0.85265
887,7.854,12.1931,1.02039
888,7.9229,13.9531,1.50239
889,7.9918,18.6072,1.18482
890,8.0607,16.2645,1.33221
891,8.1296,15.7592,1.19521
892,8.1984,17.4165,1.47087
893,8.2673,22.34,1.12015
894,8.3362,36.6834,2.24274
895,8.4051,48.4074,2.73363
896,8.474,56.0792,3.46425
897,8.5429,47.9602,4.04205
898,8.6118,30.694,3.10841
899,8.6807,20.3656,2.01041
900,8.7496,15.1514,1.65214
901,8.8185,11.1525,1.17166
902,8.8874,9.0406,1.04729
903,8.9563,8.8355,0.82456
904,9.0252,9.058,0.91331
905,9.0941,7.7596,0.92148
906,9.163,5.3581,0.80895
907,9.2319,5.0155,0.97435
908,9.3008,4.8034,0.90961
909,9.3697,4.5707,1.3763
910,9.4385,4.4945,1.04007
911,9.5074,4.6834,0.66954
912,9.5763,3.6578,1.13517
913,9.6452,4.3101,0.98856
914,9.7141,4.3712,1.03006
915,9.783,4.3976,1.0308
916,9.8519,4.4995,0.82751
917,9.9208,4.4332,1.43823
918,9.9897,5.1819,0.78067
919,10.0586,6.3662,0.66502
920,10.1275,8.0438,0.69672
921,10.1964,10.0745,1.03347
922,10.2653,8.5965,1.0613
923,10.3342,11.0433,1.13191
924,10.4031,10.7056,0.68385
925,10.472,12.2512,0.74632
926,10.5409,14.4855,0.87986
927,10.6098,14.2315,1.61206
928,10.6786,11.1679,1.07191
929,10.7475,11.1881,0.82446
930,10.8164,11.2479,1.29554
931,10.8853,13.5606,0.89583
932,10.9542,15.6192,1.13279
933,11.0231,20.136,1.416
934,11.092,23.6257,1.63779
935,11.1609,27.6318,1.51542
936,11.2298,26.5116,1.98699
937,11.2987,29.7608,2.01478
938,11.3676,34.4769,2.29764
939,11.4365,35.2365,2.28895
940,11.5054,36.7854,3.19792
941,11.5743,35.1577,3.16173
942,11.6432,28.2011,2.82034
943,11.7121,20.4355,2.82996
944,11.781,13.4455,2.15097
945,11.8499,11.4776,1.37078
946,11.9187,8.897,1.12436
947,11.9876,11.403,1.01963
948,12.0565,10.128,1.05352
949,12.1254,11.2521,1.1095
950,12.1943,13.2512,1.14077
951,12.2632,20.6037,2.2799
952,12.3321,27.9925,2.36893
953,12.401,37.7412,2.76028
954,12.4699,34.7311,2.0598
955,12.5388,29.9386,1.7938
956,12.6077,22.7427,1.24778
957,12.6766,13.4122,0.72878
958,12.7455,8.9356,0.56612
959,12.8144,4.9632,0.73095
960,12.8833,4.5,1.09701
961,12.9522,4.7058,1.28793
962,13.0211,3.7222,0.65458
963,13.09,3.9561,1.00764
964,13.1588,5.6438,1.30635
965,13.2277,6.6274,1.29595
966,13.2966,10.3348,0.78816
967,13.3655,15.7289,0.92033
968,13.4344,12.783,1.48414
969,13.5033,11.1334,1.93083
970,13.5722,9.8004,1.26735
971,13.6411,6.1363,0.79527
972,13.71,7.0954,0.9571
973,13.7789,11.0431,1.61064
974,13.8478,12.6195,1.42767
975,13.9167,13.3522,1.52237
976,13.9856,11.6676,0.87047
977,14.0545,9.7474,0.89106
978,14.1234,9.3385,1.00242
979,14.1923,5.0424,0.84432
980,14.2612,4.6622,1.15946
981,14.3301,5.2613,1.01852
982,14.3989,5.2634,1.42649
983,14.4678,5.9831,1.15575
984,14.5367,7.7469,0.96055
985,14.6056,7.8753,1.33683
986,14.6745,9.5649,1.58553
987,14.7434,10.4009,1.19253
988,14.8123,11.3269,1.80665
989,14.8812,20.81,2.18645
990,14.9501,41.5246,1.95457
991,15.019,54.4492,2.86842
992,15.0879,53.6319,3.24205
993,15.1568,42.08,3.16698
994,15.2257,33.5608,2.59565
995,15.2946,27.7419,2.33595
996,15.3635,21.742,2.32512
997,15.4324,22.9435,1.41669
998,15.5013,25.3737,1.11198
999,15.5702,26.2262,1.2421
1000,15.6391,23.5493,1.27799
1001,15.7079,19.8184,1.20895
1002,15.7768,13.0551,1.13544
1003,15.8457,12.7676,1.36156
1004,15.9146,12.5195,1.39332
1005,15.9835,14.7965,1.27685
1006,16.0524,21.2444,1.72182
1007,16.1213,24.3356,1.93799
1008,16.1902,29.342,1.87866
1009,16.2591,25.218,2.56026
1010,16.328,21.0213,3.81326
1011,16.3969,19.5439,3.1129
1012,16.4658,21.388,3.03677
1013,16.5347,28.8154,2.62345
1014,16.6036,31.2251,2.59757
1015,16.6725,29.892,1.87709
1016,16.7414,20.9305,2.17333
1017,16.8103,12.0061,1.74629
1018,16.8792,8.4784,1.47529
1019,16.948,7.9621,1.71931
1020,17.0169,11.3306,1.61417
1021,17.0858,16.2824,2.59312
1022,17.1547,21.7372,3.0268
1023,17.2236,23.0615,2.20553
1024,17.2925,23.9884,2.06544
1025,17.3614,17.4344,2.12839
1026,17.4303,16.9076,1.35364
1027,17.4992,11.9441,1.02204
1028,17.5681,12.4213,1.6743
1029,17.637,11.5804,1.62221
1030,17.7059,10.7841,1.66341
1031,17.7748,11.0609,1.57186
1032,17.8437,10.356,1.33917
1033,17.9126,12.6497,2.10134
1034,17.9815,16.8035,1.99518
1035,18.0504,18.2763,1.62082
1036,18.1193,17.8411,1.73085
1037,18.1881,12.2476,1.40938
1038,18.257,8.2172,1.20321
1039,18.3259,9.7095,1.41762
1040,18.3948,9.3426,2.17549
1041,18.4637,10.054,1.69789
1042,18.5326,10.1998,1.24342
1043,18.6015,8.6858,1.38538
1044,18.6704,6.645,1.35249
1045,18.7393,7.6313,1.76655
1046,18.8082,10.9595,1.2443
1047,18.8771,12.3357,1.19493
1048,18.946,13.7266,1.47181
1049,19.0149,15.7995,1.73608
1050,19.0838,15.4078,1.45308
1051,19.1527,18.3058,2.08934
1052,19.2216,15.1198,1.34977
1053,19.2905,14.1691,1.94435
1054,19.3594,13.7911,1.75072
1055,19.4282,10.5394,1.58677
1056,19.4971,9.0852,1.26337
1057,19.566,7.8736,0.90098
1058,19.6349,9.7254,1.80504
1059,19.7038,13.7793,1.58661
1060,19.7727,14.8897,2.05621
1061,19.8416,19.0983,1.75396
1062,19.9105,20.0016,2.54066
1063,19.9794,18.6346,2.44694
1064,20.0483,16.7865,2.26681
1065,20.1172,14.904,2.27581
1066,20.1861,15.7187,2.16501
1067,20.255,16.4412,2.66488
1068,20.3239,16.071,2.19276
1069,20.3928,14.0141,2.63558
1070,20.4617,9.1365,2.26348
1071,20.5306,6.3902,1.63447
1072,20.5995,7.1444,1.29109
1073,20.6683,6.7558,1.65533
1074,20.7372,7.5136,2.12177
1075,20.8061,7.6044,1.80071
1076,20.875,10.2159,2.22158
1077,20.9439,11.2066,2.26212
1078,21.0128,15.2017,2.41844
1079,21.0817,17.5589,2.68935
1080,21.1506,17.9658,2.4189
1081,21.2195,15.9274,1.99633
1082,21.2884,15.4455,2.41096
1083,21.3573,11.3885,1.72227
1084,21.4262,11.7189,1.38841
1085,21.4951,16.1871,1.37777
1086,21.564,21.1115,1.62623
1087,21.6329,24.3299,1.29765
1088,21.7018,21.397,1.31228
1089,21.7707,16.0477,1.85904
1090,21.8396,19.2213,1.78636
1091,21.9084,15.0103,2.03732
1092,21.9773,17.0019,1.35732
1093,22.0462,12.4212,1.27833
1094,22.1151,10.4652,1.30398
1095,22.184,7.3521,0.99433
1096,22.2529,7.5869,0.75495
1097,22.3218,8.5896,0.70523
1098,22.3907,14.5972,1.13378
1099,22.4596,17.1661,1.24846
1100,22.5285,16.8146,1.11028
1101,22.5974,15.1362,1.21953
1102,22.6663,16.7387,1.64845
1103,22.7352,17.7892,1.3783
1104,22.8041,21.7667,1.73319
1105,22.873,15.0302,1.85615
1106,22.9419,11.869,1.27961
1107,23.0108,11.8999,1.48247
1108,23.0797,8.1539,1.31983
1109,23.1486,6.2184,1.29082
1110,23.2174,6.881,1.23121
1111,23.2863,6.5661,0.95902
1112,23.3552,8.2127,1.94329
1113,23.4241,9.8799,1.71325
1114,23.493,12.4306,1.01682
1115,23.5619,12.6286,0.99209
1116,23.6308,12.6275,1.14359
1117,23.6997,14.4542,1.1126
1118,23.7686,11.1888,0.56061
1119,23.8375,10.3384,0.59084
1120,23.9064,7.9837,0.77508
1121,23.9753,9.3233,0.7497
1122,24.0442,7.9231,0.73309
1123,24.1131,6.3982,0.93934
1124,24.182,9.1901,1.07907
1125,24.2509,13.2787,0.54164
1126,24.3198,17.3205,1.32672
1127,24.3887,18.8175,2.08336
1128,24.4575,18.0149,1.34836
1129,24.5264,16.7275,2.43488
1130,24.5953,10.3307,2.20158
1131,24.6642,9.8131,1.89781
1132,24.7331,7.4646,1.13524
1133,24.802,4.6093,1.48223
1134,24.8709,4.4854,1.46128
1135,24.9398,4.1988,1.72718
1136,25.0087,4.3562,1.12998
1137,25.0776,5.0909,1.16498
1138,25.1465,5.5513,1.27236
1139,25.2154,4.8151,0.78907
1140,25.2843,4.2172,0.86223
1141,25.3532,5.8104,0.62348
1142,25.4221,6.1452,1.22124
1143,25.491,6.3104,1.56546
1144,25.5599,8.355,1.53159
1145,25.6288,11.229,1.22857
1146,25.6976,13.6094,1.55583
1147,25.7665,15.0409,0.9206
1148,25.8354,14.6874,0.84538
1149,25.9043,10.9148,0.95692
1150,25.9732,10.0521,0.60816
1151,26.0421,7.605,0.48514
1152,26.111,8.3922,1.04057
1153,26.1799,5.9516,1.12508
1154,26.2488,5.94,0.94336
1155,26.3177,7.394,0.64551
1156,26.3866,8.6643,1.25684
1157,26.4555,7.6857,0.96395
1158,26.5244,11.1348,1.00821
1159,26.5933,12.4067,0.95452
1160,26.6622,18.0059,1.62073
1161,26.7311,20.9788,1.69938
1162,26.8,25.0625,1.90371
1163,26.8689,40.5085,2.12379
1164,26.9377,54.601,3.38651
1165,27.0066,67.3659,3.41219
1166,27.0755,54.7314,3.83125
1167,27.1444,40.132,4.8241
1168,27.2133,28.6152,2.81097
1169,27.2822,18.978,2.38516
1170,27.3511,16.0516,1.85487
1171,27.42,13.1093,1.65353
1172,27.4889,11.1459,1.54911
1173,27.5578,9.5099,1.24308
1174,27.6267,7.8738,0.81212
1175,27.6956,8.0039,0.51723
1176,27.7645,6.3173,0.58245
1177,27.8334,8.6737,0.88271
1178,27.9023,10.3485,0.82688
1179,27.9712,10.3759,0.91448
1180,28.0401,10.3916,1.02979
1181,28.109,9.9006,0.95663
1182,28.1778,7.5839,0.77976
1183,28.2467,5.5986,0.97304
1184,28.3156,6.8237,0.86004
1185,28.3845,6.1551,1.28137
1186,28.4534,5.9203,0.90978
1187,28.5223,8.1265,0.30916
1188,28.5912,7.9258,0.99403
1189,28.6601,8.7577,1.15582
1190,28.729,8.3978,0.84153
1191,28.7979,6.9067,1.10061
1192,28.8668,7.5586,0.74315
1193,28.9357,7.457,0.79391
1194,29.0046,7.7816,0.31697
1195,29.0735,8.9961,0.88679
1196,29.1424,9.4569,1.42535
1197,29.2113,14.997,0.89036
1198,29.2802,14.6926,1.56808
1199,29.3491,18.321,1.04554
1200,29.4179,16.0262,0.63987
1201,29.4868,12.1713,1.11918
1202,29.5557,10.041,1.2459
1203,29.6246,9.0886,1.1594
1204,29.6935,7.5855,1.06219
1205,29.7624,6.9294,0.76703
1206,29.8313,6.6039,0.93717
1207,29.9002,6.6809,0.57783
1208,29.9691,9.3186,1.25426
1209,30.038,8.7791,1.28611
1210,30.1069,10.2712,1.25333
1211,30.1758,16.0125,1.51955
1212,30.2447,21.9544,1.77174
1213,30.3136,29.4535,1.99101
1214,30.3825,25.1414,1.797
1215,30.4514,19.7215,1.26406
1216,30.5203,17.582,1.07518
1217,30.5892,16.276,0.862
1218,30.6581,15.9218,1.00256
1219,30.7269,15.067,1.36847
1220,30.7958,11.4732,1.17956
1221,30.8647,8.3275,1.17052
1222,30.9336,7.2377,0.75489
1223,31.0025,7.5159,0.82448
1224,31.0714,6.4469,0.97756
1225,31.1403,7.3648,0.96475
1226,31.2092,8.956,0.78821
1227,31.2781,8.9893,0.89135
1228,31.347,8.6124,0.91761
1229,31.4159,9.0139,1.01572
1230,31.4848,11.9691,1.19953
1231,31.5537,11.6432,1.04328
1232,31.6226,19.2077,1.15801
1233,31.6915,22.48,2.04439
1234,31.7604,21.6338,1.73969
1235,31.8293,23.7887,2.26421
1236,31.8982,21.6232,2.3786
1237,31.967,18.8561,2.30582
1238,32.0359,15.359,2.05228
1239,32.1048,13.9088,1.9874
1240,32.1737,15.4726,2.5374
1241,32.2426,13.4063,3.06436
1242,32.3115,13.1436,2.5063
1243,32.3804,15.4155,1.75618
1244,32.4493,13.37,1.94084
1245,32.5182,13.6136,1.62943
1246,32.5871,12.3995,1.60337
1247,32.656,13.5798,1.36248
1248,32.7249,17.1741,1.16789
1249,32.7938,22.9782,1.55453
1250,32.8627,26.3828,2.12705
1251,32.9316,33.4798,2.62544
1252,33.0005,33.4582,2.98381
1253,33.0694,29.7421,2.1322
1254,33.1383,23.8296,2.47513
1255,33.2071,20.1482,1.64783
1256,33.276,13.1025,1.59485
1257,33.3449,9.7067,1.20617
1258,33.4138,7.6947,1.31629
1259,33.4827,8.4332,1.52757
1260,33.5516,6.8671,1.70924
1261,33.6205,7.6198,1.46713
1262,33.6894,8.9926,1.16899
1263,33.7583,7.0867,0.85929
1264,33.8272,6.7703,1.14894
1265,33.8961,6.1652,1.43134
1266,33.965,5.742,1.08343
1267,34.0339,5.9614,0.69306
1268,34.1028,5.5876,0.85554
1269,34.1717,5.9893,1.06082
1270,34.2406,9.575,0.85089
1271,34.3095,7.4189,1.06709
1272,34.3784,7.5565,1.30064
1273,34.4472,7.9635,1.10632
1274,34.5161,6.2463,0.71037
1275,34.585,4.0862,0.65225
1276,34.6539,5.5644,1.41172
1277,34.7228,6.4897,1.19127
1278,34.7917,6.5677,1.21137
1279,34.8606,8.4413,1.04861
1280,34.9295,7.7459,1.30583
1281,34.9984,9.6499,1.16843
1282,35.0673,12.411,1.28802
1283,35.1362,16.1829,1.12441
1284,35.2051,17.7227,1.57959
1285,35.274,23.165,2.23386
1286,35.3429,25.7251,1.86938
1287,35.4118,35.4117,2.36792
1288,35.4807,53.3031,3.58703
1289,35.5496,73.4697,4.36313
1290,35.6185,79.7423,4.89592
1291,35.6873,68.4254,4.53726
1292,35.7562,45.1953,2.98115
1293,35.8251,29.1164,2.62455
1294,35.894,16.0806,1.81545
1295,35.9629,9.6387,1.22731
1296,36.0318,8.8987,1.39103
1297,36.1007,11.5132,1.89635
1298,36.1696,17.7746,2.27277
1299,36.2385,19.1162,2.22702
1300,36.3074,15.1201,2.6968
1301,36.3763,14.1216,1.92185
1302,36.4452,11.7927,2.20747
1303,36.5141,9.5265,1.62516
1304,36.583,7.6616,1.57658
1305,36.6519,6.2082,1.52726
1306,36.7208,6.1723,1.59849
1307,36.7897,6.4519,1.39014
1308,36.8586,4.4726,1.92329
1309,36.9274,7.3898,2.34465
1310,36.9963,9.1194,2.02779
1311,37.0652,14.7817,2.93438
1312,37.1341,18.268,2.41493
1313,37.203,19.4498,2.31735
1314,37.2719,15.3651,1.99938
1315,37.3408,12.5767,1.7482
1316,37.4097,8.7078,1.69266
1317,37.4786,6.5724,1.70987
1318,37.5475,7.2438,1.41051
1319,37.6164,8.0122,1.47886
1320,37.6853,7.7071,1.74358
1321,37.7542,10.4031,1.83714
1322,37.8231,8.4692,1.73771
1323,37.892,7.2973,1.37653
1324,37.9609,7.0238,1.93862
1325,38.0298,7.4869,1.16287
1326,38.0987,7.0144,1.39297
1327,38.1675,5.655,1.24099
1328,38.2364,7.5019,1.08083
1329,38.3053,11.1073,1.34717
1330,38.3742,14.0957,1.20442
1331,38.4431,9.9731,0.58696
1332,38.512,6.909,0.63129
1333,38.5809,5.647,0.50449
1334,38.6498,5.3102,0.60794
1335,38.7187,4.9516,0.60664
1336,38.7876,5.3062,0.84908
1337,38.8565,6.6383,0.92692
1338,38.9254,8.1922,0.79395
1339,38.9943,10.4171,1.48077
1340,39.0632,12.9388,1.00758
1341,39.1321,15.9221,1.03936
1342,39.201,19.7093,0.97984
1343,39.2699,20.3942,0.96906
1344,39.3388,23.5424,1.44076
1345,39.4076,23.2431,1.68931
1346,39.4765,21.6011,2.02388
1347,39.5454,17.6995,1.95314
1348,39.6143,17.0424,1.57473
1349,39.6832,17.6281,1.81636
1350,39.7521,16.0767,1.27824
1351,39.821,14.4647,1.40554
1352,39.8899,13.9796,1.98377
1353,39.9588,14.1921,1.33029
1354,40.0277,16.5579,1.01983
1355,40.0966,15.2885,0.88935
1356,40.1655,11.8738,1.102
1357,40.2344,10.2672,0.86843
1358,40.3033,6.8039,0.65914
1359,40.3722,4.7274,0.67753
1360,40.4411,4.8896,1.18303
1361,40.51,5.3493,0.9833
1362,40.5789,7.1,0.96124
1363,40.6478,6.6916,0.98355
1364,40.7166,5.6141,0.98269
1365,40.7855,6.1769,1.14605
1366,40.8544,8.5603,0.74873
1367,40.9233,8.6772,0.80142
1368,40.9922,6.4226,0.99019
1369,41.0611,8.0534,0.79921
1370,41.13,8.7313,0.71499
1371,41.1989,7.8508,1.33961
1372,41.2678,6.5649,1.43471
1373,41.3367,6.1355,1.3585
1374,41.4056,6.7547,1.5858
1375,41.4745,6.0789,1.47535
1376,41.5434,7.6505,0.91818
1377,41.6123,8.3838,0.7476
1378,41.6812,8.9348,1.05438
1379,41.7501,9.0389,1.69002
1380,41.819,12.4458,1.16743
1381,41.8879,12.5067,0.91919
1382,41.9567,13.8173,1.82399
1383,42.0256,10.7707,1.30496
1384,42.0945,10.56,1.86248
1385,42.1634,10.0386,1.36619
1386,42.2323,9.0714,1.18845
1387,42.3012,8.0458,1.35134
1388,42.3701,7.7318,1.02335
1389,42.439,7.5583,0.83942
1390,42.5079,8.9488,0.94656
1391,42.5768,9.379,1.55802
1392,42.6457,10.3101,1.71957
1393,42.7146,8.3282,1.99195
1394,42.7835,8.9151,1.95591
1395,42.8524,11.0889,1.87804
1396,42.9213,12.1302,1.98983
1397,42.9902,13.9071,1.63953
1398,43.0591,17.4094,1.23847
1399,43.128,23.6418,1.53081
1400,43.1968,36.9426,2.5847
1401,43.2657,44.3699,3.45589
1402,43.3346,47.7147,3.13832
1403,43.4035,40.8108,4.36304
1404,43.4724,29.769,4.20484
1405,43.5413,19.3795,3.00086
1406,43.6102,12.8807,2.43471
1407,43.6791,7.0818,2.2838
1408,43.748,6.4037,1.65749
1409,43.8169,6.6425,1.03067
1410,43.8858,7.5563,0.85665
1411,43.9547,6.8656,0.93678
1412,44.0236,6.2535,0.72718
1413,44.0925,8.4202,1.0384
1414,44.1614,8.7057,0.45767
1415,44.2303,8.8737,0.97235
1416,44.2992,8.3195,1.05701
1417,44.3681,7.0714,1.09402
1418,44.437,8.7304,1.40803
1419,44.5058,9.6101,1.62851
1420,44.5747,6.8038,1.38382
1421,44.6436,6.3404,2.0095
1422,44.7125,6.8472,1.56706
1423,44.7814,6.4058,2.02359
1424,44.8503,5.9912,1.64127
1425,44.9192,6.8114,1.56883
1426,44.9881,5.3927,1.69505
1427,45.057,6.348,1.12274
1428,45.1259,8.1481,1.57406
1429,45.1948,10.2861,2.33338
1430,45.2637,11.6703,1.4457
1431,45.3326,11.2698,1.36284
1432,45.4015,8.9362,1.08129
1433,45.4704,7.5808,1.07505
1434,45.5393,7.1234,1.73992
1435,45.6082,5.7039,2.11504
1436,45.6771,5.7368,1.98029
1437,45.7459,7.6302,1.31436
1438,45.8148,9.2514,0.99756
1439,45.8837,9.5486,1.58984
1440,45.9526,11.4971,2.10727
1441,46.0215,7.3773,1.22601
1442,46.0904,6.749,1.30967
1443,46.1593,8.9421,1.09527
1444,46.2282,9.2234,1.48167
1445,46.2971,8.9629,1.39795
1446,46.366,10.2339,1.31998
1447,46.4349,13.8204,2.44055
1448,46.5038,13.8655,2.67952
1449,46.5727,15.1502,2.61266
1450,46.6416,14.9015,2.58133
1546,0.0,43.6251,3.56791
1547,0.0689,51.2793,3.47123
1548,0.1378,51.6886,3.0968
1549,0.2067,52.0644,3.87222
1550,0.2756,50.2816,3.90402
1551,0.3445,37.9993,4.17204
1552,0.4134,28.7685,2.63604
1553,0.4823,24.779,2.4657
1554,0.5512,24.1777,2.22908
1555,0.6201,27.1822,2.6953
1556,0.6889,26.7656,3.12066
1557,0.7578,25.4276,2.39047
1558,0.8267,25.8892,2.67556
1559,0.8956,25.0799,2.61095
1560,0.9645,21.5208,2.39398
1561,1.0334,19.8362,2.31616
1562,1.1023,21.8854,2.11288
1563,1.1712,21.6384,1.93984
1564,1.2401,25.2125,2.48086
1565,1.309,25.4698,1.87148
1566,1.3779,24.7841,1.75746
1567,1.4468,28.9159,1.79327
1568,1.5157,31.4854,2.21113
1569,1.5846,28.46,2.38636
1570,1.6535,29.9028,3.06121
1571,1.7224,27.2978,2.36249
1572,1.7913,23.7537,1.9871
1573,1.8602,19.0379,1.84128
1574,1.929,15.0199,0.99357
1575,1.9979,14.0439,1.6346
1576,2.0668,11.4847,1.97004
1577,2.1357,8.648,1.68223
1578,2.2046,8.6976,1.07907
1579,2.2735,7.477,0.74902
1580,2.3424,8.158,0.90872
1581,2.4113,10.0534,1.09277
1582,2.4802,8.9236,1.28164
1583,2.5491,7.4339,1.59674
1584,2.618,8.3905,1.20905
1585,2.6869,9.5378,1.06691
1586,2.7558,10.9231,1.71235
1587,2.8247,11.5501,2.41515
1588,2.8936,12.0174,1.77262
1589,2.9625,9.2478,0.783
1590,3.0314,11.2785,1.17371
1591,3.1003,16.1289,1.20978
1592,3.1691,16.9135,0.86387
1593,3.238,14.4192,0.77212
1594,3.3069,9.858,0.77001
1595,3.3758,7.842,1.0159
1596,3.4447,8.3995,0.80304
1597,3.5136,11.191,0.88099
1598,3.5825,16.8095,0.91285
1599,3.6514,14.4355,0.90885
1600,3.7203,12.3716,1.25683
1601,3.7892,10.2862,1.72023
1602,3.8581,9.4771,1.86171
1603,3.927,11.1557,1.59995
1604,3.9959,8.6237,1.02336
1605,4.0648,5.3659,0.60241
1606,4.1337,5.1461,0.65941
1607,4.2026,5.3888,0.74098
1608,4.2715,5.1772,0.81704
1609,4.3404,5.5062,1.00792
1610,4.4092,8.8721,0.94193
1611,4.4781,9.722,0.77445
1612,4.547,10.622,1.11308
1613,4.6159,12.4398,0.52492
1614,4.6848,11.9906,1.04054
1615,4.7537,11.6482,0.94051
1616,4.8226,7.9722,1.68834
1617,4.8915,6.9961,1.38922
1618,4.9604,6.3956,0.80203
1619,5.0293,5.4933,0.85173
1620,5.0982,5.0935,0.94939
1621,5.1671,6.7508,1.12599
1622,5.236,7.3116,0.80243
1623,5.3049,9.0083,0.78634
1624,5.3738,10.0867,0.83063
1625,5.4427,7.3798,1.1186
1626,5.5116,6.2293,0.81703
1627,5.5805,5.561,0.9639
1628,5.6493,7.1033,1.19319
1629,5.7182,7.9788,1.09571
1630,5.7871,13.3739,0.59233
1631,5.856,22.4974,1.54312
1632,5.9249,25.9389,2.17855
1633,5.9938,29.603,1.60578
1634,6.0627,32.6807,1.72661
1635,6.1316,32.9357,1.12395
1636,6.2005,31.1982,1.55363
1637,6.2694,28.931,1.85766
1638,6.3383,21.331,1.96643
1639,6.4072,14.5065,2.22096
1640,6.4761,11.7245,1.63974
1641,6.545,11.6247,1.76831
1642,6.6139,11.3211,1.3481
1643,6.6828,10.894,0.9221
1644,6.7517,10.2317,1.26365
1645,6.8206,8.6432,1.76078
1646,6.8894,6.8343,1.04637
1647,6.9583,5.4509,1.16851
1648,7.0272,4.5536,0.92965
1649,7.0961,4.839,0.83045
1650,7.165,6.4183,1.33987
1651,7.2339,4.4388,0.84307
1652,7.3028,7.1876,0.78801
1653,7.3717,6.6942,1.29689
1654,7.4406,6.4067,1.59534
1655,7.5095,7.4489,1.35473
1656,7.5784,8.0333,1.29083
1657,7.6473,9.0187,1.41622
1658,7.7162,10.433,1.68581
1659,7.7851,14.551,1.27925
1660,7.854,19.928,1.22793
1661,7.9229,18.9618,1.35502
1662,7.9918,17.8182,1.5193
1663,8.0607,15.8178,1.4272
1664,8.1296,15.0744,1.7923
1665,8.1984,11.7143,1.39055
1666,8.2673,8.1681,1.28032
1667,8.3362,8.8517,1.28735
1668,8.4051,9.7376,1.04168
1669,8.474,13.6635,1.44355
1670,8.5429,16.4288,1.1953
1671,8.6118,13.888,1.36196
1672,8.6807,14.713,1.19675
1673,8.7496,11.3615,1.13986
1674,8.8185,8.7778,1.02431
1675,8.8874,5.6764,1.0001
1676,8.9563,4.8566,1.20637
1677,9.0252,6.0682,0.90034
1678,9.0941,5.5869,1.28718
1679,9.163,7.152,1.46777
1680,9.2319,6.4032,1.15381
1681,9.3008,6.295,1.08642
1682,9.3697,7.129,1.00832
1683,9.4385,6.514,0.99881
1684,9.5074,10.5115,1.25067
1685,9.5763,12.5303,1.49891
1686,9.6452,16.9286,1.68118
1687,9.7141,21.366,1.0201
1688,9.783,22.9769,1.25218
1689,9.8519,21.3882,1.58565
1690,9.9208,18.2874,1.72999
1691,9.9897,17.8074,1.49643
1692,10.0586,15.6694,1.93497
1693,10.1275,16.5137,1.7781
1694,10.1964,20.9379,2.38349
1695,10.2653,25.2685,2.19915
1696,10.3342,26.3172,2.67611
1697,10.4031,23.5961,2.67883
1698,10.472,25.7357,2.96425
1699,10.5409,21.3042,2.89014
1700,10.6098,20.8417,2.54471
1701,10.6786,18.0655,2.85063
1702,10.7475,17.7033,2.43062
1703,10.8164,22.2435,2.83834
1704,10.8853,29.5365,2.58231
1705,10.9542,33.917,3.06334
1706,11.0231,45.5548,2.80571
1707,11.092,53.8245,3.89326
1708,11.1609,62.3836,4.69484
1709,11.2298,64.9346,5.0489
1710,11.2987,70.7085,3.89879
1711,11.3676,68.4854,4.44834
1712,11.4365,62.6144,3.8533
1713,11.5054,50.3784,3.90134
1714,11.5743,33.4619,2.86621
1715,11.6432,26.4053,2.85504
1716,11.7121,18.0736,2.20844
1717,11.781,14.8176,2.16154
1718,11.8499,13.4572,2.5414
1719,11.9187,13.4716,1.62065
1720,11.9876,18.4592,1.80025
1721,12.0565,30.838,2.88568
1722,12.1254,35.8606,2.2427
1723,12.1943,33.3363,1.62872
1724,12.2632,20.0972,1.45268
1725,12.3321,12.3996,1.51373
1726,12.401,9.3352,1.60954
1727,12.4699,4.8372,1.47553
1728,12.5388,6.8804,1.23518
1729,12.6077,6.4454,1.66522
1730,12.6766,6.2388,2.29288
1731,12.7455,7.2388,1.55371
1732,12.8144,6.5596,1.12273
1733,12.8833,7.6036,1.17445
1734,12.9522,9.1382,1.14475
1735,13.0211,8.1819,1.37539
1736,13.09,9.0203,1.89734
1737,13.1588,7.6613,0.96013
1738,13.2277,8.7116,1.72622
1739,13.2966,9.7137,2.2171
1740,13.3655,11.8736,2.37154
1741,13.4344,12.7409,1.82262
1742,13.5033,12.9264,1.61765
1743,13.5722,12.411,1.51195
1744,13.6411,11.6098,1.05426
1745,13.71,17.1367,0.82317
1746,13.7789,22.823,1.1427
1747,13.8478,23.2402,1.2695
1748,13.9167,20.7383,1.33779
1749,13.9856,16.7,1.14554
1750,14.0545,14.285,1.24741
1751,14.1234,12.808,0.95684
1752,14.1923,15.695,0.98682
1753,14.2612,16.1511,0.79783
1754,14.3301,17.4347,1.07597
1755,14.3989,19.6456,0.7929
1756,14.4678,21.575,0.73567
1757,14.5367,22.1985,1.14466
1758,14.6056,26.3122,1.24308
1759,14.6745,24.6599,2.09385
1760,14.7434,25.3339,1.94563
1761,14.8123,23.5641,2.01785
1762,14.8812,21.8764,1.596
1763,14.9501,20.1198,2.0171
1764,15.019,16.7025,1.72183
1765,15.0879,13.9793,1.23206
1766,15.1568,13.0671,1.75355
1767,15.2257,13.7613,1.70774
1768,15.2946,13.3534,1.54111
1769,15.3635,13.8491,1.77789
1770,15.4324,12.0359,1.29337
1771,15.5013,9.652,1.37744
1772,15.5702,9.591,1.18195
1773,15.6391,9.0112,1.03738
1774,15.7079,10.5938,1.2075
1775,15.7768,13.3531,1.5399
1776,15.8457,17.169,2.83162
1777,15.9146,25.2673,2.20121
1778,15.9835,31.7347,2.1296
1779,16.0524,33.1485,3.47491
1780,16.1213,34.8488,3.02488
1781,16.1902,39.6889,4.3509
1782,16.2591,43.5657,4.22234
1783,16.328,48.3242,4.26667
1784,16.3969,47.7652,3.8982
1785,16.4658,33.6303,4.2304
1786,16.5347,20.9086,3.05237
1787,16.6036,14.6909,2.20178
1788,16.6725,14.8894,2.7536
1789,16.7414,13.8415,1.96123
1790,16.8103,16.177,1.70072
1791,16.8792,18.6081,1.71584
1792,16.948,26.7024,1.78159
1793,17.0169,24.9316,2.16135
1794,17.0858,22.916,2.49422
1795,17.1547,20.5614,2.23967
1796,17.2236,17.492,2.33156
1797,17.2925,20.7648,2.43756
1798,17.3614,20.946,2.88684
1799,17.4303,24.3639,2.44936
1800,17.4992,26.2442,2.97005
1801,17.5681,22.7213,2.8913
1802,17.637,20.2592,2.84374
1803,17.7059,20.0489,2.47922
1804,17.7748,16.8163,2.27611
1805,17.8437,16.3464,2.3803
1806,17.9126,16.8359,2.21644
1807,17.9815,17.7015,1.85936
1808,18.0504,15.3657,1.80951
1809,18.1193,9.5101,1.87647
1810,18.1881,8.5112,2.00266
1811,18.257,6.8355,1.6099
1812,18.3259,7.206,1.79205
1813,18.3948,7.2221,1.72193
1814,18.4637,8.5519,1.47299
1815,18.5326,10.1588,1.25921
1816,18.6015,12.2094,1.47632
1817,18.6704,13.6785,1.59981
1818,18.7393,12.9306,1.76525
1819,18.8082,10.4113,1.37355
1820,18.8771,6.5501,1.545
1821,18.946,5.9025,1.17969
1822,19.0149,7.5498,1.74135
1823,19.0838,9.874,2.13308
1824,19.1527,13.331,1.51505
1825,19.2216,16.2747,1.9336
1826,19.2905,15.6707,1.88704
1827,19.3594,16.0076,2.09318
1828,19.4282,13.5434,2.5569
1829,19.4971,16.1327,2.67647
1830,19.566,17.3299,2.85978
1831,19.6349,19.9213,2.62723
1832,19.7038,16.0588,2.43027
1833,19.7727,16.5476,2.68039
1834,19.8416,21.9142,3.14886
1835,19.9105,26.3843,3.53398
1836,19.9794,28.0307,3.62963
1837,20.0483,26.8809,3.54299
1838,20.1172,23.7053,2.94663
1839,20.1861,19.8904,3.33594
1840,20.255,22.0294,3.20353
1841,20.3239,23.0333,2.74694
1842,20.3928,18.9534,2.90642
1843,20.4617,15.414,2.12333
1844,20.5306,12.7116,1.9905
1845,20.5995,12.4269,1.89634
1846,20.6683,13.1985,2.47142
1847,20.7372,17.0103,1.77736
1848,20.8061,15.2547,1.98447
1849,20.875,10.4422,2.2389
1850,20.9439,7.5289,1.51967
1851,21.0128,4.6406,1.6563
1852,21.0817,4.5382,1.58598
1853,21.1506,5.3373,1.89046
1854,21.2195,7.2569,1.61536
1855,21.2884,6.1095,1.42821
1856,21.3573,7.2758,1.39781
1857,21.4262,7.8438,1.60988
1858,21.4951,8.2268,1.77097
1859,21.564,13.0172,1.8922
1860,21.6329,14.152,1.74899
1861,21.7018,13.4334,1.72814
1862,21.7707,9.8658,1.94457
1863,21.8396,8.5337,1.6059
1864,21.9084,6.1929,1.21873
1865,21.9773,5.0698,1.54586
1866,22.0462,4.9137,1.00427
1867,22.1151,5.2272,0.79356
1868,22.184,6.5449,1.3577
1869,22.2529,7.7947,1.47902
1870,22.3218,8.4482,1.22799
1871,22.3907,11.3245,1.31181
1872,22.4596,12.4644,1.18779
1873,22.5285,13.5201,1.2441
1874,22.5974,13.1389,0.96217
1875,22.6663,11.6765,1.01889
1876,22.7352,8.4589,1.00883
1877,22.8041,9.4558,1.44064
1878,22.873,9.1833,1.21012
1879,22.9419,11.3338,1.69894
1880,23.0108,9.4791,2.11977
1881,23.0797,10.9459,1.68904
1882,23.1486,10.3657,2.04473
1883,23.2174,17.0803,2.24085
1884,23.2863,19.5615,2.10683
1885,23.3552,21.347,2.37335
1886,23.4241,18.4255,1.73165
1887,23.493,14.1718,1.53033
1888,23.5619,16.3,1.66946
1889,23.6308,24.862,1.56704
1890,23.6997,28.9301,1.72922
1891,23.7686,33.85,1.73357
1892,23.8375,31.2526,1.94976
1893,23.9064,29.8786,2.45336
1894,23.9753,29.7329,1.92418
1895,24.0442,34.3494,1.66102
1896,24.1131,36.0224,2.53275
1897,24.182,43.0062,3.04326
1898,24.2509,49.5596,2.94175
1899,24.3198,53.2677,2.79148
1900,24.3887,52.7347,3.99496
1901,24.4575,45.3854,3.44562
1902,24.5264,35.0288,2.3834
1903,24.5953,27.9876,2.5004
1904,24.6642,19.5074,1.12571
1905,24.7331,13.9431,1.31457
1906,24.802,15.4641,1.62541
1907,24.8709,22.5802,1.23236
1908,24.9398,29.2563,1.83411
1909,25.0087,32.9615,1.93716
1910,25.0776,29.0877,1.88906
1911,25.1465,23.0069,1.88383
1912,25.2154,15.0875,1.4526
1913,25.2843,10.8072,1.74708
1914,25.3532,9.5169,1.64786
1915,25.4221,7.1068,1.05983
1916,25.491,8.8548,1.164
1917,25.5599,9.3226,0.92375
1918,25.6288,10.9253,1.08743
1919,25.6976,11.7393,1.00942
1920,25.7665,10.9319,1.4008
1921,25.8354,13.2346,1.65051
1922,25.9043,11.8901,1.3704
1923,25.9732,10.1903,1.29511
1924,26.0421,11.0348,1.09453
1925,26.111,12.9221,1.03766
1926,26.1799,10.3222,1.12393
1927,26.2488,9.0095,1.51689
1928,26.3177,8.3238,1.35156
1929,26.3866,5.8819,1.55189
1930,26.4555,6.296,2.30218
1931,26.5244,7.6894,2.06803
1932,26.5933,10.0706,2.32122
1933,26.6622,13.4584,2.89216
1934,26.7311,16.8056,3.14734
1935,26.8,13.9953,2.40689
1936,26.8689,12.3408,1.94437
1937,26.9377,10.1536,2.00559
1938,27.0066,11.3791,2.13769
1939,27.0755,10.0747,1.70666
1940,27.1444,9.5543,1.13137
1941,27.2133,11.1679,1.47056
1942,27.2822,13.3422,1.2686
1943,27.3511,10.0853,1.10924
1944,27.42,11.1072,1.61228
1945,27.4889,12.2528,0.88383
1946,27.5578,11.9488,1.11645
1947,27.6267,10.0887,1.21396
1948,27.6956,8.1431,1.16042
1949,27.7645,5.9088,0.93872
1950,27.8334,5.5319,0.8504
1951,27.9023,7.8469,1.02083
1952,27.9712,7.8851,1.47595
1953,28.0401,8.7968,0.95404
1954,28.109,6.7462,0.91726
1955,28.1778,5.8612,1.09206
1956,28.2467,6.4302,1.22821
1957,28.3156,8.2548,1.28869
1958,28.3845,11.6068,1.34219
1959,28.4534,10.5683,1.45339
1960,28.5223,10.1306,1.61761
1961,28.5912,9.6617,1.6013
1962,28.6601,9.5113,1.52895
1963,28.729,11.1544,1.56934
1964,28.7979,9.9276,2.01895
1965,28.8668,11.8689,1.64165
1966,28.9357,10.9121,2.44179
1967,29.0046,9.7181,1.74077
1968,29.0735,10.6202,2.22627
1969,29.1424,7.3217,1.6201
1970,29.2113,8.0188,1.48035
1971,29.2802,8.7793,1.61574
1972,29.3491,7.0284,1.81044
1973,29.4179,7.5475,1.80476
1974,29.4868,9.1512,2.0758
1975,29.5557,11.3351,2.01436
1976,29.6246,12.6003,1.87472
1977,29.6935,12.7651,1.65779
1978,29.7624,8.803,1.92875
1979,29.8313,7.8766,1.75108
1980,29.9002,7.6106,1.70554
1981,29.9691,9.8207,1.75153
1982,30.038,11.5323,1.60665
1983,30.1069,13.8933,2.05233
1984,30.1758,16.41,1.78479
1985,30.2447,14.6085,1.65027
1986,30.3136,16.5063,1.09237
1987,30.3825,19.141,1.86677
1988,30.4514,19.9289,2.14194
1989,30.5203,25.6959,2.92684
1990,30.5892,28.0651,2.32706
1991,30.6581,26.2003,1.76446
1992,30.7269,24.5305,2.32718
1993,30.7958,19.431,2.26147
1994,30.8647,14.2173,1.99014
1995,30.9336,11.0759,1.67798
1996,31.0025,8.7789,1.18301
1997,31.0714,9.4996,1.75022
1998,31.1403,9.3367,1.6886
1999,31.2092,12.9038,1.53759
2000,31.2781,13.4814,1.70768
2001,31.347,11.6879,1.95012
2002,31.4159,11.871,1.49765
2003,31.4848,11.5483,1.28474
2004,31.5537,9.8818,1.17947
2005,31.6226,10.0665,1.52155
2006,31.6915,10.7905,0.49554
2007,31.7604,11.5098,1.48634
2008,31.8293,11.9697,1.18237
2009,31.8982,10.1756,1.03585
2010,31.967,10.3933,1.74199
2011,32.0359,11.3013,1.7895
2012,32.1048,13.0642,1.51734
2013,32.1737,16.1467,1.80781
2014,32.2426,17.4089,1.84955
2015,32.3115,22.5728,1.99468
2016,32.3804,25.9359,2.30011
2017,32.4493,35.6403,2.24026
2018,32.5182,57.5932,2.96569
2019,32.5871,48.9314,3.16301
2020,32.656,28.2721,2.3282
2021,32.7249,18.7854,1.43051
2022,32.7938,13.8885,1.77531
2023,32.8627,9.6859,1.4708
2024,32.9316,7.7004,1.20361
2025,33.0005,6.9546,1.18707
2026,33.0694,6.8752,1.80868
2027,33.1383,9.3877,1.44592
2028,33.2071,9.4756,1.09583
2029,33.276,9.4481,0.79308
2030,33.3449,8.8395,1.25463
2031,33.4138,7.8384,1.79426
2032,33.4827,6.7403,1.64132
2033,33.5516,6.5107,1.29969
2034,33.6205,7.2961,0.91671
2035,33.6894,6.9518,1.23309
2036,33.7583,7.4989,1.31625
2037,33.8272,7.6788,1.20605
2038,33.8961,8.6595,1.74253
2039,33.965,10.3892,1.4956
2040,34.0339,15.1705,1.66473
2041,34.1028,18.7501,1.85059
2042,34.1717,24.0369,2.44248
2043,34.2406,26.0027,2.40408
2044,34.3095,25.465,1.89088
2045,34.3784,23.7141,1.97338
2046,34.4472,19.7141,1.53883
2047,34.5161,15.8554,1.07526
2048,34.585,11.508,1.43975
2049,34.6539,8.0073,1.24135
2050,34.7228,7.5541,1.46397
2051,34.7917,9.3045,0.96113
2052,34.8606,8.8554,0.98536
2053,34.9295,7.397,0.33927
2054,34.9984,6.5563,0.39434
2055,35.0673,8.8748,0.7727
2056,35.1362,10.1761,1.03244
2057,35.2051,10.674,1.0814
2058,35.274,10.6673,0.83384
2059,35.3429,11.9614,0.95576
2060,35.4118,11.7701,1.0764
2061,35.4807,12.177,1.1271
2062,35.5496,9.9597,1.58381
2063,35.6185,7.9283,1.40012
2064,35.6873,6.9487,1.08999
2065,35.7562,9.564,1.16213
2066,35.8251,9.7156,1.19104
2067,35.894,7.4654,0.90631
2068,35.9629,6.8514,1.21497
2069,36.0318,7.6857,1.54157
2070,36.1007,8.1274,1.66462
2071,36.1696,7.3069,1.51604
2072,36.2385,8.9504,1.24503
2073,36.3074,9.9949,1.74104
2074,36.3763,12.0645,1.93651
2075,36.4452,14.3317,2.04974
2076,36.5141,14.9934,2.86791
2077,36.583,16.9193,2.65234
2078,36.6519,22.9988,2.76849
2079,36.7208,21.5535,2.25538
2080,36.7897,19.2444,2.34674
2081,36.8586,15.9942,1.8384
2082,36.9274,14.0394,2.09109
2083,36.9963,11.8862,2.11532
2084,37.0652,9.8139,2.27787
2085,37.1341,10.4092,2.14742
2086,37.203,10.1685,1.87419
2087,37.2719,10.2142,1.64782
2088,37.3408,11.5687,1.49611
2089,37.4097,13.6529,1.5379
2090,37.4786,16.1498,1.70866
2091,37.5475,20.6007,1.80847
2092,37.6164,20.6416,1.39351
2093,37.6853,20.4519,1.91979
2094,37.7542,16.3849,1.60471
2095,37.8231,10.3618,1.67324
2096,37.892,6.5865,1.37709
2097,37.9609,5.9291,1.01142
2098,38.0298,7.4734,1.86009
2099,38.0987,8.5434,1.30311
2100,38.1675,11.2866,1.40077
2101,38.2364,12.6063,0.80894
2102,38.3053,11.3317,0.76452
2103,38.3742,13.2903,1.06009
2104,38.4431,9.4813,0.79497
2105,38.512,10.108,1.21248
2106,38.5809,8.5408,1.36725
2107,38.6498,5.7169,1.59458
2108,38.7187,6.1841,1.59069
2109,38.7876,5.8772,2.21363
2110,38.8565,5.4133,1.54332
2111,38.9254,6.0497,1.25497
2112,38.9943,6.0854,1.2998
2113,39.0632,6.3335,1.0495
2114,39.1321,6.1607,1.03614
2115,39.201,7.3204,0.83639
2116,39.2699,6.6081,1.49018
2117,39.3388,4.7834,1.26644
2118,39.4076,5.8247,1.57323
2119,39.4765,5.9024,1.51992
2120,39.5454,7.4793,1.44276
2121,39.6143,8.6444,1.41107
2122,39.6832,8.9916,2.07137
2123,39.7521,8.6492,1.89527
2124,39.821,8.9292,2.10463
2125,39.8899,9.5777,1.99405
2126,39.9588,8.347,1.59299
2127,40.0277,8.1375,1.61972
2128,40.0966,9.6213,1.38673
2129,40.1655,9.2413,1.13691
2130,40.2344,8.3459,1.26784
2131,40.3033,10.0113,1.91122
2132,40.3722,12.9421,1.57936
2133,40.4411,17.1998,1.67197
2134,40.51,20.8336,1.72304
2135,40.5789,23.9029,2.31152
2136,40.6478,25.9823,2.3796
2137,40.7166,27.7021,2.14757
2138,40.7855,27.4096,2.27391
2139,40.8544,28.4773,2.47884
2140,40.9233,30.8296,2.77131
2141,40.9922,37.7158,3.36586
2142,41.0611,37.6695,3.11512
2143,41.13,33.2829,3.06336
2144,41.1989,29.3559,2.95919
2145,41.2678,27.6308,2.36515
2146,41.3367,24.237,2.12581
2147,41.4056,19.8065,1.7452
2148,41.4745,17.0003,2.21657
2149,41.5434,12.3079,2.7318
2150,41.6123,9.9696,1.61417
2151,41.6812,9.9339,1.26978
2152,41.7501,12.2791,1.18673
2153,41.819,17.0578,1.71041
2154,41.8879,22.0761,1.24833
2155,41.9567,22.6803,1.14723
2156,42.0256,16.6736,1.42006
2157,42.0945,11.4808,0.92
2158,42.1634,10.0469,1.04472
2159,42.2323,10.8166,1.69452
2160,42.3012,12.2787,1.6084
2161,42.3701,14.2924,2.08106
2162,42.439,16.7273,2.34559
2163,42.5079,24.759,2.56072
2164,42.5768,32.3308,2.80096
2165,42.6457,48.9076,3.48616
2166,42.7146,60.8549,3.54687
2167,42.7835,61.0999,4.22172
2168,42.8524,46.4605,2.39874
2169,42.9213,30.4401,2.84012
2170,42.9902,20.4746,1.82788
2171,43.0591,18.0207,2.03484
2172,43.128,18.6311,1.86649
2173,43.1968,20.3897,2.08895
2174,43.2657,21.1636,2.20521
2175,43.3346,20.602,1.78083
2176,43.4035,19.4778,1.66573
2177,43.4724,15.9422,2.28971
2178,43.5413,14.523,2.44071
2179,43.6102,11.4117,2.11973
2180,43.6791,11.3773,1.9471
2181,43.748,12.7968,2.25542
2182,43.8169,14.9583,1.75905
2183,43.8858,12.1645,1.71767
2184,43.9547,9.6755,1.66271
2185,44.0236,8.37,2.02421
2186,44.0925,6.9245,1.53918
2187,44.1614,7.8812,1.96341
2188,44.2303,11.0603,1.88674
2189,44.2992,16.7101,1.93772
2190,44.3681,23.5491,2.29283
2191,44.437,23.3097,2.24944
2192,44.5058,16.8437,2.7574
2193,44.5747,13.7791,1.6436
2194,44.6436,10.9345,1.43468
2195,44.7125,9.8401,1.40048
2196,44.7814,11.0346,1.97158
2197,44.8503,11.832,1.97648
2198,44.9192,14.6365,1.57512
2199,44.9881,9.3875,1.96774
2200,45.057,10.8163,1.54687
2201,45.1259,9.2831,1.58289
2202,45.1948,8.9124,1.33886
2203,45.2637,9.8549,1.19886
2204,45.3326,11.27,1.5023
2205,45.4015,13.8532,0.89275
2206,45.4704,15.4312,1.4044
2207,45.5393,13.9154,1.74403
2208,45.6082,11.0378,1.29976
2209,45.6771,7.8201,1.38327
2210,45.7459,9.2222,1.13755
2211,45.8148,8.6191,1.20785
2212,45.8837,7.2047,1.1084
2213,45.9526,8.6462,1.45514
2319,0.0,6.8606,0.944
2320,0.0689,4.0594,0.50214
2321,0.1378,5.5329,0.56689
2322,0.2067,6.0058,0.80404
2323,0.2756,10.4265,1.18159
2324,0.3445,16.3796,0.68417
2325,0.4134,18.0519,0.97799
2326,0.4823,14.954,0.82189
2327,0.5512,14.4398,1.08818
2328,0.6201,14.7012,1.15238
2329,0.6889,15.6885,1.38561
2330,0.7578,14.6217,0.67491
2331,0.8267,12.5231,0.70162
2332,0.8956,7.953,1.18466
2333,0.9645,5.0712,0.59464
2334,1.0334,3.0371,0.58682
2335,1.1023,3.1925,0.29277
2336,1.1712,4.2929,0.84513
2337,1.2401,5.0746,1.11387
2338,1.309,3.8781,0.61877
2339,1.3779,4.7909,0.79159
2340,1.4468,4.5312,1.01489
2341,1.5157,5.0393,0.79478
2342,1.5846,5.1008,0.68595
2343,1.6535,5.0096,0.63761
2344,1.7224,4.6649,0.65789
2345,1.7913,4.7977,0.51666
2346,1.8602,3.1854,0.35364
2347,1.929,3.4403,0.4982
2348,1.9979,3.0945,0.64645
2349,2.0668,3.619,0.89809
2350,2.1357,5.1286,0.54155
2351,2.2046,5.4246,0.48688
2352,2.2735,7.9167,1.21353
2353,2.3424,10.9965,1.26716
2354,2.4113,11.3449,1.03369
2355,2.4802,12.22,1.82541
2356,2.5491,12.0988,1.65916
2357,2.618,16.121,1.96778
2358,2.6869,16.1187,2.00574
2359,2.7558,16.9734,2.19115
2360,2.8247,17.4018,1.83058
2361,2.8936,18.8854,2.21203
2362,2.9625,21.2219,2.67876
2363,3.0314,24.9899,2.32829
2364,3.1003,22.4011,2.50352
2365,3.1691,17.8434,2.51126
2366,3.238,13.7592,1.61113
2367,3.3069,9.772,1.64396
2368,3.3758,7.2807,1.16738
2369,3.4447,6.3269,0.83429
2370,3.5136,5.282,1.15407
2371,3.5825,6.0577,0.7305
2372,3.6514,5.918,0.83328
2373,3.7203,4.8169,0.7471
2374,3.7892,4.5457,0.7688
2375,3.8581,4.9348,0.6692
2376,3.927,5.3722,0.51247
2377,3.9959,4.8853,0.90563
2378,4.0648,5.2789,0.95502
2379,4.1337,5.4192,0.84841
2380,4.2026,5.679,1.2917
2381,4.2715,6.8583,1.53262
2382,4.3404,8.0281,1.575
2383,4.4092,11.1067,1.53924
2384,4.4781,13.442,2.47006
2385,4.547,14.2529,2.4239
2386,4.6159,17.8639,2.19725
2387,4.6848,18.749,1.91462
2388,4.7537,20.1612,1.73116
2389,4.8226,18.5523,1.85289
2390,4.8915,15.8177,1.56979
2391,4.9604,15.5399,2.01766
2392,5.0293,14.5484,1.39327
2393,5.0982,12.6406,1.25695
2394,5.1671,11.6472,1.58246
2395,5.236,12.4255,1.55577
2396,5.3049,12.7787,1.25833
2397,5.3738,11.9124,1.33173
2398,5.4427,11.4438,1.65062
2399,5.5116,8.4302,2.03753
2400,5.5805,6.6879,1.93187
2401,5.6493,6.8043,1.41963
2402,5.7182,5.9508,1.64127
2403,5.7871,4.0898,1.69578
2404,5.856,5.365,1.56282
2405,5.9249,7.1883,1.52387
2406,5.9938,8.4231,1.57802
2407,6.0627,12.2952,1.00223
2408,6.1316,14.5007,1.26049
2409,6.2005,21.2482,1.52358
2410,6.2694,27.3104,1.44936
2411,6.3383,31.9338,1.72616
2412,6.4072,28.6174,1.81123
2413,6.4761,17.814,2.48906
2414,6.545,13.425,2.00474
2415,6.6139,11.205,1.73687
2416,6.6828,9.9552,2.43905
2417,6.7517,6.6987,1.48257
2418,6.8206,6.1793,0.52669
2419,6.8894,6.7661,0.91345
2420,6.9583,6.3486,1.28924
2421,7.0272,6.447,1.16388
2422,7.0961,10.4686,1.46071
2423,7.165,13.6614,1.4802
2424,7.2339,18.7615,1.76915
2425,7.3028,23.6237,2.47347
2426,7.3717,34.0963,3.23195
2427,7.4406,55.6745,3.06886
2428,7.5095,75.8929,4.12127
2429,7.5784,78.3808,4.34474
2430,7.6473,59.93,3.82482
2431,7.7162,45.8549,4.24995
2432,7.7851,32.9452,3.15694
2433,7.854,28.1291,3.53453
2434,7.9229,26.4907,3.01177
2435,7.9918,24.4402,2.14368
2436,8.0607,18.4607,2.15337
2437,8.1296,20.2142,2.15582
2438,8.1984,24.3686,2.33187
2439,8.2673,29.0585,2.69928
2440,8.3362,34.1402,2.6773
2441,8.4051,32.7475,3.04119
2442,8.474,26.1772,1.63573
2443,8.5429,18.0691,0.92415
2444,8.6118,9.8119,0.78978
2445,8.6807,6.9636,0.35749
2446,8.7496,4.255,0.83789
2447,8.8185,5.4108,0.37879
2448,8.8874,5.4174,0.67709
2449,8.9563,4.383,1.01846
2450,9.0252,3.7654,0.81036
2451,9.0941,5.9945,0.48197
2452,9.163,3.5478,0.73403
2453,9.2319,3.5653,0.75529
2454,9.3008,3.4772,0.8741
2455,9.3697,4.4301,0.44531
2456,9.4385,4.4954,0.8389
2457,9.5074,5.4488,0.78593
2458,9.5763,5.7571,0.67411
2459,9.6452,5.827,0.72059
2460,9.7141,5.0615,0.77952
2461,9.783,3.7321,0.58559
2462,9.8519,4.6224,0.75721
2463,9.9208,3.942,0.5543
2464,9.9897,4.2035,0.79825
2465,10.0586,3.7726,0.79955
2466,10.1275,5.6788,0.63564
2467,10.1964,5.2556,0.97148
2468,10.2653,4.3557,0.70059
2469,10.3342,5.6443,1.00758
2470,10.4031,6.1685,1.2287
2471,10.472,6.7715,1.2513
2472,10.5409,7.4334,1.05388
2473,10.6098,6.3998,1.54814
2474,10.6786,8.6149,2.1184
2475,10.7475,10.6218,2.38127
2476,10.8164,15.3131,2.84569
2477,10.8853,18.5819,3.7868
2478,10.9542,22.7109,3.06629
2479,11.0231,21.7076,2.92241
2480,11.092,20.3246,3.15521
2481,11.1609,21.7697,3.03086
2482,11.2298,23.5544,3.07276
2483,11.2987,19.0544,2.76119
2484,11.3676,22.4212,2.83691
2485,11.4365,15.6878,2.42668
2486,11.5054,9.6907,2.16435
2487,11.5743,9.5003,1.633
2488,11.6432,11.834,1.50316
2489,11.7121,15.1197,1.99515
2490,11.781,21.5405,2.77678
2491,11.8499,24.4742,2.42335
2492,11.9187,21.8891,1.85381
2493,11.9876,18.8998,1.47577
2494,12.0565,14.0332,1.33409
2495,12.1254,10.2597,1.16991
2496,12.1943,6.8415,1.08736
2497,12.2632,6.6027,0.98484
2498,12.3321,7.6319,1.34374
2499,12.401,4.9178,1.26571
2500,12.4699,4.9788,0.84633
2501,12.5388,4.1367,0.49384
2502,12.6077,6.1255,1.11732
2503,12.6766,7.2439,0.87432
2504,12.7455,5.2741,1.52737
2505,12.8144,4.0484,1.26981
2506,12.8833,5.6073,1.23622
2507,12.9522,4.533,1.30874
2508,13.0211,7.0971,1.55521
2509,13.09,9.1541,2.12377
2510,13.1588,13.7274,1.57313
2511,13.2277,13.7765,1.21884
2512,13.2966,13.5874,1.45771
2513,13.3655,10.7988,1.7186
2514,13.4344,7.487,1.28232
2515,13.5033,7.5486,0.91357
2516,13.5722,8.4555,0.80268
2517,13.6411,9.4703,0.99045
2518,13.71,10.7013,1.233
2519,13.7789,13.8324,1.47791
2520,13.8478,13.7246,2.79755
2521,13.9167,13.9545,2.41468
2522,13.9856,13.7515,3.05329
2523,14.0545,13.2365,2.68354
2524,14.1234,14.3472,1.76226
2525,14.1923,14.4718,1.58076
2526,14.2612,12.1908,1.47693
2527,14.3301,10.6851,1.5285
2528,14.3989,10.0552,1.88663
2529,14.4678,10.0994,1.82536
2530,14.5367,10.5804,2.06582
2531,14.6056,12.8949,1.68031
2532,14.6745,13.7916,1.96565
2533,14.7434,12.6604,2.52311
2534,14.8123,16.5243,2.5134
2535,14.8812,23.2266,2.86665
2536,14.9501,23.8745,3.11955
2537,15.019,31.3652,3.40297
2538,15.0879,33.0041,2.94537
2539,15.1568,29.602,2.93642
2540,15.2257,25.3296,1.60642
2541,15.2946,22.1788,1.82961
2542,15.3635,19.3835,1.76812
2543,15.4324,18.0648,1.51693
2544,15.5013,20.6777,1.94851
2545,15.5702,21.4827,1.56182
2546,15.6391,15.4715,1.95532
2547,15.7079,12.3539,2.15169
2548,15.7768,9.8143,1.37823
2549,15.8457,9.9008,1.25946
2550,15.9146,12.6348,1.25317
2551,15.9835,19.232,1.28109
2552,16.0524,24.6233,1.48307
2553,16.1213,28.8863,1.11636
2554,16.1902,30.7799,0.69061
2555,16.2591,30.8271,0.61265
2556,16.328,25.6874,0.71379
2557,16.3969,16.8215,0.96109
2558,16.4658,9.1736,0.85867
2559,16.5347,7.2177,0.47894
2560,16.6036,6.3438,0.74465
2561,16.6725,4.5557,0.53491
2562,16.7414,3.3063,0.44036
2563,16.8103,3.5694,0.60071
2564,16.8792,4.3622,0.6017
2565,16.948,3.5631,0.49923
2566,17.0169,3.4558,0.33219
2567,17.0858,5.82,0.25924
2568,17.1547,6.3898,0.49162
2569,17.2236,5.0083,0.57932
2570,17.2925,3.9591,0.74936
2571,17.3614,4.5514,0.56603
2572,17.4303,4.7562,0.70441
2573,17.4992,5.6501,0.68355
2574,17.5681,8.1803,1.10638
2575,17.637,10.2861,1.0899
2576,17.7059,13.4148,1.39524
2577,17.7748,14.2263,1.43384
2578,17.8437,12.8615,1.171
2579,17.9126,10.8685,1.17713
2580,17.9815,10.0646,1.48949
2581,18.0504,8.6108,1.4673
2582,18.1193,9.2665,0.98545
2583,18.1881,9.75,0.97688
2584,18.257,11.5645,0.84936
2585,18.3259,15.4084,0.78862
2586,18.3948,20.6349,1.23797
2587,18.4637,27.2722,1.24574
2588,18.5326,30.1383,1.6168
2589,18.6015,30.8067,2.47079
2590,18.6704,34.7094,2.65359
2591,18.7393,35.123,2.9598
2592,18.8082,28.9774,2.23635
2593,18.8771,21.1909,2.02681
2594,18.946,12.3803,1.63645
2595,19.0149,8.4808,1.01121
2596,19.0838,7.4671,0.92133
2597,19.1527,10.0647,1.4309
2598,19.2216,12.0954,2.26167
2599,19.2905,17.9811,1.73141
2600,19.3594,19.0383,2.18435
2601,19.4282,15.2727,2.42974
2602,19.4971,14.5792,2.10336
2603,19.566,16.0144,2.84472
2604,19.6349,14.2753,2.52518
2605,19.7038,13.4527,1.9997
2606,19.7727,9.89,1.34328
2607,19.8416,9.3405,0.90298
2608,19.9105,9.2759,0.95686
2609,19.9794,9.6683,0.59421
2610,20.0483,8.5477,0.86835
2611,20.1172,6.5254,0.80854
2612,20.1861,7.0795,0.80158
2613,20.255,7.8104,1.11681
2614,20.3239,9.1082,0.93282
2615,20.3928,12.0723,1.01901
2616,20.4617,11.7128,1.3322
2617,20.5306,9.8096,0.9092
2618,20.5995,6.9218,0.94178
2619,20.6683,7.5509,0.91771
2620,20.7372,7.4382,0.81913
2621,20.8061,8.1231,0.83528
2622,20.875,10.3699,1.22678
2623,20.9439,9.9093,0.71445
2624,21.0128,8.7337,0.88115
2625,21.0817,10.2162,0.80716
2626,21.1506,10.7322,1.17463
2627,21.2195,13.5548,1.14022
2628,21.2884,16.1662,1.22564
2629,21.3573,15.7531,1.17476
2630,21.4262,16.0763,2.02693
2631,21.4951,16.0056,2.18622
2632,21.564,15.0868,2.09184
2633,21.6329,12.5172,1.75929
2634,21.7018,13.3169,1.57742
2635,21.7707,18.6908,1.9274
2636,21.8396,20.6877,1.32041
2637,21.9084,23.2684,1.50468
2638,21.9773,33.6243,1.57403
2639,22.0462,50.8974,1.92761
2640,22.1151,65.265,2.59638
2641,22.184,76.4453,3.49191
2642,22.2529,98.3956,4.93802
2643,22.3218,102.0664,4.06123
2644,22.3907,66.5346,2.72349
2645,22.4596,36.5635,1.3997
2646,22.5285,24.6697,1.6665
2647,22.5974,20.5069,1.4074
2648,22.6663,14.6386,1.34251
2649,22.7352,8.6857,1.01804
2650,22.8041,5.3078,1.06595
2651,22.873,3.8381,0.71581
2652,22.9419,5.1338,0.60429
2653,23.0108,10.2735,0.8186
2654,23.0797,14.1465,1.14102
2655,23.1486,19.881,1.18707
2656,23.2174,20.4598,1.41535
2657,23.2863,17.2741,1.58451
2658,23.3552,13.6594,1.60228
2659,23.4241,8.1354,1.87229
2660,23.493,7.0128,2.00611
2661,23.5619,6.7495,1.79791
2662,23.6308,8.3044,1.46364
2663,23.6997,6.6568,0.66133
2664,23.7686,6.9874,0.63533
2665,23.8375,4.7446,0.36543
2666,23.9064,4.5738,0.22227
2667,23.9753,4.0044,0.18691
2668,24.0442,3.7615,0.67368
2669,24.1131,5.7251,0.72312
2670,24.182,4.9623,0.51868
2671,24.2509,4.887,0.42214
2672,24.3198,3.7546,0.50919
2673,24.3887,4.3104,0.37198
2674,24.4575,3.6858,0.52091
2675,24.5264,4.5996,0.51377
2676,24.5953,3.5843,0.56911
2677,24.6642,3.7762,0.4979
2678,24.7331,4.33,0.86219
2679,24.802,4.6417,1.17123
2680,24.8709,4.7837,1.32895
2681,24.9398,6.819,0.84819
2682,25.0087,7.1583,1.23468
2683,25.0776,7.8816,1.04855
2684,25.1465,13.3174,1.31954
2685,25.2154,18.1678,1.65467
2686,25.2843,22.3801,2.01892
2687,25.3532,21.4766,2.84908
2688,25.4221,20.8707,3.37877
2689,25.491,17.8375,2.95894
2690,25.5599,14.3552,2.59595
2691,25.6288,9.7796,2.09561
2692,25.6976,10.6498,1.64603
2693,25.7665,10.4801,1.40698
2694,25.8354,9.447,1.49091
2695,25.9043,8.4328,1.47057
2696,25.9732,6.9525,1.30106
2697,26.0421,7.2637,0.67795
2698,26.111,10.8512,1.49024
2699,26.1799,10.5573,1.74275
2700,26.2488,8.9395,1.8822
2701,26.3177,8.8247,2.14227
2702,26.3866,7.5468,1.65475
2703,26.4555,9.4433,0.84493
2704,26.5244,10.3389,0.9082
2705,26.5933,12.0206,1.44144
2706,26.6622,9.7531,1.64741
2707,26.7311,10.7259,1.52691
2708,26.8,8.8687,1.65206
2709,26.8689,7.3711,0.88001
2710,26.9377,8.0679,1.28488
2711,27.0066,6.276,1.43985
2712,27.0755,6.1314,1.56324
2713,27.1444,4.3044,1.15724
2714,27.2133,4.2824,0.84524
2715,27.2822,5.2061,0.82826
2716,27.3511,4.6409,1.08402
2717,27.42,4.4889,0.87424
2718,27.4889,4.9082,1.38038
2719,27.5578,3.8275,1.05804
2720,27.6267,5.0171,1.27714
2721,27.6956,6.7061,1.26882
2722,27.7645,6.5826,1.62733
2723,27.8334,8.8084,1.02207
2724,27.9023,9.6997,1.12346
2725,27.9712,8.6902,1.40506
2726,28.0401,7.8588,1.19137
2727,28.109,8.5128,1.46946
2728,28.1778,8.2198,1.33416
2729,28.2467,7.2036,0.51098
2730,28.3156,8.0898,1.23404
2731,28.3845,8.5873,1.24242
2732,28.4534,8.8835,1.42215
2733,28.5223,9.1152,1.56258
2734,28.5912,10.1666,1.30628
2735,28.6601,11.7406,1.11039
2736,28.729,13.4076,1.36932
2737,28.7979,19.1364,1.72279
2738,28.8668,23.0557,1.79119
2739,28.9357,24.3116,2.17086
2740,29.0046,29.9438,2.9082
2741,29.0735,37.5777,3.29072
2742,29.1424,55.8309,3.04412
2743,29.2113,72.3941,3.11147
2744,29.2802,66.2387,2.96392
2745,29.3491,50.7633,2.49502
2746,29.4179,28.7436,2.28992
2747,29.4868,15.9525,2.02535
2748,29.5557,10.1466,1.65783
2749,29.6246,9.3615,1.84079
2750,29.6935,9.5982,2.03846
2751,29.7624,9.6573,2.33619
2752,29.8313,11.1969,1.68284
2753,29.9002,13.2171,1.24563
2754,29.9691,11.6843,1.6428
2755,30.038,10.4313,2.67757
2756,30.1069,10.4049,2.22272
2757,30.1758,6.9324,2.29952
2758,30.2447,6.5642,2.44488
2759,30.3136,7.392,1.89893
2760,30.3825,6.8645,2.09214
2761,30.4514,9.7827,1.86132
2762,30.5203,11.5475,2.31018
2763,30.5892,13.006,2.14751
2764,30.6581,13.2203,2.91794
2765,30.7269,8.6059,2.07229
2766,30.7958,7.4608,2.2429
2767,30.8647,7.092,1.65532
2768,30.9336,6.4598,1.97282
2769,31.0025,7.0104,2.01187
2770,31.0714,7.1015,1.45016
2771,31.1403,8.7709,1.1648
2772,31.2092,12.4417,1.2601
2773,31.2781,16.8675,1.37342
2774,31.347,21.1286,1.16152
2775,31.4159,21.096,1.0521
2776,31.4848,15.8049,1.38816
2777,31.5537,11.5917,0.90665
2778,31.6226,10.2139,0.81094
2779,31.6915,9.5057,1.32204
2780,31.7604,5.8754,0.96372
2781,31.8293,5.3414,1.10588
2782,31.8982,8.6733,1.10109
2783,31.967,10.2871,1.49032
2784,32.0359,10.1909,1.24454
2785,32.1048,13.1213,1.34782
2786,32.1737,18.1414,1.468
2787,32.2426,24.2337,1.81684
2788,32.3115,27.0511,2.31311
2789,32.3804,29.4952,1.77133
2790,32.4493,28.5985,2.24023
2791,32.5182,29.5542,2.89462
2792,32.5871,23.1089,2.51603
2793,32.656,17.0672,1.9681
2794,32.7249,15.1603,1.66259
2795,32.7938,14.9054,1.43222
2796,32.8627,19.9822,1.4086
2797,32.9316,28.7292,2.07889
2798,33.0005,30.8203,2.31608
2799,33.0694,27.5897,2.36719
2800,33.1383,27.6923,1.89703
2801,33.2071,22.8306,1.94597
2802,33.276,24.3716,1.32845
2803,33.3449,22.0997,1.98375
2804,33.4138,20.6631,1.59287
2805,33.4827,14.2202,2.04285
2806,33.5516,10.2275,2.41834
2807,33.6205,8.1401,1.85462
2808,33.6894,8.529,1.83666
2809,33.7583,11.3492,1.37992
2810,33.8272,9.7923,1.19333
2811,33.8961,10.6197,1.67106
2812,33.965,10.866,1.80156
2813,34.0339,8.7609,1.46737
2814,34.1028,9.2027,1.38228
2815,34.1717,8.7248,1.71462
2816,34.2406,10.0367,1.98121
2817,34.3095,9.2449,1.93468
2818,34.3784,9.4692,2.17317
2819,34.4472,10.7946,2.65232
2820,34.5161,15.4163,1.78083
2821,34.585,15.4488,1.84654
2822,34.6539,14.5516,1.49377
2823,34.7228,10.1856,1.59897
2824,34.7917,8.5358,1.10178
2825,34.8606,6.0182,1.03389
2826,34.9295,7.2841,0.95875
2827,34.9984,5.9439,1.1373
2828,35.0673,6.6987,1.12537
2829,35.1362,6.9327,0.96024
2830,35.2051,8.7746,1.47122
2831,35.274,9.7155,1.14921
2832,35.3429,7.915,0.99121
2833,35.4118,4.9088,0.8816
2834,35.4807,5.0749,0.61964
2835,35.5496,3.233,0.60346
2836,35.6185,4.4592,0.58666
2837,35.6873,3.8757,1.0369
2838,35.7562,4.948,0.79347
2839,35.8251,5.119,0.87721
2840,35.894,4.1338,0.54275
2841,35.9629,4.2849,0.55765
2842,36.0318,3.6897,0.72369
2843,36.1007,4.0129,0.50061
2844,36.1696,4.1936,1.2042
2845,36.2385,5.8119,0.73764
2846,36.3074,6.9874,0.465
2847,36.3763,8.3926,1.07359
2848,36.4452,8.4076,1.42176
2849,36.5141,9.5547,1.47579
2850,36.583,10.0652,1.04675
2851,36.6519,11.8752,0.83115
2852,36.7208,15.9962,0.9039
2853,36.7897,23.8805,1.09791
2854,36.8586,33.4449,1.47435
2855,36.9274,44.3273,2.11302
2856,36.9963,54.9195,2.89666
2857,37.0652,58.6508,3.56356
2858,37.1341,54.3973,4.41965
2859,37.203,39.4943,2.98846
2860,37.2719,31.0397,2.87721
2861,37.3408,23.3017,3.04408
3092,0.0,16.1109,1.51367
3093,0.0689,15.2987,1.56634
3094,0.1378,13.4756,1.86282
3095,0.2067,12.5535,1.5341
3096,0.2756,19.2525,1.42607
3097,0.3445,26.3655,1.62793
3098,0.4134,32.9191,1.40888
3099,0.4823,34.9434,1.50121
3100,0.5512,32.5474,1.35117
3101,0.6201,31.1326,1.26431
3102,0.6889,25.0017,1.54186
3103,0.7578,20.8729,1.57477
3104,0.8267,15.0388,1.52296
3105,0.8956,9.7509,1.55316
3106,0.9645,9.1228,1.08784
3107,1.0334,5.6012,1.19479
3108,1.1023,6.6679,0.84384
3109,1.1712,7.5292,1.06439
3110,1.2401,11.6163,1.1233
3111,1.309,13.0705,1.47381
3112,1.3779,14.2066,1.60161
3113,1.4468,13.9903,1.48803
3114,1.5157,13.4927,1.36328
3115,1.5846,18.4506,1.71929
3116,1.6535,22.7097,2.00596
3117,1.7224,27.6749,1.9204
3118,1.7913,30.6744,1.51621
3119,1.8602,25.388,1.99041
3120,1.929,19.0979,1.74605
3121,1.9979,15.2884,2.21964
3122,2.0668,14.9653,2.40356
3123,2.1357,13.4838,2.16493
3124,2.2046,11.9643,1.78036
3125,2.2735,10.6845,1.63894
3126,2.3424,11.2265,2.36983
3127,2.4113,15.3374,2.09223
3128,2.4802,19.6237,2.09393
3129,2.5491,24.9529,2.32551
3130,2.618,33.2214,2.44081
3131,2.6869,30.2401,2.7562
3132,2.7558,31.4806,1.77592
3133,2.8247,24.4973,1.61337
3134,2.8936,22.8577,1.65109
3135,2.9625,21.0177,1.61061
3136,3.0314,18.4134,1.43328
3137,3.1003,19.5563,1.3825
3138,3.1691,26.7483,0.95812
3139,3.238,29.9117,1.16982
3140,3.3069,35.0688,1.45732
3141,3.3758,34.2617,0.91433
3142,3.4447,30.5641,1.34875
3143,3.5136,26.8265,1.24902
3144,3.5825,22.3854,1.2427
3145,3.6514,17.3052,1.30206
3146,3.7203,16.5455,0.76664
3147,3.7892,15.9685,0.79121
3148,3.8581,11.0737,0.73286
3149,3.927,5.8186,0.89664
3150,3.9959,6.9713,0.62155
3151,4.0648,7.8151,0.48673
3152,4.1337,6.9559,0.58929
3153,4.2026,6.0332,0.7626
3154,4.2715,7.2534,0.69212
3155,4.3404,7.2628,0.66719
3156,4.4092,5.9094,0.66614
3157,4.4781,5.6712,0.91648
3158,4.547,4.5103,0.86349
3159,4.6159,6.3289,1.03111
3160,4.6848,7.4708,1.09658
3161,4.7537,9.1409,1.53262
3162,4.8226,9.7581,1.24752
3163,4.8915,7.8923,0.77321
3164,4.9604,5.1066,1.03041
3165,5.0293,3.6643,1.38222
3166,5.0982,5.641,0.86654
3167,5.1671,8.4,0.61165
3168,5.236,10.703,0.43142
3169,5.3049,11.7255,0.42532
3170,5.3738,10.9022,0.93941
3171,5.4427,9.1953,0.89475
3172,5.5116,10.1643,0.79478
3173,5.5805,10.0425,1.18414
3174,5.6493,8.4791,1.26741
3175,5.7182,8.3647,0.74817
3176,5.7871,7.6104,1.15733
3177,5.856,7.2515,1.63489
3178,5.9249,6.4841,1.67384
3179,5.9938,6.8999,1.32296
3180,6.0627,7.841,1.60918
3181,6.1316,8.7066,1.60685
3182,6.2005,13.3101,1.02712
3183,6.2694,18.0818,1.03942
3184,6.3383,19.8439,1.52576
3185,6.4072,16.869,1.75953
3186,6.4761,17.8432,1.3498
3187,6.545,12.702,1.69958
3188,6.6139,9.7389,1.44063
3189,6.6828,9.7179,0.92222
3190,6.7517,8.7172,0.7142
3191,6.8206,8.1971,0.93773
3192,6.8894,8.3052,0.83825
3193,6.9583,8.9142,1.22165
3194,7.0272,8.0185,1.18175
3195,7.0961,8.609,1.44741
3196,7.165,8.5633,1.15049
3197,7.2339,7.4923,1.2657
3198,7.3028,6.6111,1.0456
3199,7.3717,4.4524,1.02306
3200,7.4406,3.2123,1.16698
3201,7.5095,5.3866,0.88322
3202,7.5784,5.302,1.19164
3203,7.6473,4.2113,0.80524
3204,7.7162,5.5501,0.97337
3205,7.7851,4.6521,1.22199
3206,7.854,4.4337,0.8524
3207,7.9229,5.904,1.23915
3208,7.9918,8.2304,1.29738
3209,8.0607,8.6781,1.41191
3210,8.1296,10.6963,0.77354
3211,8.1984,9.2145,1.0459
3212,8.2673,10.9312,0.98893
3213,8.3362,13.6461,1.18838
3214,8.4051,15.4006,0.93819
3215,8.474,14.1781,0.91114
3216,8.5429,17.0967,1.51423
3217,8.6118,17.8713,0.95752
3218,8.6807,17.0308,1.12847
3219,8.7496,16.5147,0.93758
3220,8.8185,17.0469,1.39875
3221,8.8874,14.8208,1.02342
3222,8.9563,15.6626,0.97616
3223,9.0252,13.878,0.81376
3224,9.0941,13.6269,0.55598
3225,9.163,14.6675,1.0909
3226,9.2319,14.1007,1.34832
3227,9.3008,14.1399,0.66012
3228,9.3697,10.3689,0.35315
3229,9.4385,8.2423,0.49516
3230,9.5074,7.1525,0.50978
3231,9.5763,7.0945,1.12064
3232,9.6452,9.8286,1.25388
3233,9.7141,12.642,1.18977
3234,9.783,13.4376,1.07099
3235,9.8519,10.2372,1.39076
3236,9.9208,10.4471,1.49443
3237,9.9897,12.2892,1.25292
3238,10.0586,13.0197,0.91564
3239,10.1275,19.5951,1.56375
3240,10.1964,22.7229,1.1745
3241,10.2653,20.4396,1.4284
3242,10.3342,22.4854,1.03127
3243,10.4031,20.6149,1.11216
3244,10.472,20.56,1.50892
3245,10.5409,17.5454,1.24601
3246,10.6098,16.3842,1.14851
3247,10.6786,18.2198,0.93266
3248,10.7475,19.1372,0.7735
3249,10.8164,22.6815,1.53315
3250,10.8853,20.4322,1.48701
3251,10.9542,17.1891,1.96355
3252,11.0231,15.3729,1.29062
3253,11.092,18.6932,1.79265
3254,11.1609,24.3605,1.85283
3255,11.2298,27.7836,1.74412
3256,11.2987,28.4148,2.76285
3257,11.3676,24.463,2.81202
3258,11.4365,24.1454,3.286
3259,11.5054,20.969,3.15734
3260,11.5743,17.8357,2.36253
3261,11.6432,16.2668,2.40684
3262,11.7121,15.1559,2.19486
3263,11.781,15.6748,1.91652
3264,11.8499,15.8222,2.16429
3265,11.9187,18.5391,2.09266
3266,11.9876,17.9971,1.82054
3267,12.0565,15.9946,1.68143
3268,12.1254,18.0254,1.7569
3269,12.1943,20.0423,1.66636
3270,12.2632,14.7377,1.53377
3271,12.3321,12.2976,1.55287
3272,12.401,9.0691,1.40107
3273,12.4699,7.4786,1.10828
3274,12.5388,7.1155,1.1852
3275,12.6077,6.4987,0.60427
3276,12.6766,6.2785,0.8664
3277,12.7455,5.819,0.88003
3278,12.8144,5.604,0.98601
3279,12.8833,6.3874,0.80265
3280,12.9522,7.0473,1.40777
3281,13.0211,6.9669,1.25185
3282,13.09,6.2959,1.16035
3283,13.1588,5.7726,1.67391
3284,13.2277,5.2185,1.01501
3285,13.2966,5.386,0.58393
3286,13.3655,4.1935,0.62778
3287,13.4344,4.3299,0.71949
3288,13.5033,4.3812,0.62739
3289,13.5722,3.2701,0.59598
3290,13.6411,3.1439,1.1894
3291,13.71,3.8597,0.82692
3292,13.7789,4.2376,0.92967
3293,13.8478,4.4124,1.22156
3294,13.9167,5.913,1.02774
3295,13.9856,5.7849,1.64123
3296,14.0545,8.6885,1.38994
3297,14.1234,9.7987,1.33009
3298,14.1923,10.3239,2.21819
3299,14.2612,10.1078,2.00707
3300,14.3301,10.9609,1.11087
3301,14.3989,10.6714,1.25579
3302,14.4678,9.1409,1.14293
3303,14.5367,7.6763,1.20942
3304,14.6056,8.7331,1.46211
3305,14.6745,6.3098,1.47222
3306,14.7434,4.9976,1.29154
3307,14.8123,5.6702,1.38062
3308,14.8812,6.7548,0.9726
3309,14.9501,7.5336,1.28101
3310,15.019,6.044,1.15122
3311,15.0879,8.5617,1.51532
3312,15.1568,11.9636,1.07051
3313,15.2257,14.0017,1.13583
3314,15.2946,15.328,1.29891
3315,15.3635,11.8803,1.69018
3316,15.4324,10.0514,2.52515
3317,15.5013,7.1088,1.33181
3318,15.5702,6.6538,1.85976
3319,15.6391,6.2041,1.72208
3320,15.7079,5.9663,1.42786
3321,15.7768,10.6289,2.11774
3322,15.8457,14.5902,2.35018
3323,15.9146,15.1268,1.92663
3324,15.9835,11.4515,1.76634
3325,16.0524,8.4996,1.15575
3326,16.1213,8.7849,0.81568
3327,16.1902,8.1814,0.82001
3328,16.2591,5.8153,0.70388
3329,16.328,4.8271,0.84633
3330,16.3969,3.8581,1.08712
3331,16.4658,4.4896,1.0788
3332,16.5347,3.6188,1.13563
3333,16.6036,4.938,0.91938
3334,16.6725,2.9136,1.14488
3335,16.7414,3.6555,0.81035
3336,16.8103,3.5065,1.10468
3337,16.8792,5.014,1.10188
3338,16.948,5.3045,1.32621
3339,17.0169,5.6953,1.63421
3340,17.0858,7.4097,1.36571
3341,17.1547,8.0596,1.52644
3342,17.2236,8.3099,1.39581
3343,17.2925,13.4127,2.3848
3344,17.3614,14.8889,3.01462
3345,17.4303,17.0363,2.93541
3346,17.4992,14.5408,3.18811
3347,17.5681,11.8379,2.87554
3348,17.637,10.9292,3.38005
3349,17.7059,8.4658,1.6136
3350,17.7748,5.5446,1.31758
3351,17.8437,3.2324,1.30242
3352,17.9126,4.863,0.942
3353,17.9815,3.8724,0.84686
3354,18.0504,5.7808,0.90575
3355,18.1193,8.7445,0.98071
3356,18.1881,8.5607,1.08841
3357,18.257,9.0224,1.46647
3358,18.3259,6.8065,1.53567
3359,18.3948,8.4427,1.76016
3360,18.4637,11.4656,1.8406
3361,18.5326,12.3161,1.6059
3362,18.6015,15.5289,1.17676
3363,18.6704,16.8499,1.14145
3364,18.7393,14.5398,1.88014
3365,18.8082,13.7715,1.84426
3366,18.8771,10.9746,1.72263
3367,18.946,9.0191,1.79445
3368,19.0149,7.3828,2.26552
3369,19.0838,5.2582,2.40826
3370,19.1527,4.8759,1.51527
3371,19.2216,5.9009,1.26846
3372,19.2905,4.859,1.2415
3373,19.3594,4.4322,0.77136
3374,19.4282,7.0632,0.91393
3375,19.4971,8.0713,1.63964
3376,19.566,9.5852,1.59422
3377,19.6349,11.0984,1.59058
3378,19.7038,11.361,1.88487
3379,19.7727,9.0652,1.67419
3380,19.8416,7.9643,1.01472
3381,19.9105,8.9472,1.38219
3382,19.9794,11.7926,1.49972
3383,20.0483,21.422,1.70657
3384,20.1172,29.4121,2.6607
3385,20.1861,39.1204,4.38546
3386,20.255,45.7588,3.12221
3387,20.3239,55.8849,3.06767
3388,20.3928,55.9739,3.11912
3389,20.4617,51.233,2.84004
3390,20.5306,42.208,2.4289
3391,20.5995,34.6937,2.14734
3392,20.6683,26.1202,1.82739
3393,20.7372,26.0072,2.21824
3394,20.8061,27.1812,1.91035
3395,20.875,24.3342,2.04566
3396,20.9439,22.6608,2.14245
3397,21.0128,18.8308,2.72064
3398,21.0817,12.8736,2.14174
3399,21.1506,10.4992,1.69776
3400,21.2195,10.7593,1.6776
3401,21.2884,11.4921,1.52054
3402,21.3573,10.8836,1.62631
3403,21.4262,11.2549,1.53025
3404,21.4951,10.2123,1.42693
3405,21.564,11.4507,1.27889
3406,21.6329,9.9941,1.2505
3407,21.7018,9.902,1.26529
3408,21.7707,8.072,1.59026
3409,21.8396,10.575,1.02364
3410,21.9084,9.8312,1.54291
3411,21.9773,9.4973,1.38149
3412,22.0462,8.4889,1.33209
3413,22.1151,7.2492,1.18276
3414,22.184,5.878,1.72892
3415,22.2529,5.3924,1.56506
3416,22.3218,5.3348,0.90925
3417,22.3907,5.2717,0.89352
3418,22.4596,5.3511,1.17986
3419,22.5285,5.4564,1.28043
3420,22.5974,7.2398,0.88245
3421,22.6663,7.3078,0.95441
3422,22.7352,8.5692,1.2665
3423,22.8041,7.5569,1.76798
3424,22.873,5.4194,1.60288
3425,22.9419,7.4964,0.77632
3426,23.0108,6.3163,1.30466
3427,23.0797,6.0399,1.66748
3428,23.1486,5.5707,1.09941
3429,23.2174,5.1193,1.25947
3430,23.2863,6.3368,1.8656
3431,23.3552,5.9653,1.57606
3432,23.4241,9.1214,1.15001
3433,23.493,13.3276,1.078
3434,23.5619,14.7117,1.22452
3435,23.6308,13.6665,1.39112
3436,23.6997,9.8641,1.07091
3437,23.7686,8.6734,0.88013
3438,23.8375,8.7306,0.50987
3439,23.9064,7.1207,0.56414
3440,23.9753,6.0316,1.06067
3441,24.0442,7.1425,1.32196
3442,24.1131,10.1595,1.56929
3443,24.182,12.3801,1.47176
3444,24.2509,14.1724,1.41174
3445,24.3198,12.2438,1.79188
3446,24.3887,9.582,1.87645
3447,24.4575,8.4123,2.57988
3448,24.5264,11.9656,1.75762
3449,24.5953,12.8059,2.04992
3450,24.6642,14.3894,1.65486
3451,24.7331,13.2692,1.58109
3452,24.802,11.5105,1.2596
3453,24.8709,8.2726,1.36196
3454,24.9398,8.091,1.62203
3455,25.0087,9.5875,1.64906
3456,25.0776,10.5612,1.92914
3457,25.1465,8.7683,1.70183
3458,25.2154,8.3554,2.06488
3459,25.2843,9.0887,1.68285
3460,25.3532,12.0355,1.24176
3461,25.4221,10.1321,1.49212
3462,25.491,9.6704,1.08537
3463,25.5599,8.3703,0.84973
3464,25.6288,5.7513,1.15875
3465,25.6976,6.9113,1.07739
3466,25.7665,5.9454,0.9834
3467,25.8354,6.0747,1.20228
3468,25.9043,6.3838,1.2925
3469,25.9732,5.5641,1.45995
3470,26.0421,5.6725,1.18906
3471,26.111,5.8714,1.56924
3472,26.1799,5.8683,1.16865
3473,26.2488,7.9962,1.78122
3474,26.3177,8.3604,1.08352
3475,26.3866,9.8231,1.56337
3476,26.4555,9.8736,1.56921
3477,26.5244,8.3461,1.38371
3478,26.5933,8.7718,1.94721
3479,26.6622,10.1787,1.77146
3480,26.7311,9.9384,2.05083
3481,26.8,13.0289,1.86541
3482,26.8689,17.2045,1.36324
3483,26.9377,20.6576,2.37587
3484,27.0066,29.3274,2.86558
3485,27.0755,43.0833,2.79695
3486,27.1444,40.196,2.84435
3487,27.2133,27.9013,3.22333
3488,27.2822,18.5128,2.8111
3489,27.3511,13.363,2.43031
3490,27.42,13.2148,1.82173
3491,27.4889,11.7565,2.46152
3492,27.5578,9.4267,2.47936
3493,27.6267,7.6449,2.23346
3494,27.6956,8.0855,1.62337
3495,27.7645,8.092,1.29872
3496,27.8334,7.0589,1.70615
3497,27.9023,8.2172,0.89809
3498,27.9712,7.9795,0.71712
3499,28.0401,6.6955,0.74478
3500,28.109,7.8751,1.20243
3501,28.1778,8.7528,0.90842
3502,28.2467,10.5341,0.90193
3503,28.3156,10.3681,1.1438
3504,28.3845,7.7807,1.54291
3505,28.4534,6.7834,1.51462
3506,28.5223,6.2784,1.36627
3507,28.5912,4.6417,0.91235
3508,28.6601,5.406,1.24808
3509,28.729,5.412,1.35671
3510,28.7979,5.5733,1.1789
3511,28.8668,6.0034,1.25945
3512,28.9357,6.4175,0.75225
3513,29.0046,8.3133,1.14952
3514,29.0735,6.868,1.22849
3515,29.1424,7.3547,1.4298
3516,29.2113,7.91,1.67758
3517,29.2802,12.1265,2.02669
3518,29.3491,13.5492,2.39735
3519,29.4179,14.902,2.54738
3520,29.4868,13.8598,2.43308
3521,29.5557,14.4329,2.45589
3522,29.6246,12.2771,2.38834
3523,29.6935,10.5628,2.61218
3524,29.7624,12.5541,2.57483
3525,29.8313,11.7284,2.6211
3526,29.9002,12.6792,2.46626
3527,29.9691,16.9481,2.48265
3528,30.038,18.2442,2.88168
3529,30.1069,17.6101,2.19822
3530,30.1758,13.0932,1.97021
3531,30.2447,14.9271,1.6701
3532,30.3136,14.1171,1.44396
3533,30.3825,17.524,1.20385
3534,30.4514,21.6711,1.14425
3535,30.5203,18.306,1.70453
3536,30.5892,17.6985,1.63282
3537,30.6581,17.3876,2.48359
3538,30.7269,18.2273,2.12962
3539,30.7958,19.0739,2.13167
3540,30.8647,17.8538,2.03532
3541,30.9336,15.8689,1.16717
3542,31.0025,12.3348,1.2548
3543,31.0714,12.8046,0.8291
3544,31.1403,14.2417,1.05684
3545,31.2092,17.08,1.49461
3546,31.2781,18.5361,1.76174
3547,31.347,16.6848,2.21616
3548,31.4159,13.1621,2.36346
3549,31.4848,9.712,1.76462
3550,31.5537,6.7176,1.38333
3551,31.6226,5.5438,1.19399
3552,31.6915,6.6766,1.20441
3553,31.7604,6.8212,1.36851
3554,31.8293,7.1969,1.52856
3555,31.8982,8.1302,1.74408
3556,31.967,8.0676,2.10821
3557,32.0359,9.3477,2.11227
3558,32.1048,10.7144,2.03459
3559,32.1737,11.6005,2.64445
3560,32.2426,12.5969,2.51277
3561,32.3115,10.5795,2.34848
3562,32.3804,8.651,2.78878
3563,32.4493,7.8964,3.05535
3564,32.5182,7.6165,3.25202
3565,32.5871,8.2567,2.91354
3566,32.656,7.3563,2.39719
3567,32.7249,9.205,2.45952
3568,32.7938,12.2122,2.5237
3569,32.8627,12.9024,2.46781
3570,32.9316,11.6638,2.05192
3571,33.0005,9.7874,1.86087
3572,33.0694,9.2695,2.19459
3573,33.1383,9.7727,2.00865
3574,33.2071,11.0729,2.27764
3575,33.276,12.8366,1.78093
3576,33.3449,10.91,1.77921
3577,33.4138,12.0502,1.2931
3578,33.4827,13.1916,1.65061
3579,33.5516,16.293,1.58871
3580,33.6205,14.9313,2.2112
3581,33.6894,13.5404,2.31302
3582,33.7583,12.5068,3.30318
3583,33.8272,13.0938,3.39273
3584,33.8961,15.1529,3.3583
3585,33.965,17.3747,3.5873
3586,34.0339,19.4201,3.39995
3587,34.1028,22.7757,3.15958
3588,34.1717,18.6217,2.3641
3589,34.2406,16.5464,1.97023
3590,34.3095,7.7459,2.38096
3591,34.3784,7.8635,1.33143
3592,34.4472,6.0093,1.0844
3593,34.5161,4.4983,1.32436
3594,34.585,5.0474,1.71105
3595,34.6539,5.4032,0.77373
3596,34.7228,6.0263,0.39226
3597,34.7917,5.3532,1.0419
3598,34.8606,5.396,1.2955
3599,34.9295,6.6942,1.56366
3600,34.9984,6.6029,1.38736
3601,35.0673,7.2164,0.97111
3602,35.1362,9.3815,1.32989
3603,35.2051,11.2807,1.95359
3604,35.274,12.1796,2.07747
3605,35.3429,17.3926,2.76694
3606,35.4118,18.2297,2.53122
3607,35.4807,16.9957,2.71778
3608,35.5496,11.9266,2.16267
3609,35.6185,9.2297,1.63716
3610,35.6873,9.1495,1.69965
3611,35.7562,7.5515,1.96308
3612,35.8251,6.8688,2.0333
3613,35.894,6.49,0.99928
3614,35.9629,7.5251,1.63318
3615,36.0318,7.185,1.39762
3616,36.1007,6.0365,1.37279
3617,36.1696,7.7428,1.25777
3618,36.2385,6.5076,1.55153
3619,36.3074,4.1997,1.20012
3620,36.3763,5.147,1.01666
3621,36.4452,4.8082,1.31709
3622,36.5141,7.1989,1.99319
3623,36.583,6.509,2.00038
3624,36.6519,6.2617,1.15839
3625,36.7208,6.2798,1.08694
3626,36.7897,4.764,1.37966
3627,36.8586,5.6916,1.62129
3628,36.9274,4.6707,1.04864
3629,36.9963,3.7838,1.31175
3630,37.0652,5.8867,1.15265
3631,37.1341,5.0756,0.53276
3632,37.203,4.5027,1.43102
3633,37.2719,5.2958,1.54292
3634,37.3408,7.3417,1.19264
3635,37.4097,8.3547,1.26662
3636,37.4786,8.1321,1.68176
3637,37.5475,10.8436,1.65974
3638,37.6164,13.1234,1.74837
3639,37.6853,18.8596,2.50044
3640,37.7542,27.6945,2.77391
3641,37.8231,37.0824,3.09817
3642,37.892,44.4924,4.0584
3643,37.9609,61.9341,4.28627
3644,38.0298,71.2483,4.54638
3645,38.0987,76.2563,4.67668
3646,38.1675,64.855,5.23603
3647,38.2364,43.1595,4.57786
3648,38.3053,24.3449,3.70296
3649,38.3742,20.3694,2.54851
3650,38.4431,16.0258,2.24267
3651,38.512,13.3464,2.03386
3652,38.5809,11.8827,1.6064
3653,38.6498,12.6193,1.56816
3654,38.7187,11.4983,1.70519
3655,38.7876,9.2935,1.73464
3656,38.8565,10.8609,2.27606
3657,38.9254,8.2706,2.21384
3658,38.9943,7.8709,1.96028
3659,39.0632,10.5237,1.0508
3660,39.1321,12.0248,1.50507
3661,39.201,13.7679,1.93166
3662,39.2699,13.1183,1.94183
3663,39.3388,13.3275,1.74413
3664,39.4076,8.4927,1.175
3665,39.4765,8.6323,0.86284
3666,39.5454,9.0146,1.31611
3667,39.6143,11.3174,1.53736
3668,39.6832,13.8791,1.91311
3669,39.7521,12.9133,1.30486
3670,39.821,8.7947,1.21617
3671,39.8899,8.0886,1.2354
3672,39.9588,5.5431,1.74922
3673,40.0277,7.7453,1.86257
3674,40.0966,10.9553,1.61988
3675,40.1655,13.2023,1.21852
3676,40.2344,14.3937,1.52541
3677,40.3033,13.4272,1.24058
3678,40.3722,10.6392,1.12832
3679,40.4411,7.858,1.63192
3680,40.51,7.7435,1.81668
3681,40.5789,7.956,2.87064
3682,40.6478,7.5797,2.03415
3683,40.7166,9.405,2.16397
3684,40.7855,16.5778,1.83446
3685,40.8544,17.1127,1.38027
3686,40.9233,14.7596,1.4036
3687,40.9922,9.923,1.00378
3688,41.0611,8.227,1.40817
3689,41.13,7.8179,1.32196
3690,41.1989,9.6214,1.71495
3691,41.2678,12.8393,1.541
3692,41.3367,13.2924,1.38135
3693,41.4056,13.3975,1.6274
3694,41.4745,11.6872,1.46963
3695,41.5434,10.7179,1.801
3696,41.6123,9.0106,2.16699
3697,41.6812,7.6782,1.95437
3698,41.7501,8.3693,1.32089
3699,41.819,8.2561,1.12689
3700,41.8879,10.4635,0.89347
3701,41.9567,10.1854,1.23074
3702,42.0256,9.141,1.50796
3703,42.0945,7.7588,1.26286
3704,42.1634,6.576,1.17108
3705,42.2323,5.899,0.91874
3706,42.3012,7.4348,0.5665
3707,42.3701,7.4088,1.29158
3708,42.439,7.7755,1.69968
3709,42.5079,7.2597,1.11584
3710,42.5768,7.7743,1.04631
3711,42.6457,10.179,1.34058
3712,42.7146,14.6144,1.09993
3713,42.7835,15.1383,1.09315
3714,42.8524,16.1845,1.30573
3715,42.9213,17.2799,1.23761
3716,42.9902,17.7824,1.2912
3717,43.0591,14.4206,1.05283
3718,43.128,16.4587,1.74646
3719,43.1968,17.398,1.85418
3720,43.2657,15.8786,1.73977
3721,43.3346,13.9141,2.42577
3722,43.4035,11.5198,2.31941
3723,43.4724,9.992,2.0801
3724,43.5413,7.6501,2.08845
3725,43.6102,10.8371,2.48632
3726,43.6791,11.7397,2.08285
3727,43.748,12.0416,1.8961
3728,43.8169,12.7661,2.3409
3729,43.8858,14.9796,2.42904
3730,43.9547,14.8619,2.57531
3731,44.0236,13.9435,3.02992
3732,44.0925,14.7246,3.47843
3733,44.1614,16.8095,3.94218
3734,44.2303,24.5724,2.98751
3735,44.2992,28.4332,2.62005
3736,44.3681,34.1521,2.27285
3737,44.437,31.2913,2.52816
3738,44.5058,30.2386,2.20734
3739,44.5747,25.5664,1.74039
3740,44.6436,23.9849,2.23724
3741,44.7125,21.3824,2.15491
3742,44.7814,18.7036,2.01587
3743,44.8503,18.7873,2.01307
3744,44.9192,17.8647,2.47438
3745,44.9881,18.4623,2.57768
3746,45.057,23.4405,2.84573
3747,45.1259,23.8657,2.2749
3748,45.1948,19.2627,2.51623
3749,45.2637,17.5528,2.47132
3750,45.3326,12.5715,1.87949
3751,45.4015,11.6823,2.45319
3752,45.4704,10.9082,2.04947
3753,45.5393,10.4485,1.97527
3754,45.6082,12.7744,1.8916
3755,45.6771,11.4457,1.39753
3756,45.7459,12.1795,1.58196
3757,45.8148,13.3926,1.90002
3758,45.8837,15.6479,2.61217
3759,45.9526,17.4632,2.65861
3760,46.0215,18.016,1.74638
3761,46.0904,14.8539,1.9396
3762,46.1593,12.3053,1.45067
3763,46.2282,13.0195,1.74802
3764,46.2971,8.8684,1.87372
3765,46.366,9.3347,1.86987
3766,46.4349,7.8322,1.69033
3767,46.5038,10.0081,1.5953
3768,46.5727,11.8912,1.75643
3769,46.6416,14.1372,1.96125
3770,46.7105,18.6811,2.36095
3771,46.7794,19.8922,2.32759
3772,46.8483,21.4205,2.75497
3773,46.9172,22.0515,2.32948
3774,46.986,22.0767,2.57016
3775,47.0549,16.768,2.47407
3776,47.1238,14.9261,2.8912
3777,47.1927,16.8176,3.0603
3778,47.2616,18.445,3.10533
3779,47.3305,22.0947,2.45899
3780,47.3994,26.0517,2.8939
3781,47.4683,27.0341,2.66593
3782,47.5372,21.851,2.5113
3783,47.6061,16.2948,1.72916
3784,47.675,12.9219,1.29265
3785,47.7439,11.4746,1.30101
3786,47.8128,10.7783,1.71666
3787,47.8817,9.8945,0.98539
3788,47.9506,10.1522,1.40353
3789,48.0195,10.9705,1.50618
3790,48.0884,16.0373,1.28552
3791,48.1573,21.5006,1.38342
3792,48.2261,20.8617,2.00716
3793,48.295,19.454,2.20783
3794,48.3639,12.2982,1.91079
3795,48.4328,8.3608,1.66531
3796,48.5017,6.4655,1.35789
3797,48.5706,5.5426,1.25478
3798,48.6395,7.1029,1.29115
3799,48.7084,8.2019,0.9134
3800,48.7773,12.1344,0.7109
3801,48.8462,14.629,1.53629
3802,48.9151,19.0863,1.48365
3803,48.984,18.2551,1.19699
3804,49.0529,16.1015,0.9564
3805,49.1218,17.7486,1.42344
3806,49.1907,21.0487,1.59842
3807,49.2596,26.4307,1.91681
3808,49.3285,30.5363,2.684
3809,49.3974,35.6388,2.58934
3810,49.4662,38.0803,3.34023
3811,49.5351,33.035,3.89409
3812,49.604,29.1381,4.07848
3813,49.6729,20.2742,3.56097
3814,49.7418,14.6314,3.62966
3815,49.8107,17.2673,2.92352
3816,49.8796,17.3454,2.67008
3817,49.9485,16.9753,2.30336
3818,50.0174,14.845,1.52535
3819,50.0863,12.1831,1.58144
3820,50.1552,8.6247,1.54273
3821,50.2241,7.113,1.29693
3822,50.293,6.7109,1.32037
3823,50.3619,6.2704,1.29523
3824,50.4308,6.6386,1.46788
3825,50.4997,6.1062,1.52582
3826,50.5686,5.7385,1.56827
3827,50.6375,6.556,2.09683
3828,50.7063,7.4314,1.86289
3829,50.7752,8.2967,1.84972
3830,50.8441,8.4978,2.00255
3831,50.913,8.4381,1.65755
3832,50.9819,7.0377,1.48056
3833,51.0508,5.7301,1.49519
3834,51.1197,6.2265,1.25862
3835,51.1886,5.8627,1.0337
3836,51.2575,5.29,1.17366
3837,51.3264,6.647,1.3468
3838,51.3953,9.1775,1.0722
3839,51.4642,7.6547,1.35487
3840,51.5331,9.1496,1.69159
3841,51.602,11.8044,2.46241
3842,51.6709,13.8242,2.29695
3843,51.7398,14.9987,1.86314
3844,51.8087,14.7506,1.29335
3845,51.8776,10.7019,1.77006
3846,51.9464,8.2006,1.5558
3847,52.0153,7.4499,1.23317
3848,52.0842,6.5502,1.08195
3849,52.1531,7.5927,1.09304
3850,52.222,7.5213,1.12546
3851,52.2909,7.5699,1.1585
3852,52.3598,9.5033,1.07091
3853,52.4287,8.4675,1.06578
3854,52.4976,10.0909,0.82364
3855,52.5665,13.4682,1.30353
3856,52.6354,12.3023,1.30321
3857,52.7043,11.9808,1.74869
3858,52.7732,10.118,2.13771
3859,52.8421,12.4782,1.4643
3860,52.911,16.6198,1.57256
3861,52.9799,20.4685,2.17501
3862,53.0488,24.4131,1.78207
3863,53.1177,30.3157,2.58412
3864,53.1866,30.9809,2.29767
